apk,path,type,extension,compressed_size,uncompressed_size,compression,crc32
base.apk,AndroidManifest.xml,android_binary_xml_or_arsc,.xml,6043,28520,deflate,d9a6dd26
base.apk,DebugProbesKt.bin,other,.bin,782,1738,deflate,d5ac4dc2
base.apk,META-INF/androidx.activity_activity.version,signature_meta,.version,6,6,stored,d815f7b4
base.apk,META-INF/androidx.annotation_annotation-experimental.version,signature_meta,.version,6,6,stored,721c3f3f
base.apk,META-INF/androidx.appcompat_appcompat-resources.version,signature_meta,.version,6,6,stored,c10ec6f5
base.apk,META-INF/androidx.appcompat_appcompat.version,signature_meta,.version,6,6,stored,c10ec6f5
base.apk,META-INF/androidx.arch.core_core-runtime.version,signature_meta,.version,6,6,stored,c356bda3
base.apk,META-INF/androidx.browser_browser.version,signature_meta,.version,6,6,stored,38ca8087
base.apk,META-INF/androidx.core_core-ktx.version,signature_meta,.version,6,6,stored,8076e7e2
base.apk,META-INF/androidx.core_core.version,signature_meta,.version,6,6,stored,8076e7e2
base.apk,META-INF/androidx.cursoradapter_cursoradapter.version,signature_meta,.version,6,6,stored,fd7ea868
base.apk,META-INF/androidx.customview_customview.version,signature_meta,.version,6,6,stored,fd7ea868
base.apk,META-INF/androidx.documentfile_documentfile.version,signature_meta,.version,6,6,stored,fd7ea868
base.apk,META-INF/androidx.drawerlayout_drawerlayout.version,signature_meta,.version,6,6,stored,fd7ea868
base.apk,META-INF/androidx.emoji2_emoji2-views-helper.version,signature_meta,.version,6,6,stored,577760e3
base.apk,META-INF/androidx.emoji2_emoji2.version,signature_meta,.version,6,6,stored,577760e3
base.apk,META-INF/androidx.fragment_fragment.version,signature_meta,.version,6,6,stored,b991a000
base.apk,META-INF/androidx.interpolator_interpolator.version,signature_meta,.version,6,6,stored,fd7ea868
base.apk,META-INF/androidx.legacy_legacy-support-core-utils.version,signature_meta,.version,6,6,stored,fd7ea868
base.apk,META-INF/androidx.lifecycle_lifecycle-livedata-core.version,signature_meta,.version,6,6,stored,552f1bb5
base.apk,META-INF/androidx.lifecycle_lifecycle-livedata.version,signature_meta,.version,6,6,stored,7beadac6
base.apk,META-INF/androidx.lifecycle_lifecycle-process.version,signature_meta,.version,6,6,stored,552f1bb5
base.apk,META-INF/androidx.lifecycle_lifecycle-runtime.version,signature_meta,.version,6,6,stored,552f1bb5
base.apk,META-INF/androidx.lifecycle_lifecycle-viewmodel-savedstate.version,signature_meta,.version,6,6,stored,552f1bb5
base.apk,META-INF/androidx.lifecycle_lifecycle-viewmodel.version,signature_meta,.version,6,6,stored,552f1bb5
base.apk,META-INF/androidx.loader_loader.version,signature_meta,.version,6,6,stored,fd7ea868
base.apk,META-INF/androidx.localbroadcastmanager_localbroadcastmanager.version,signature_meta,.version,6,6,stored,fd7ea868
base.apk,META-INF/androidx.print_print.version,signature_meta,.version,6,6,stored,fd7ea868
base.apk,META-INF/androidx.privacysandbox.ads_ads-adservices-java.version,signature_meta,.version,13,13,stored,18501e63
base.apk,META-INF/androidx.privacysandbox.ads_ads-adservices.version,signature_meta,.version,13,13,stored,18501e63
base.apk,META-INF/androidx.savedstate_savedstate.version,signature_meta,.version,6,6,stored,577760e3
base.apk,META-INF/androidx.startup_startup-runtime.version,signature_meta,.version,6,6,stored,577760e3
base.apk,META-INF/androidx.tracing_tracing.version,signature_meta,.version,6,6,stored,fd7ea868
base.apk,META-INF/androidx.vectordrawable_vectordrawable-animated.version,signature_meta,.version,6,6,stored,45c2cf0d
base.apk,META-INF/androidx.vectordrawable_vectordrawable.version,signature_meta,.version,6,6,stored,45c2cf0d
base.apk,META-INF/androidx.versionedparcelable_versionedparcelable.version,signature_meta,.version,6,6,stored,5cd9fe4c
base.apk,META-INF/androidx.viewpager_viewpager.version,signature_meta,.version,6,6,stored,fd7ea868
base.apk,META-INF/com/android/build/gradle/app-metadata.properties,signature_meta,.properties,52,56,deflate,d1f06b7f
base.apk,META-INF/com.android.games.engine.build_fingerprint,signature_meta,.build_fingerprint,68,68,stored,26affb0f
base.apk,META-INF/com.google.play.common.version,signature_meta,.version,6,6,stored,21d1b1c6
base.apk,META-INF/com.google.play.core.version,signature_meta,.version,6,6,stored,21d1b1c6
base.apk,META-INF/com.google.play.integrity.version,signature_meta,.version,8,8,stored,09790c12
base.apk,META-INF/kotlinx_coroutines_android.version,signature_meta,.version,5,5,stored,8f7d2509
base.apk,META-INF/kotlinx_coroutines_core.version,signature_meta,.version,5,5,stored,8f7d2509
base.apk,META-INF/kotlinx_coroutines_play_services.version,signature_meta,.version,5,5,stored,8f7d2509
base.apk,META-INF/services/f0.b,signature_meta,.b,6,6,stored,908ba572
base.apk,META-INF/services/i4.d0,signature_meta,.d0,6,6,stored,12c9c3c9
base.apk,META-INF/services/n4.v,signature_meta,.v,6,6,stored,108f7d90
base.apk,assets/Audio/GeneratedSoundBanks/ProjectInfo.xml,wwise_audio_meta,.xml,571,1186,deflate,e2fe118b
base.apk,assets/Audio/GeneratedSoundBanks/Wwise_IDs.h,wwise_audio_meta,.h,136968,936204,deflate,0c4ef7b0
base.apk,assets/SakashoServerConfig,asset_other,(none),49,55,deflate,b19207b6
base.apk,assets/UdemaeRestoreList.encrypt_encoded.bytes,asset_other,.bytes,146480,146480,stored,347432bd
base.apk,assets/_nabe_/002e79e5-d64d19bf.zst,nabe_zstd_asset,.zst,418,418,stored,64d511d2
base.apk,assets/_nabe_/005b164a-d49cc3ba.zst,nabe_zstd_asset,.zst,2728,2728,stored,a082ac72
base.apk,assets/_nabe_/008140aa-6b5d7bb5.zst,nabe_zstd_asset,.zst,90127,90127,stored,6a296784
base.apk,assets/_nabe_/008b1b5f-647f1b1f.zst,nabe_zstd_asset,.zst,99759,100022,deflate,91d24257
base.apk,assets/_nabe_/00edf6b6-bb27e908.zst,nabe_zstd_asset,.zst,4359,4359,stored,6fab1ec8
base.apk,assets/_nabe_/011b4cee-49141db9.zst,nabe_zstd_asset,.zst,683,683,stored,5ad0e850
base.apk,assets/_nabe_/0124a24d-68343a32.zst,nabe_zstd_asset,.zst,3889,3889,stored,ed62baa5
base.apk,assets/_nabe_/01a39eb6-5431e594.zst,nabe_zstd_asset,.zst,251,251,stored,190f623a
base.apk,assets/_nabe_/0273f151-4b89b5e1.zst,nabe_zstd_asset,.zst,12060,12060,stored,dae681da
base.apk,assets/_nabe_/02c0359a-a51f2e6f.zst,nabe_zstd_asset,.zst,33816,33816,stored,4237d7e6
base.apk,assets/_nabe_/03614319-58895b47.zst,nabe_zstd_asset,.zst,630351,630351,stored,36469101
base.apk,assets/_nabe_/036b7c81-1d0c123e.zst,nabe_zstd_asset,.zst,17271,17271,stored,7110e3a2
base.apk,assets/_nabe_/0483f674-a4201f4d.zst,nabe_zstd_asset,.zst,62833,62833,stored,5f3e5e00
base.apk,assets/_nabe_/04af1994-2252ee07.zst,nabe_zstd_asset,.zst,1775,1775,stored,b5b126fe
base.apk,assets/_nabe_/05348502-db6637e7.zst,nabe_zstd_asset,.zst,20326,20326,stored,e76d9c90
base.apk,assets/_nabe_/05fe1ad3-61f16d61.zst,nabe_zstd_asset,.zst,44227,44227,stored,c40e1db9
base.apk,assets/_nabe_/06e36c50-44b1676d.zst,nabe_zstd_asset,.zst,568,568,stored,3517dec0
base.apk,assets/_nabe_/07c7df22-402df2c9.zst,nabe_zstd_asset,.zst,205,205,stored,35455ca9
base.apk,assets/_nabe_/09a13c2b-3e24fdba.zst,nabe_zstd_asset,.zst,955,955,stored,61b16c1b
base.apk,assets/_nabe_/0a7dd002-538f1bb2.zst,nabe_zstd_asset,.zst,99407,99625,deflate,09c14f59
base.apk,assets/_nabe_/0a8ef01e-6d22c315.zst,nabe_zstd_asset,.zst,9309,9309,stored,3c31af50
base.apk,assets/_nabe_/0aea8342-50dca557.zst,nabe_zstd_asset,.zst,682,682,stored,d494528c
base.apk,assets/_nabe_/0bb8f15d-96e38535.zst,nabe_zstd_asset,.zst,22240,22240,stored,9427a877
base.apk,assets/_nabe_/0bd78150-11ec21ee.zst,nabe_zstd_asset,.zst,436,436,stored,617761e5
base.apk,assets/_nabe_/0bfdcb9a-0ad34c95.zst,nabe_zstd_asset,.zst,782,782,stored,75e3b54c
base.apk,assets/_nabe_/0c44ed34-90323635.zst,nabe_zstd_asset,.zst,161344,161344,stored,4f3c9912
base.apk,assets/_nabe_/0cd7d127-4c13f6be.zst,nabe_zstd_asset,.zst,58167,58167,stored,184afd2c
base.apk,assets/_nabe_/0de19966-d548f005.zst,nabe_zstd_asset,.zst,570460,570460,stored,2feed647
base.apk,assets/_nabe_/0e59ea66-ebff66db.zst,nabe_zstd_asset,.zst,1071,1071,stored,5928005c
base.apk,assets/_nabe_/0e6965bd-e70740d0.zst,nabe_zstd_asset,.zst,1079,1079,stored,968e6070
base.apk,assets/_nabe_/0e755e01-00a0c705.zst,nabe_zstd_asset,.zst,29454,29454,stored,7a5df554
base.apk,assets/_nabe_/0ea2858d-0964ee5d.zst,nabe_zstd_asset,.zst,4017,4017,stored,e0bfb59e
base.apk,assets/_nabe_/0ead5e97-a8c5ea91.zst,nabe_zstd_asset,.zst,260,260,stored,4cb2fe1a
base.apk,assets/_nabe_/0eb3cb9e-f18bd7a4.zst,nabe_zstd_asset,.zst,3286,3286,stored,fea45a6c
base.apk,assets/_nabe_/0f342647-5b1dabe7.zst,nabe_zstd_asset,.zst,381,381,stored,fb5869b3
base.apk,assets/_nabe_/0f8af36a-9463bcd0.zst,nabe_zstd_asset,.zst,30336,30336,stored,8e35c284
base.apk,assets/_nabe_/0fd713f9-a20b546e.zst,nabe_zstd_asset,.zst,32175,32175,stored,b73de3ed
base.apk,assets/_nabe_/103965d1-c8160ccb.zst,nabe_zstd_asset,.zst,250,250,stored,0989c170
base.apk,assets/_nabe_/1072b778-89a27419.zst,nabe_zstd_asset,.zst,111311,111571,deflate,23eb939a
base.apk,assets/_nabe_/10b6398c-797e758c.zst,nabe_zstd_asset,.zst,915,915,stored,0202a7a5
base.apk,assets/_nabe_/10e83a56-02ce2335.zst,nabe_zstd_asset,.zst,3057,3057,stored,e7b84658
base.apk,assets/_nabe_/110154f0-52bd9381.zst,nabe_zstd_asset,.zst,752,752,stored,1cc07263
base.apk,assets/_nabe_/115f2f90-08f0a795.zst,nabe_zstd_asset,.zst,4617,4617,stored,346be6bb
base.apk,assets/_nabe_/1197ea9d-2ceafe6a.zst,nabe_zstd_asset,.zst,12008,12008,stored,f5b17439
base.apk,assets/_nabe_/12144322-30a9bdd4.zst,nabe_zstd_asset,.zst,53750,53750,stored,b38f2007
base.apk,assets/_nabe_/12622068-6c9790ab.zst,nabe_zstd_asset,.zst,34655,34655,stored,d24af0ff
base.apk,assets/_nabe_/1316fcdc-30c76ba1.zst,nabe_zstd_asset,.zst,241,241,stored,38a4a072
base.apk,assets/_nabe_/13856104-c756261a.zst,nabe_zstd_asset,.zst,708,708,stored,45c774ea
base.apk,assets/_nabe_/1427b314-5e1315ba.zst,nabe_zstd_asset,.zst,963,963,stored,ff72d44f
base.apk,assets/_nabe_/14316f31-18aa3135.zst,nabe_zstd_asset,.zst,137,137,stored,c162cad3
base.apk,assets/_nabe_/1435f80b-b82d8a7b.zst,nabe_zstd_asset,.zst,44397,44397,stored,bcd9b74b
base.apk,assets/_nabe_/14ac6689-0d2cec02.zst,nabe_zstd_asset,.zst,6893,6893,stored,52c0e39d
base.apk,assets/_nabe_/14eeb0b4-d3e4f503.zst,nabe_zstd_asset,.zst,300014,300014,stored,e3ce7926
base.apk,assets/_nabe_/15b65a65-0242f4ad.zst,nabe_zstd_asset,.zst,28289,28289,stored,11dbacff
base.apk,assets/_nabe_/15c970ea-ba8413fe.zst,nabe_zstd_asset,.zst,158579,158579,stored,043ea95f
base.apk,assets/_nabe_/163055c4-a3a77d32.zst,nabe_zstd_asset,.zst,43189,43189,stored,f9f0e102
base.apk,assets/_nabe_/16952777-c7ffd6ec.zst,nabe_zstd_asset,.zst,19672,19672,stored,92198729
base.apk,assets/_nabe_/17791989-599dee1a.zst,nabe_zstd_asset,.zst,224,224,stored,507fa5e9
base.apk,assets/_nabe_/17e23f88-2bf9486d.zst,nabe_zstd_asset,.zst,38769,38774,deflate,3f04bb48
base.apk,assets/_nabe_/17fd19d3-e761ea73.zst,nabe_zstd_asset,.zst,228,228,stored,ce8bfb82
base.apk,assets/_nabe_/185a73f7-40536c5b.zst,nabe_zstd_asset,.zst,1062,1062,stored,757b513e
base.apk,assets/_nabe_/185fd5a0-993bdd86.zst,nabe_zstd_asset,.zst,11019,11019,stored,bac7fe24
base.apk,assets/_nabe_/18cf483b-3d9bb77b.zst,nabe_zstd_asset,.zst,9485,9485,stored,c4cb8593
base.apk,assets/_nabe_/196685e3-fccddab5.zst,nabe_zstd_asset,.zst,701,701,stored,6837a546
base.apk,assets/_nabe_/19a876f2-d8a4dc51.zst,nabe_zstd_asset,.zst,30830,30830,stored,c3cffdfc
base.apk,assets/_nabe_/1a742719-24bc51ec.zst,nabe_zstd_asset,.zst,2539,2539,stored,ca1ab4c3
base.apk,assets/_nabe_/1b1a8d46-7010482f.zst,nabe_zstd_asset,.zst,334,334,stored,87929bf8
base.apk,assets/_nabe_/1b847271-87926c60.zst,nabe_zstd_asset,.zst,325985,325985,stored,17c31170
base.apk,assets/_nabe_/1b878269-3d30b5d7.zst,nabe_zstd_asset,.zst,557,557,stored,a0535efb
base.apk,assets/_nabe_/1bc399d3-2a6ad810.zst,nabe_zstd_asset,.zst,1047,1047,stored,ef7aec11
base.apk,assets/_nabe_/1c951f3a-a660d4c7.zst,nabe_zstd_asset,.zst,10494,10494,stored,dc08347c
base.apk,assets/_nabe_/1d0e4f6c-48f992ac.zst,nabe_zstd_asset,.zst,7874,7874,stored,d8670a0a
base.apk,assets/_nabe_/1d22783e-ce8dd130.zst,nabe_zstd_asset,.zst,62,62,stored,e5441238
base.apk,assets/_nabe_/1d4f93da-8948af13.zst,nabe_zstd_asset,.zst,7012,7012,stored,c43fa830
base.apk,assets/_nabe_/1d608fed-5f0f1fd7.zst,nabe_zstd_asset,.zst,82,82,stored,f2fddf0e
base.apk,assets/_nabe_/1e64cdbf-8272f863.zst,nabe_zstd_asset,.zst,224,224,stored,4a2b367b
base.apk,assets/_nabe_/1f0dfc53-f0449b8d.zst,nabe_zstd_asset,.zst,290,290,stored,74a4150f
base.apk,assets/_nabe_/1f2f103a-73641467.zst,nabe_zstd_asset,.zst,424451,424451,stored,d295d3f4
base.apk,assets/_nabe_/1fcf9020-e3996d83.zst,nabe_zstd_asset,.zst,502,502,stored,c6f47a2a
base.apk,assets/_nabe_/20f17045-4e0a8880.zst,nabe_zstd_asset,.zst,58542,58542,stored,6ed153c7
base.apk,assets/_nabe_/20f2b161-3ec4ad1d.zst,nabe_zstd_asset,.zst,659,659,stored,b3fdf722
base.apk,assets/_nabe_/214fb1ef-9378b22f.zst,nabe_zstd_asset,.zst,22438,22438,stored,51ad428c
base.apk,assets/_nabe_/21b22d56-5ae26eea.zst,nabe_zstd_asset,.zst,1815,1815,stored,8c0fdab0
base.apk,assets/_nabe_/21bdb43c-7efaf21d.zst,nabe_zstd_asset,.zst,17318290,17318290,stored,97f09c8f
base.apk,assets/_nabe_/21ee64cd-d7f06002.zst,nabe_zstd_asset,.zst,6254,6254,stored,44d74977
base.apk,assets/_nabe_/222a967e-ac2b6f7a.zst,nabe_zstd_asset,.zst,23977,23977,stored,d77f0b57
base.apk,assets/_nabe_/22c2b0e5-e70cfa2a.zst,nabe_zstd_asset,.zst,43241,43241,stored,675ecac5
base.apk,assets/_nabe_/22f29d35-c3106c50.zst,nabe_zstd_asset,.zst,2081,2081,stored,03b255a9
base.apk,assets/_nabe_/24356314-46998c83.zst,nabe_zstd_asset,.zst,14423,14423,stored,5ee05bf9
base.apk,assets/_nabe_/24ed886d-3dd9c68d.zst,nabe_zstd_asset,.zst,22042,22042,stored,e387301a
base.apk,assets/_nabe_/25a359bd-64a94f54.zst,nabe_zstd_asset,.zst,482,482,stored,df0a279f
base.apk,assets/_nabe_/25c8e1f6-4a036c4d.zst,nabe_zstd_asset,.zst,250,250,stored,55040a12
base.apk,assets/_nabe_/261a788d-a51d67ee.zst,nabe_zstd_asset,.zst,65404,65404,stored,062f6e8d
base.apk,assets/_nabe_/2656cb6d-6da2edd9.zst,nabe_zstd_asset,.zst,1486,1486,stored,8d52c2cf
base.apk,assets/_nabe_/26624eeb-f8ecb53b.zst,nabe_zstd_asset,.zst,1687129,1688972,deflate,d0e64412
base.apk,assets/_nabe_/26f8e2d2-6517dc0f.zst,nabe_zstd_asset,.zst,28171,28171,stored,bfeff2e0
base.apk,assets/_nabe_/2805e1cc-10647ce9.zst,nabe_zstd_asset,.zst,884,884,stored,b77432f3
base.apk,assets/_nabe_/28340725-19ed453f.zst,nabe_zstd_asset,.zst,4546,4546,stored,dcc94491
base.apk,assets/_nabe_/2881ded6-11c29e22.zst,nabe_zstd_asset,.zst,803,803,stored,242f1c7f
base.apk,assets/_nabe_/29a590d5-3d3b4b5d.zst,nabe_zstd_asset,.zst,479,479,stored,e62e0805
base.apk,assets/_nabe_/29a824fc-b900c40d.zst,nabe_zstd_asset,.zst,21154,21154,stored,418ddc7e
base.apk,assets/_nabe_/29d56152-abb391ed.zst,nabe_zstd_asset,.zst,185,185,stored,ec5006c0
base.apk,assets/_nabe_/2a6617bb-f71e45ab.zst,nabe_zstd_asset,.zst,359,359,stored,68a6caea
base.apk,assets/_nabe_/2aa30f72-b4899848.zst,nabe_zstd_asset,.zst,2485,2485,stored,e07ccca6
base.apk,assets/_nabe_/2b0df89f-0343055d.zst,nabe_zstd_asset,.zst,33464,33464,stored,2f4f7075
base.apk,assets/_nabe_/2b4ab878-8beeca0f.zst,nabe_zstd_asset,.zst,879,879,stored,11e0ebc1
base.apk,assets/_nabe_/2b8ccce3-dc3e3e9d.zst,nabe_zstd_asset,.zst,1472,1472,stored,7cee38b7
base.apk,assets/_nabe_/2bc65670-04bfb7ea.zst,nabe_zstd_asset,.zst,229,229,stored,f5dfc7d3
base.apk,assets/_nabe_/2c0db720-b871543c.zst,nabe_zstd_asset,.zst,1588,1588,stored,fe4c3760
base.apk,assets/_nabe_/2c13d6a7-8091c2a8.zst,nabe_zstd_asset,.zst,37586,37586,stored,46012c63
base.apk,assets/_nabe_/2c3d9ee1-8de236be.zst,nabe_zstd_asset,.zst,2190,2190,stored,d63929c5
base.apk,assets/_nabe_/2c6ff0c0-a142e0fa.zst,nabe_zstd_asset,.zst,33405,33405,stored,2a1d3413
base.apk,assets/_nabe_/2cb87b1b-9fadc2f2.zst,nabe_zstd_asset,.zst,233,233,stored,30ed93df
base.apk,assets/_nabe_/2cc3d43f-468c5ae1.zst,nabe_zstd_asset,.zst,20351,20351,stored,11802dd5
base.apk,assets/_nabe_/2d02405e-ac92778a.zst,nabe_zstd_asset,.zst,109974,110144,deflate,796ab980
base.apk,assets/_nabe_/2df57d41-11133d12.zst,nabe_zstd_asset,.zst,110806,111011,deflate,c21d98c7
base.apk,assets/_nabe_/2dfc2cec-a723a851.zst,nabe_zstd_asset,.zst,1347,1347,stored,af711661
base.apk,assets/_nabe_/2e3002e8-84b57187.zst,nabe_zstd_asset,.zst,54340,54340,stored,3d16b211
base.apk,assets/_nabe_/2e4cc33c-c88a9569.zst,nabe_zstd_asset,.zst,5943,5943,stored,d361b340
base.apk,assets/_nabe_/2e570628-028597fb.zst,nabe_zstd_asset,.zst,99382,99671,deflate,21a7b6b9
base.apk,assets/_nabe_/2e905c4a-cbe8325f.zst,nabe_zstd_asset,.zst,110238,110410,deflate,3c4847dc
base.apk,assets/_nabe_/2eabfd9a-2b328743.zst,nabe_zstd_asset,.zst,1274620,1274982,deflate,79cf6b1d
base.apk,assets/_nabe_/306f24f8-b9bf7841.zst,nabe_zstd_asset,.zst,5738,5738,stored,e6ff84a5
base.apk,assets/_nabe_/30ba4411-f2f359df.zst,nabe_zstd_asset,.zst,22939,22939,stored,388cbf31
base.apk,assets/_nabe_/3195d64c-b55feb67.zst,nabe_zstd_asset,.zst,1655,1655,stored,50f65f62
base.apk,assets/_nabe_/31cee3d5-34822ca1.zst,nabe_zstd_asset,.zst,14844,14844,stored,26923423
base.apk,assets/_nabe_/31f74579-44befa90.zst,nabe_zstd_asset,.zst,2659,2659,stored,af8f78ed
base.apk,assets/_nabe_/323056a3-af77f2d7.zst,nabe_zstd_asset,.zst,147,147,stored,4c2776d4
base.apk,assets/_nabe_/333efcd3-6c13e3b7.zst,nabe_zstd_asset,.zst,3232,3232,stored,696bab80
base.apk,assets/_nabe_/349f34d7-7cc0315c.zst,nabe_zstd_asset,.zst,1274,1274,stored,759123eb
base.apk,assets/_nabe_/34fda00a-9ed2ed05.zst,nabe_zstd_asset,.zst,2869236,2869236,stored,7c3a7372
base.apk,assets/_nabe_/361769fd-7ef53b8f.zst,nabe_zstd_asset,.zst,281,281,stored,57a6cb13
base.apk,assets/_nabe_/36b3ceec-262df6d3.zst,nabe_zstd_asset,.zst,895,895,stored,5b91c229
base.apk,assets/_nabe_/36e3fc26-c308a612.zst,nabe_zstd_asset,.zst,427,427,stored,a076b3c4
base.apk,assets/_nabe_/374ddf4e-a5645b13.zst,nabe_zstd_asset,.zst,28392,28392,stored,8e31f6ab
base.apk,assets/_nabe_/375fbb6f-e073525f.zst,nabe_zstd_asset,.zst,491,491,stored,9e229c63
base.apk,assets/_nabe_/38416ad5-23b4a44a.zst,nabe_zstd_asset,.zst,2275,2275,stored,2f947ee4
base.apk,assets/_nabe_/385c4bbe-6e2192ae.zst,nabe_zstd_asset,.zst,447,447,stored,9bf7e849
base.apk,assets/_nabe_/38932d4e-073673e0.zst,nabe_zstd_asset,.zst,8070,8070,stored,266c418a
base.apk,assets/_nabe_/3a24c3fe-18c78c5b.zst,nabe_zstd_asset,.zst,3937,3937,stored,9db88194
base.apk,assets/_nabe_/3a29f5d3-38cd5b92.zst,nabe_zstd_asset,.zst,1739,1739,stored,ea4700e5
base.apk,assets/_nabe_/3ab23916-d7dc2997.zst,nabe_zstd_asset,.zst,168420,168420,stored,ccb99ac6
base.apk,assets/_nabe_/3c30e2bc-f5f1af69.zst,nabe_zstd_asset,.zst,202,202,stored,1e0fa967
base.apk,assets/_nabe_/3c938ef7-7be187e6.zst,nabe_zstd_asset,.zst,108863,109026,deflate,15ffa2de
base.apk,assets/_nabe_/3cad1134-4b42cacb.zst,nabe_zstd_asset,.zst,462,462,stored,0f6f2f13
base.apk,assets/_nabe_/3cae09d6-4fa4dfdc.zst,nabe_zstd_asset,.zst,536,536,stored,c65e1f31
base.apk,assets/_nabe_/3d2c9d4f-7072ac8b.zst,nabe_zstd_asset,.zst,98879,99125,deflate,f9abea6b
base.apk,assets/_nabe_/3d4db5f8-f91e44a4.zst,nabe_zstd_asset,.zst,338,338,stored,936ca9da
base.apk,assets/_nabe_/3dff073d-7c4f906d.zst,nabe_zstd_asset,.zst,414850,414929,deflate,87b2378e
base.apk,assets/_nabe_/3e12aae6-0d729f8c.zst,nabe_zstd_asset,.zst,1415,1415,stored,4e6274c0
base.apk,assets/_nabe_/3e44dbad-bda5a196.zst,nabe_zstd_asset,.zst,1899,1899,stored,0e2eac7d
base.apk,assets/_nabe_/40b458ab-5d2ac08a.zst,nabe_zstd_asset,.zst,6246,6246,stored,f994e521
base.apk,assets/_nabe_/416c7a2c-c88348ad.zst,nabe_zstd_asset,.zst,348,348,stored,c045cb87
base.apk,assets/_nabe_/4323f995-55649b6a.zst,nabe_zstd_asset,.zst,1704,1704,stored,2b832398
base.apk,assets/_nabe_/439297ae-7331729d.zst,nabe_zstd_asset,.zst,626,626,stored,bce40334
base.apk,assets/_nabe_/43f8bf05-6c874cab.zst,nabe_zstd_asset,.zst,770,770,stored,1150658b
base.apk,assets/_nabe_/4430795c-d740c88b.zst,nabe_zstd_asset,.zst,2721,2721,stored,2fed3d99
base.apk,assets/_nabe_/443af061-2762388d.zst,nabe_zstd_asset,.zst,5711,5711,stored,116ef087
base.apk,assets/_nabe_/450a57a3-f29f990c.zst,nabe_zstd_asset,.zst,747997,747997,stored,591ec925
base.apk,assets/_nabe_/469069fc-f0939dae.zst,nabe_zstd_asset,.zst,296,296,stored,5f095190
base.apk,assets/_nabe_/472eaab2-ff4de8b1.zst,nabe_zstd_asset,.zst,1563,1563,stored,6acf9a02
base.apk,assets/_nabe_/48145714-24c06302.zst,nabe_zstd_asset,.zst,41438,41438,stored,26788168
base.apk,assets/_nabe_/484f7e05-0429b1d1.zst,nabe_zstd_asset,.zst,253,253,stored,5d3b37fc
base.apk,assets/_nabe_/490e45b8-1d970cef.zst,nabe_zstd_asset,.zst,3243,3243,stored,2519e4f9
base.apk,assets/_nabe_/494bbfda-c470838b.zst,nabe_zstd_asset,.zst,97773,97773,stored,ce58acec
base.apk,assets/_nabe_/499ba41c-108059a1.zst,nabe_zstd_asset,.zst,496,496,stored,3b127eba
base.apk,assets/_nabe_/49ada2f8-18055c7a.zst,nabe_zstd_asset,.zst,57789,57789,stored,f8bf8cb3
base.apk,assets/_nabe_/4b5fd154-66ce4200.zst,nabe_zstd_asset,.zst,416,416,stored,f2d83b43
base.apk,assets/_nabe_/4bac130a-3a5d0d27.zst,nabe_zstd_asset,.zst,18102,18102,stored,e89f62da
base.apk,assets/_nabe_/4c5a9c74-4c407169.zst,nabe_zstd_asset,.zst,27803,27803,stored,d76da898
base.apk,assets/_nabe_/4c7f87c5-50999e9e.zst,nabe_zstd_asset,.zst,202,202,stored,4c0b883d
base.apk,assets/_nabe_/4cbeefc1-18379670.zst,nabe_zstd_asset,.zst,1570,1570,stored,4ed5dc45
base.apk,assets/_nabe_/4d4f5181-cdee5fe9.zst,nabe_zstd_asset,.zst,8426,8426,stored,f86968f9
base.apk,assets/_nabe_/4d68f24e-7dbc8596.zst,nabe_zstd_asset,.zst,6630,6630,stored,1f11e0f6
base.apk,assets/_nabe_/4d6e5631-e4991c8e.zst,nabe_zstd_asset,.zst,319,319,stored,6df917fa
base.apk,assets/_nabe_/4d80f3aa-f2289a13.zst,nabe_zstd_asset,.zst,10541,10541,stored,0d34bed3
base.apk,assets/_nabe_/4eb6dae0-710324b6.zst,nabe_zstd_asset,.zst,440,440,stored,19fda4b1
base.apk,assets/_nabe_/4feb465b-8b969896.zst,nabe_zstd_asset,.zst,1677,1677,stored,aef38303
base.apk,assets/_nabe_/509d06e5-aa49d38b.zst,nabe_zstd_asset,.zst,1241464,1243910,deflate,311f2732
base.apk,assets/_nabe_/509f38db-f4bb2c59.zst,nabe_zstd_asset,.zst,7387,7387,stored,dde181ab
base.apk,assets/_nabe_/50c6a134-9f53cd98.zst,nabe_zstd_asset,.zst,15614,15614,stored,0fb6ab3c
base.apk,assets/_nabe_/50fc2058-c392efd9.zst,nabe_zstd_asset,.zst,690,690,stored,78cdc00a
base.apk,assets/_nabe_/513a7a7e-03f2f531.zst,nabe_zstd_asset,.zst,290,290,stored,64866bec
base.apk,assets/_nabe_/520d7c34-1cf740fb.zst,nabe_zstd_asset,.zst,385,385,stored,225dd787
base.apk,assets/_nabe_/5233e6dc-f0f92918.zst,nabe_zstd_asset,.zst,100869,101151,deflate,6f9103af
base.apk,assets/_nabe_/52ee2574-a1881e95.zst,nabe_zstd_asset,.zst,50584,50584,stored,a8c9db24
base.apk,assets/_nabe_/530a9779-259a6697.zst,nabe_zstd_asset,.zst,34385,34385,stored,1c10ebcb
base.apk,assets/_nabe_/53124eb4-3ed0fadf.zst,nabe_zstd_asset,.zst,13248,13248,stored,c34de16c
base.apk,assets/_nabe_/5312aaf0-9fbefbf6.zst,nabe_zstd_asset,.zst,724,724,stored,aa0207c4
base.apk,assets/_nabe_/5382c173-8db874b9.zst,nabe_zstd_asset,.zst,632,632,stored,8b8fe444
base.apk,assets/_nabe_/54ca57ef-52a51db3.zst,nabe_zstd_asset,.zst,48196,48196,stored,354f630d
base.apk,assets/_nabe_/54efc718-4758008f.zst,nabe_zstd_asset,.zst,281742,281742,stored,559b52c0
base.apk,assets/_nabe_/57a8a8c2-490d9749.zst,nabe_zstd_asset,.zst,20931,20931,stored,95f39129
base.apk,assets/_nabe_/58183a05-a906454c.zst,nabe_zstd_asset,.zst,720,720,stored,930b1f20
base.apk,assets/_nabe_/58953ebc-0972b5e8.zst,nabe_zstd_asset,.zst,19220,19220,stored,399e7962
base.apk,assets/_nabe_/597bd498-a22809a5.zst,nabe_zstd_asset,.zst,9625,9625,stored,c12968b4
base.apk,assets/_nabe_/598d45b2-2ae8746a.zst,nabe_zstd_asset,.zst,29027,29027,stored,32cb4f17
base.apk,assets/_nabe_/5a412622-49852faf.zst,nabe_zstd_asset,.zst,95360,95360,stored,0ddeaf99
base.apk,assets/_nabe_/5ac2791a-b75f1937.zst,nabe_zstd_asset,.zst,31386,31386,stored,3354d108
base.apk,assets/_nabe_/5b775b79-aee3e2f4.zst,nabe_zstd_asset,.zst,1102,1102,stored,69967dd8
base.apk,assets/_nabe_/5c1edbc3-d83e8b2d.zst,nabe_zstd_asset,.zst,966,966,stored,57f03f51
base.apk,assets/_nabe_/5cbca718-566f7e7a.zst,nabe_zstd_asset,.zst,826,826,stored,7e06414a
base.apk,assets/_nabe_/5d4880e7-d4c09274.zst,nabe_zstd_asset,.zst,249,249,stored,eb655a5e
base.apk,assets/_nabe_/5d64911c-66cae389.zst,nabe_zstd_asset,.zst,1673,1673,stored,da402bd5
base.apk,assets/_nabe_/5d83775b-5ce57e58.zst,nabe_zstd_asset,.zst,2324,2324,stored,a4eaef9a
base.apk,assets/_nabe_/5d9c6c20-ad1ea452.zst,nabe_zstd_asset,.zst,239,239,stored,ada51cae
base.apk,assets/_nabe_/5e04372b-e305f978.zst,nabe_zstd_asset,.zst,2189686,2191549,deflate,b9bc23a7
base.apk,assets/_nabe_/5e6e9857-a8ecfc93.zst,nabe_zstd_asset,.zst,1464,1464,stored,e79cb0d7
base.apk,assets/_nabe_/5f6a385e-adcea8cf.zst,nabe_zstd_asset,.zst,223,223,stored,c347f46a
base.apk,assets/_nabe_/5fe55147-e0dcc74d.zst,nabe_zstd_asset,.zst,2995,2995,stored,06b64349
base.apk,assets/_nabe_/60a65c4e-8fb35b5f.zst,nabe_zstd_asset,.zst,252,252,stored,daaab688
base.apk,assets/_nabe_/61d59def-0a12337c.zst,nabe_zstd_asset,.zst,3937,3937,stored,64195b27
base.apk,assets/_nabe_/631cedfd-a8564684.zst,nabe_zstd_asset,.zst,173,173,stored,08ad22f4
base.apk,assets/_nabe_/63b24164-217773ee.zst,nabe_zstd_asset,.zst,1028,1028,stored,207bdafa
base.apk,assets/_nabe_/646728ca-db72a991.zst,nabe_zstd_asset,.zst,550,550,stored,963116b8
base.apk,assets/_nabe_/6519eee2-ba2e9a5e.zst,nabe_zstd_asset,.zst,28790,28790,stored,cd4e40b9
base.apk,assets/_nabe_/65459bec-f636950b.zst,nabe_zstd_asset,.zst,575,575,stored,eba77d3c
base.apk,assets/_nabe_/655e2cd7-1a9e4464.zst,nabe_zstd_asset,.zst,248,248,stored,e8fb7b6d
base.apk,assets/_nabe_/65c35fb9-46b524cc.zst,nabe_zstd_asset,.zst,462,462,stored,1a1f164f
base.apk,assets/_nabe_/6607ac82-735cf3f8.zst,nabe_zstd_asset,.zst,1742,1742,stored,d6b0a6e3
base.apk,assets/_nabe_/661783e1-2c19695d.zst,nabe_zstd_asset,.zst,240,240,stored,cfd7ae0c
base.apk,assets/_nabe_/66f2a7ad-7eb00411.zst,nabe_zstd_asset,.zst,4323,4323,stored,65be14af
base.apk,assets/_nabe_/674a1a99-0c136536.zst,nabe_zstd_asset,.zst,2033,2033,stored,472249cf
base.apk,assets/_nabe_/68218694-8fa0844e.zst,nabe_zstd_asset,.zst,133769,133769,stored,657d1e0d
base.apk,assets/_nabe_/690067e2-b0713b04.zst,nabe_zstd_asset,.zst,8006240,8024366,deflate,057e3881
base.apk,assets/_nabe_/6902413e-0f6360de.zst,nabe_zstd_asset,.zst,607,607,stored,3618deb6
base.apk,assets/_nabe_/69b7a7ea-70e9328b.zst,nabe_zstd_asset,.zst,113071,113071,stored,831d2fb0
base.apk,assets/_nabe_/69ce4dfa-c4e93dad.zst,nabe_zstd_asset,.zst,100363,100559,deflate,11a46680
base.apk,assets/_nabe_/6a3ac564-a6484717.zst,nabe_zstd_asset,.zst,197803,197803,stored,c1734fd1
base.apk,assets/_nabe_/6aa36178-c626e85f.zst,nabe_zstd_asset,.zst,1568,1568,stored,9342b9df
base.apk,assets/_nabe_/6ac389e2-38f3c03e.zst,nabe_zstd_asset,.zst,240672,240672,stored,151afaca
base.apk,assets/_nabe_/6bf5f00a-ae30d048.zst,nabe_zstd_asset,.zst,98896,99136,deflate,8c377eb8
base.apk,assets/_nabe_/6c3cc59a-dd1d5124.zst,nabe_zstd_asset,.zst,830,830,stored,0cb03271
base.apk,assets/_nabe_/6ccad044-9a3aea40.zst,nabe_zstd_asset,.zst,1260,1260,stored,00272935
base.apk,assets/_nabe_/6ce9a66e-1621d593.zst,nabe_zstd_asset,.zst,594,594,stored,b3d145bc
base.apk,assets/_nabe_/6d4a6ab4-bfca8841.zst,nabe_zstd_asset,.zst,260,260,stored,68bd31bb
base.apk,assets/_nabe_/6e2cf24f-b37073b2.zst,nabe_zstd_asset,.zst,231,231,stored,788a4bb8
base.apk,assets/_nabe_/6e4dff55-94e99c86.zst,nabe_zstd_asset,.zst,27861,27861,stored,1bb9ab68
base.apk,assets/_nabe_/6e680914-c1079479.zst,nabe_zstd_asset,.zst,181826,181826,stored,c7fb32a6
base.apk,assets/_nabe_/6e930777-b97bee99.zst,nabe_zstd_asset,.zst,73671,73671,stored,065078fa
base.apk,assets/_nabe_/6ebae78a-4fa00f70.zst,nabe_zstd_asset,.zst,5689241,5689241,stored,956e6f9a
base.apk,assets/_nabe_/6f59bfa7-14cc5e3d.zst,nabe_zstd_asset,.zst,272,272,stored,2431748a
base.apk,assets/_nabe_/6f6ca06c-7555ad55.zst,nabe_zstd_asset,.zst,1363963,1363963,stored,6a3c4afb
base.apk,assets/_nabe_/70498987-7f048655.zst,nabe_zstd_asset,.zst,66741,66741,stored,b15d7419
base.apk,assets/_nabe_/7065e907-eb3ef3f7.zst,nabe_zstd_asset,.zst,15046,15046,stored,18dea868
base.apk,assets/_nabe_/7072445e-ae9ef0c1.zst,nabe_zstd_asset,.zst,476,476,stored,ab07a137
base.apk,assets/_nabe_/70a4b093-f12f27f8.zst,nabe_zstd_asset,.zst,9299,9299,stored,1650ac28
base.apk,assets/_nabe_/70aa2829-045fb5d8.zst,nabe_zstd_asset,.zst,16606,16606,stored,d07e878d
base.apk,assets/_nabe_/71b876b5-ba9b0e3d.zst,nabe_zstd_asset,.zst,813,813,stored,37d55ba8
base.apk,assets/_nabe_/726ef989-75ca4892.zst,nabe_zstd_asset,.zst,729,729,stored,3eff641b
base.apk,assets/_nabe_/7364588e-aa752369.zst,nabe_zstd_asset,.zst,2877,2877,stored,a6999ea1
base.apk,assets/_nabe_/736e4792-5204c8d0.zst,nabe_zstd_asset,.zst,1956,1956,stored,bf97f891
base.apk,assets/_nabe_/73819d7f-9f330b32.zst,nabe_zstd_asset,.zst,3556,3556,stored,69bab435
base.apk,assets/_nabe_/753e5410-48f4fc42.zst,nabe_zstd_asset,.zst,23322,23322,stored,b808e1f6
base.apk,assets/_nabe_/754a7198-0489b209.zst,nabe_zstd_asset,.zst,1740,1740,stored,e96ec655
base.apk,assets/_nabe_/7590936c-e2f0b7ce.zst,nabe_zstd_asset,.zst,894,894,stored,be7b121e
base.apk,assets/_nabe_/7598bb4c-90dcd504.zst,nabe_zstd_asset,.zst,2747,2747,stored,589d4860
base.apk,assets/_nabe_/761c6a8b-25742218.zst,nabe_zstd_asset,.zst,4821,4821,stored,000f60e4
base.apk,assets/_nabe_/77383bc4-af65f5ba.zst,nabe_zstd_asset,.zst,26541,26541,stored,2971d9ec
base.apk,assets/_nabe_/77713a2e-8f5d9ecb.zst,nabe_zstd_asset,.zst,1992,1992,stored,0dec1bd5
base.apk,assets/_nabe_/77d5e0b1-717cacc7.zst,nabe_zstd_asset,.zst,31694,31694,stored,bc91a470
base.apk,assets/_nabe_/7a5ccdb0-1a690f43.zst,nabe_zstd_asset,.zst,660427,660427,stored,e72152c5
base.apk,assets/_nabe_/7ab18a44-ecb2ff92.zst,nabe_zstd_asset,.zst,2370,2370,stored,65813e2d
base.apk,assets/_nabe_/7af5dbd5-a5b8f703.zst,nabe_zstd_asset,.zst,243,243,stored,495d53fa
base.apk,assets/_nabe_/7b0bfc37-3a745809.zst,nabe_zstd_asset,.zst,12743,12743,stored,0fd195dd
base.apk,assets/_nabe_/7bd359f7-1036d375.zst,nabe_zstd_asset,.zst,18641,18641,stored,e4b2475e
base.apk,assets/_nabe_/7bf6d2de-db48a9d0.zst,nabe_zstd_asset,.zst,13737,13737,stored,2227023e
base.apk,assets/_nabe_/7c934c56-787c9106.zst,nabe_zstd_asset,.zst,1198,1198,stored,21225c53
base.apk,assets/_nabe_/7cc5a4ad-a1b36b54.zst,nabe_zstd_asset,.zst,350,350,stored,148ae84e
base.apk,assets/_nabe_/7d70b43b-bd0ad9d7.zst,nabe_zstd_asset,.zst,59504,59504,stored,75b36c03
base.apk,assets/_nabe_/7d9b550b-4c8e4993.zst,nabe_zstd_asset,.zst,484,484,stored,d6d08d5f
base.apk,assets/_nabe_/7f7aef96-afa47780.zst,nabe_zstd_asset,.zst,1217,1217,stored,400d41aa
base.apk,assets/_nabe_/7f7e30a9-ed362859.zst,nabe_zstd_asset,.zst,1554,1554,stored,bb4df7cc
base.apk,assets/_nabe_/80791794-c54cee3d.zst,nabe_zstd_asset,.zst,1344,1344,stored,334a95e6
base.apk,assets/_nabe_/814367a3-ddf9806a.zst,nabe_zstd_asset,.zst,6966,6966,stored,b3a40394
base.apk,assets/_nabe_/817a94e4-313ec96e.zst,nabe_zstd_asset,.zst,6042,6042,stored,6b7d6d3d
base.apk,assets/_nabe_/82128efc-4b32faf0.zst,nabe_zstd_asset,.zst,2566,2566,stored,42eba2f2
base.apk,assets/_nabe_/8218257d-ac08e977.zst,nabe_zstd_asset,.zst,728,728,stored,18a45643
base.apk,assets/_nabe_/82baa7e1-808bf29d.zst,nabe_zstd_asset,.zst,16688,16688,stored,ca1a0071
base.apk,assets/_nabe_/8362d9ab-086a66f5.zst,nabe_zstd_asset,.zst,238,238,stored,ba76c803
base.apk,assets/_nabe_/83c87fa0-a4efb387.zst,nabe_zstd_asset,.zst,53952,53952,stored,2ad7e6bf
base.apk,assets/_nabe_/83c94c70-c6b7d4a6.zst,nabe_zstd_asset,.zst,2143,2143,stored,60a0a891
base.apk,assets/_nabe_/8452ed05-9c20c148.zst,nabe_zstd_asset,.zst,1547,1547,stored,098f2b35
base.apk,assets/_nabe_/845d7a0c-0e51db89.zst,nabe_zstd_asset,.zst,313,313,stored,bc0e2515
base.apk,assets/_nabe_/8481019a-502e83f3.zst,nabe_zstd_asset,.zst,5665,5665,stored,0b5f360e
base.apk,assets/_nabe_/85bd02b2-43c64ba2.zst,nabe_zstd_asset,.zst,47075,47075,stored,e99725a7
base.apk,assets/_nabe_/86496a40-58c57a17.zst,nabe_zstd_asset,.zst,229,229,stored,7d3b10b7
base.apk,assets/_nabe_/86abfba6-0de7e663.zst,nabe_zstd_asset,.zst,558,558,stored,37a9fd55
base.apk,assets/_nabe_/870092d8-036da875.zst,nabe_zstd_asset,.zst,14101,14101,stored,c4de955e
base.apk,assets/_nabe_/873f3265-4a0207ee.zst,nabe_zstd_asset,.zst,3064,3064,stored,9b1f8d85
base.apk,assets/_nabe_/87750903-5841d194.zst,nabe_zstd_asset,.zst,584,584,stored,fd762b47
base.apk,assets/_nabe_/879f02cb-bbfdc263.zst,nabe_zstd_asset,.zst,112832,113005,deflate,3887db71
base.apk,assets/_nabe_/87cae641-ee98d9a2.zst,nabe_zstd_asset,.zst,7330,7330,stored,e743cc2b
base.apk,assets/_nabe_/87e26bd4-5561c3a3.zst,nabe_zstd_asset,.zst,7757,7757,stored,b60dcebc
base.apk,assets/_nabe_/88913b6c-3d2b9cd4.zst,nabe_zstd_asset,.zst,30118,30118,stored,2196f7b6
base.apk,assets/_nabe_/88acf82b-44b07d30.zst,nabe_zstd_asset,.zst,1704,1704,stored,d41ce9c3
base.apk,assets/_nabe_/890b72cd-e70f1202.zst,nabe_zstd_asset,.zst,1333228,1333228,stored,1fe3abb6
base.apk,assets/_nabe_/897b0df3-cdcd5f57.zst,nabe_zstd_asset,.zst,158301,158301,stored,b6a2386f
base.apk,assets/_nabe_/8a722d48-21a28584.zst,nabe_zstd_asset,.zst,291,291,stored,8e35c7c3
base.apk,assets/_nabe_/8a9c9037-6d546dd1.zst,nabe_zstd_asset,.zst,5074,5074,stored,20f0fc7d
base.apk,assets/_nabe_/8b398854-aa5092fe.zst,nabe_zstd_asset,.zst,1077307,1078210,deflate,922d58c0
base.apk,assets/_nabe_/8b7917d9-45f5ebbb.zst,nabe_zstd_asset,.zst,29473,29473,stored,db93bc40
base.apk,assets/_nabe_/8d8dc3c1-12378063.zst,nabe_zstd_asset,.zst,255,255,stored,f66327cf
base.apk,assets/_nabe_/8f16aee1-c7077852.zst,nabe_zstd_asset,.zst,847,847,stored,ae4a13f9
base.apk,assets/_nabe_/8f4bf405-a2a40e05.zst,nabe_zstd_asset,.zst,314,314,stored,ace8476c
base.apk,assets/_nabe_/8fa1d5a7-12db83b8.zst,nabe_zstd_asset,.zst,452,452,stored,7adc4673
base.apk,assets/_nabe_/907cb1d5-6e239d90.zst,nabe_zstd_asset,.zst,3242,3242,stored,dbfbe71e
base.apk,assets/_nabe_/90da2040-8e322f42.zst,nabe_zstd_asset,.zst,1897,1897,stored,09bbdab8
base.apk,assets/_nabe_/91754178-7aaa1f13.zst,nabe_zstd_asset,.zst,493752,493752,stored,d211f3df
base.apk,assets/_nabe_/92957e7b-5286b789.zst,nabe_zstd_asset,.zst,1271,1271,stored,b3217d58
base.apk,assets/_nabe_/92c6916e-395288c1.zst,nabe_zstd_asset,.zst,15785,15785,stored,146d097e
base.apk,assets/_nabe_/92d75c39-ec8f2491.zst,nabe_zstd_asset,.zst,1284,1284,stored,41f56fd7
base.apk,assets/_nabe_/92e973be-b235f026.zst,nabe_zstd_asset,.zst,24638,24638,stored,06753fad
base.apk,assets/_nabe_/9345bde1-6b466bf7.zst,nabe_zstd_asset,.zst,239,239,stored,cd46c9ab
base.apk,assets/_nabe_/958abf22-17cbee6f.zst,nabe_zstd_asset,.zst,264,264,stored,d2af9ab9
base.apk,assets/_nabe_/95eca1fd-24065b13.zst,nabe_zstd_asset,.zst,17042,17042,stored,180dc2c2
base.apk,assets/_nabe_/961490d1-72dab883.zst,nabe_zstd_asset,.zst,50490,50490,stored,b1e4e3e7
base.apk,assets/_nabe_/9658a15f-92c0dae2.zst,nabe_zstd_asset,.zst,246195,246195,stored,f65b278f
base.apk,assets/_nabe_/9718757c-67047916.zst,nabe_zstd_asset,.zst,286,286,stored,19b0a802
base.apk,assets/_nabe_/97813bfb-fdd858ec.zst,nabe_zstd_asset,.zst,90375,90408,deflate,b32ed7a8
base.apk,assets/_nabe_/9807ea1b-9b966328.zst,nabe_zstd_asset,.zst,949,949,stored,5544ac25
base.apk,assets/_nabe_/980b67d2-ecc37ad1.zst,nabe_zstd_asset,.zst,1405,1405,stored,200c2fe9
base.apk,assets/_nabe_/986acf26-312fdf91.zst,nabe_zstd_asset,.zst,2714,2714,stored,95168be3
base.apk,assets/_nabe_/9a4d1812-39e0c0f6.zst,nabe_zstd_asset,.zst,20609,20609,stored,31f3bf5d
base.apk,assets/_nabe_/9a7306e0-be54dffe.zst,nabe_zstd_asset,.zst,20051,20051,stored,c1900e55
base.apk,assets/_nabe_/9a7e88b8-f50a526f.zst,nabe_zstd_asset,.zst,5665,5665,stored,a17e30d8
base.apk,assets/_nabe_/9bc5b2db-779ce9f4.zst,nabe_zstd_asset,.zst,31886,31886,stored,7268d419
base.apk,assets/_nabe_/9bc645a0-3f45bdaf.zst,nabe_zstd_asset,.zst,304,304,stored,566e6547
base.apk,assets/_nabe_/9be6b5f2-b10aa6bd.zst,nabe_zstd_asset,.zst,3317,3317,stored,63635fc6
base.apk,assets/_nabe_/9c7d192e-8e277210.zst,nabe_zstd_asset,.zst,332,332,stored,22a23b4b
base.apk,assets/_nabe_/9c7e89b6-36cf2780.zst,nabe_zstd_asset,.zst,1062,1062,stored,2c59a299
base.apk,assets/_nabe_/9d8ba6f7-92808ecb.zst,nabe_zstd_asset,.zst,56,56,stored,f6345773
base.apk,assets/_nabe_/9ddfd43f-59cabe8d.zst,nabe_zstd_asset,.zst,2170,2170,stored,1baa00ca
base.apk,assets/_nabe_/9dff13a6-0b0b24e5.zst,nabe_zstd_asset,.zst,3493,3493,stored,b9f454c7
base.apk,assets/_nabe_/9fb0ea83-769241a6.zst,nabe_zstd_asset,.zst,309,309,stored,1f21c8c7
base.apk,assets/_nabe_/_2ff16e1f.zst,nabe_zstd_asset,.zst,1689616,1689616,stored,999f10ff
base.apk,assets/_nabe_/_catalog.bytes,nabe_zstd_asset,.bytes,328240,328240,stored,ad38521b
base.apk,assets/_nabe_/_catalog_v.bytes,nabe_zstd_asset,.bytes,15,15,stored,99496533
base.apk,assets/_nabe_/a1b8336a-ae30d048.zst,nabe_zstd_asset,.zst,98896,99136,deflate,8c377eb8
base.apk,assets/_nabe_/a2975c1d-20ebabf7.zst,nabe_zstd_asset,.zst,53535,54051,deflate,c5671263
base.apk,assets/_nabe_/a3482ee4-df01d78c.zst,nabe_zstd_asset,.zst,99383,99644,deflate,90c3aa1c
base.apk,assets/_nabe_/a47d49c7-04dd1609.zst,nabe_zstd_asset,.zst,16827,16827,stored,600277fc
base.apk,assets/_nabe_/a4ed6141-48b362d9.zst,nabe_zstd_asset,.zst,229,229,stored,312c1613
base.apk,assets/_nabe_/a4fa035a-159f2abf.zst,nabe_zstd_asset,.zst,770,770,stored,e612c357
base.apk,assets/_nabe_/a50c9681-80b84033.zst,nabe_zstd_asset,.zst,16727,16727,stored,a6eb177b
base.apk,assets/_nabe_/a589b971-d7f6c8d7.zst,nabe_zstd_asset,.zst,1625,1625,stored,7adc8575
base.apk,assets/_nabe_/a5e8183b-19931f6e.zst,nabe_zstd_asset,.zst,36061,36061,stored,616854d7
base.apk,assets/_nabe_/a651ffcb-816ad937.zst,nabe_zstd_asset,.zst,310799,310799,stored,367531e9
base.apk,assets/_nabe_/a665e890-7fb9e6fd.zst,nabe_zstd_asset,.zst,100974,101108,deflate,c408f04e
base.apk,assets/_nabe_/a709bf68-fd9207d6.zst,nabe_zstd_asset,.zst,5469,5469,stored,434b639c
base.apk,assets/_nabe_/a79c7c8f-b73d868c.zst,nabe_zstd_asset,.zst,17121,17121,stored,41c47844
base.apk,assets/_nabe_/a7c161b0-3d19413a.zst,nabe_zstd_asset,.zst,30175,30175,stored,805aa1b6
base.apk,assets/_nabe_/a7d054bd-d9db4705.zst,nabe_zstd_asset,.zst,1245,1245,stored,c2a5866f
base.apk,assets/_nabe_/a8adfe85-eede80d3.zst,nabe_zstd_asset,.zst,365,365,stored,7a18cd1e
base.apk,assets/_nabe_/a8e16401-689882d4.zst,nabe_zstd_asset,.zst,4851,4851,stored,3c6b7b52
base.apk,assets/_nabe_/a9bbcd69-fd33e3d8.zst,nabe_zstd_asset,.zst,1310,1310,stored,5347aeea
base.apk,assets/_nabe_/a9e26c6c-b5fcb047.zst,nabe_zstd_asset,.zst,181438,181438,stored,f056eb5e
base.apk,assets/_nabe_/a9fb1eff-e9e77ab0.zst,nabe_zstd_asset,.zst,1409,1409,stored,c678d1e4
base.apk,assets/_nabe_/aa2da720-55ca9dc6.zst,nabe_zstd_asset,.zst,1207,1207,stored,0098482b
base.apk,assets/_nabe_/ab0ed541-a618b379.zst,nabe_zstd_asset,.zst,63333,63333,stored,8129f9fd
base.apk,assets/_nabe_/ab19eb1f-2ef0fb00.zst,nabe_zstd_asset,.zst,71673,71673,stored,ce326207
base.apk,assets/_nabe_/ab696798-0c472352.zst,nabe_zstd_asset,.zst,174492,174492,stored,6e6eef3a
base.apk,assets/_nabe_/ab9717dd-dacc7577.zst,nabe_zstd_asset,.zst,5615,5631,deflate,ac6c4f9f
base.apk,assets/_nabe_/aca81a9b-c5d51108.zst,nabe_zstd_asset,.zst,407,407,stored,fe1eb312
base.apk,assets/_nabe_/aca92967-b808bcbb.zst,nabe_zstd_asset,.zst,10347,10347,stored,5dc0a04b
base.apk,assets/_nabe_/ad6f2650-2acf0b37.zst,nabe_zstd_asset,.zst,90519,90519,stored,09f5234d
base.apk,assets/_nabe_/af1c6cd3-1a928e9b.zst,nabe_zstd_asset,.zst,6473430,6497570,deflate,a2819a14
base.apk,assets/_nabe_/b1a563a0-d7e00cf9.zst,nabe_zstd_asset,.zst,4272,4272,stored,39ad72f3
base.apk,assets/_nabe_/b21de63a-325cb06b.zst,nabe_zstd_asset,.zst,33269,33269,stored,802f16c1
base.apk,assets/_nabe_/b264f946-58c6cb87.zst,nabe_zstd_asset,.zst,1228424,1228424,stored,e7cb4348
base.apk,assets/_nabe_/b2955d44-28f3580a.zst,nabe_zstd_asset,.zst,1529,1529,stored,7bdd5411
base.apk,assets/_nabe_/b2cfd600-0ecd3e71.zst,nabe_zstd_asset,.zst,710,710,stored,ab370940
base.apk,assets/_nabe_/b36bd618-99eac1b5.zst,nabe_zstd_asset,.zst,37583,37583,stored,93f524c5
base.apk,assets/_nabe_/b3944eb9-dabf8107.zst,nabe_zstd_asset,.zst,241,241,stored,0283da3a
base.apk,assets/_nabe_/b3da82c2-ae24fefa.zst,nabe_zstd_asset,.zst,19439,19439,stored,dbc3b750
base.apk,assets/_nabe_/b438dd79-158e9397.zst,nabe_zstd_asset,.zst,1619,1619,stored,4ebc1aee
base.apk,assets/_nabe_/b4a07d52-268ea2f9.zst,nabe_zstd_asset,.zst,1406,1406,stored,82027285
base.apk,assets/_nabe_/b4ac7642-cd5230ca.zst,nabe_zstd_asset,.zst,240,240,stored,731d5656
base.apk,assets/_nabe_/b4e4b643-5e67154a.zst,nabe_zstd_asset,.zst,3483,3483,stored,e8b69a16
base.apk,assets/_nabe_/b4f66c48-31ee7bb0.zst,nabe_zstd_asset,.zst,21757,21757,stored,99552259
base.apk,assets/_nabe_/b576d365-30dba216.zst,nabe_zstd_asset,.zst,2227,2227,stored,3d35555a
base.apk,assets/_nabe_/b58562e3-229cbee2.zst,nabe_zstd_asset,.zst,20919,20919,stored,ac8d2007
base.apk,assets/_nabe_/b589c922-1e714244.zst,nabe_zstd_asset,.zst,2135,2135,stored,5079333c
base.apk,assets/_nabe_/b640443f-4b2e0569.zst,nabe_zstd_asset,.zst,550,550,stored,902b79b2
base.apk,assets/_nabe_/b7b6dc69-4b901b6a.zst,nabe_zstd_asset,.zst,2410,2410,stored,c6d268be
base.apk,assets/_nabe_/b8ceccfe-4d954ef0.zst,nabe_zstd_asset,.zst,409,409,stored,4e871c21
base.apk,assets/_nabe_/ba3dd53a-b0400380.zst,nabe_zstd_asset,.zst,41268,41268,stored,fd905220
base.apk,assets/_nabe_/bb08ae53-40b71e04.zst,nabe_zstd_asset,.zst,15644,15644,stored,63fb178e
base.apk,assets/_nabe_/bb8a28ad-dc01b15c.zst,nabe_zstd_asset,.zst,243,243,stored,0f2cb188
base.apk,assets/_nabe_/bc360d27-0b17535c.zst,nabe_zstd_asset,.zst,575,575,stored,8ee3acf9
base.apk,assets/_nabe_/bcdd055a-9671d591.zst,nabe_zstd_asset,.zst,2222,2222,stored,2d39ab99
base.apk,assets/_nabe_/bd7a883e-8127b911.zst,nabe_zstd_asset,.zst,1624,1624,stored,e1fe511d
base.apk,assets/_nabe_/bd7da6e7-d1713795.zst,nabe_zstd_asset,.zst,52376,52376,stored,73acfb34
base.apk,assets/_nabe_/bd7f9127-5d613cc4.zst,nabe_zstd_asset,.zst,311,311,stored,679db5ff
base.apk,assets/_nabe_/be5c344a-24f83274.zst,nabe_zstd_asset,.zst,1709,1709,stored,1f7ed8a0
base.apk,assets/_nabe_/beec1a6a-dff34c3b.zst,nabe_zstd_asset,.zst,2409,2409,stored,5a053389
base.apk,assets/_nabe_/c00702a3-a219b6fa.zst,nabe_zstd_asset,.zst,63907,63907,stored,bea37752
base.apk,assets/_nabe_/c09bc1e4-459bd0b1.zst,nabe_zstd_asset,.zst,16025,16025,stored,51d03cd0
base.apk,assets/_nabe_/c319e6b9-35edaa25.zst,nabe_zstd_asset,.zst,27126,27126,stored,01ca2f77
base.apk,assets/_nabe_/c3767dad-55a00be2.zst,nabe_zstd_asset,.zst,345051,345051,stored,d4aa6c28
base.apk,assets/_nabe_/c3de92cb-d354e76d.zst,nabe_zstd_asset,.zst,17941,17941,stored,92c2267b
base.apk,assets/_nabe_/c3e54469-76ad020e.zst,nabe_zstd_asset,.zst,292,292,stored,e949f83a
base.apk,assets/_nabe_/c4e85e07-5e90b285.zst,nabe_zstd_asset,.zst,290,290,stored,d11289ea
base.apk,assets/_nabe_/c502e68a-9ce73458.zst,nabe_zstd_asset,.zst,10684,10684,stored,655304eb
base.apk,assets/_nabe_/c50b9744-b73e9d6d.zst,nabe_zstd_asset,.zst,810,810,stored,1cdd7468
base.apk,assets/_nabe_/c52a8e1d-18ead545.zst,nabe_zstd_asset,.zst,783,783,stored,918405db
base.apk,assets/_nabe_/c548e6ce-4039b0ff.zst,nabe_zstd_asset,.zst,2018,2018,stored,e05c27e1
base.apk,assets/_nabe_/c5e3349f-1b7c8359.zst,nabe_zstd_asset,.zst,5148,5148,stored,d159749a
base.apk,assets/_nabe_/c5e4468d-5855346b.zst,nabe_zstd_asset,.zst,492,492,stored,675f4162
base.apk,assets/_nabe_/c6343018-6aa6ba5b.zst,nabe_zstd_asset,.zst,10418,10418,stored,cac8d537
base.apk,assets/_nabe_/c7769d8b-584bb3a4.zst,nabe_zstd_asset,.zst,251,251,stored,85628ded
base.apk,assets/_nabe_/c7d3db5f-eace9667.zst,nabe_zstd_asset,.zst,6959,6959,stored,fa8be103
base.apk,assets/_nabe_/c81608c9-03d514db.zst,nabe_zstd_asset,.zst,32395,32395,stored,ea20e529
base.apk,assets/_nabe_/c8b6c702-acc08632.zst,nabe_zstd_asset,.zst,27831,27831,stored,5d5b4ec7
base.apk,assets/_nabe_/c8cb20ed-77e38cbf.zst,nabe_zstd_asset,.zst,47071,47071,stored,d091e438
base.apk,assets/_nabe_/c97905ee-0556b76c.zst,nabe_zstd_asset,.zst,186173,186173,stored,20d5568c
base.apk,assets/_nabe_/c99b3fd4-7b9ca6f4.zst,nabe_zstd_asset,.zst,584,584,stored,22871f14
base.apk,assets/_nabe_/caf370e9-6899cdb1.zst,nabe_zstd_asset,.zst,9232,9232,stored,c07725cd
base.apk,assets/_nabe_/cb23edba-0942a3de.zst,nabe_zstd_asset,.zst,527296,527583,deflate,a61ed38a
base.apk,assets/_nabe_/cc28410f-6bf83633.zst,nabe_zstd_asset,.zst,5297,5297,stored,9990748e
base.apk,assets/_nabe_/cc865222-b45436e4.zst,nabe_zstd_asset,.zst,2363,2363,stored,d2dcc40c
base.apk,assets/_nabe_/cca2d6b1-899d00bd.zst,nabe_zstd_asset,.zst,555,555,stored,ebe0c4b3
base.apk,assets/_nabe_/cdd8084f-0b2636d8.zst,nabe_zstd_asset,.zst,674,674,stored,8f35ac77
base.apk,assets/_nabe_/ce673f00-9d715878.zst,nabe_zstd_asset,.zst,567,567,stored,b34f1c6b
base.apk,assets/_nabe_/cf2d34a9-ef60b62c.zst,nabe_zstd_asset,.zst,33458,33458,stored,7cfa7de9
base.apk,assets/_nabe_/cf90315f-320540eb.zst,nabe_zstd_asset,.zst,316,316,stored,cbe86b72
base.apk,assets/_nabe_/d070cf43-fae5f300.zst,nabe_zstd_asset,.zst,661,661,stored,a671224a
base.apk,assets/_nabe_/d251ee5a-be99e0ff.zst,nabe_zstd_asset,.zst,8824,8824,stored,134dab1b
base.apk,assets/_nabe_/d2cce591-5738aaeb.zst,nabe_zstd_asset,.zst,95531,95531,stored,e989e0af
base.apk,assets/_nabe_/d3edfd49-b6c6d4a4.zst,nabe_zstd_asset,.zst,465,465,stored,61c55c39
base.apk,assets/_nabe_/d49109bf-3b318cd2.zst,nabe_zstd_asset,.zst,443821,444340,deflate,873aa41c
base.apk,assets/_nabe_/d529a3ff-82c5073f.zst,nabe_zstd_asset,.zst,729,729,stored,67ff4108
base.apk,assets/_nabe_/d5ef60b6-c4310751.zst,nabe_zstd_asset,.zst,56553,56553,stored,7d980c52
base.apk,assets/_nabe_/d77fb5c7-14ec9d09.zst,nabe_zstd_asset,.zst,12147,12147,stored,579872ff
base.apk,assets/_nabe_/d8232deb-0663bf5b.zst,nabe_zstd_asset,.zst,99367,99640,deflate,6e7a5bb1
base.apk,assets/_nabe_/d8b8cc7b-731de568.zst,nabe_zstd_asset,.zst,878,878,stored,f865db28
base.apk,assets/_nabe_/d8c407d6-e0e09de8.zst,nabe_zstd_asset,.zst,495,495,stored,5a408b58
base.apk,assets/_nabe_/d90961bf-0441ae38.zst,nabe_zstd_asset,.zst,326,326,stored,eaf2da68
base.apk,assets/_nabe_/d9607e71-ae30d048.zst,nabe_zstd_asset,.zst,98896,99136,deflate,8c377eb8
base.apk,assets/_nabe_/da33e397-77e1c114.zst,nabe_zstd_asset,.zst,253,253,stored,a5579c3d
base.apk,assets/_nabe_/da7ccffe-d0821027.zst,nabe_zstd_asset,.zst,7515,7515,stored,d11fad11
base.apk,assets/_nabe_/da7dbd5d-19b85e79.zst,nabe_zstd_asset,.zst,302,302,stored,e6b48e2b
base.apk,assets/_nabe_/dab1f1dc-d7fa6491.zst,nabe_zstd_asset,.zst,815,815,stored,45929611
base.apk,assets/_nabe_/db222175-03dc60a1.zst,nabe_zstd_asset,.zst,20575,20575,stored,a3c1bbe4
base.apk,assets/_nabe_/db35df2e-95dcb05d.zst,nabe_zstd_asset,.zst,293,293,stored,1e3d63d6
base.apk,assets/_nabe_/db64aa7a-7ad8c461.zst,nabe_zstd_asset,.zst,2293,2293,stored,f172deb1
base.apk,assets/_nabe_/dc726b48-02679aff.zst,nabe_zstd_asset,.zst,580,580,stored,cdb92af2
base.apk,assets/_nabe_/dc9cb233-f216a0f5.zst,nabe_zstd_asset,.zst,5634,5634,stored,9b953841
base.apk,assets/_nabe_/dec3d9ab-c322cc89.zst,nabe_zstd_asset,.zst,5636,5636,stored,86f5530a
base.apk,assets/_nabe_/dfcd0a06-4e94708b.zst,nabe_zstd_asset,.zst,4658,4658,stored,8f366c86
base.apk,assets/_nabe_/e0bdd283-ebc63662.zst,nabe_zstd_asset,.zst,61331,61331,stored,12e03718
base.apk,assets/_nabe_/e0eda44a-a154cfc0.zst,nabe_zstd_asset,.zst,4877,4877,stored,a96e2750
base.apk,assets/_nabe_/e1175c63-1b7d2212.zst,nabe_zstd_asset,.zst,318,318,stored,543ac43c
base.apk,assets/_nabe_/e1dba448-6a8c8789.zst,nabe_zstd_asset,.zst,1953,1953,stored,04e9523d
base.apk,assets/_nabe_/e1fcf7ad-ce89a205.zst,nabe_zstd_asset,.zst,10485,10485,stored,87b6614f
base.apk,assets/_nabe_/e208dc9f-718dbe61.zst,nabe_zstd_asset,.zst,600,600,stored,8ab53571
base.apk,assets/_nabe_/e22b611e-84db1efe.zst,nabe_zstd_asset,.zst,3489,3489,stored,1a8f46a7
base.apk,assets/_nabe_/e242abf2-d79e9312.zst,nabe_zstd_asset,.zst,1556,1556,stored,72b8d16b
base.apk,assets/_nabe_/e27beaef-85747dd5.zst,nabe_zstd_asset,.zst,80924,80924,stored,37af5eb3
base.apk,assets/_nabe_/e287463b-e1575001.zst,nabe_zstd_asset,.zst,103748,103748,stored,02f6299d
base.apk,assets/_nabe_/e2aff946-b672db58.zst,nabe_zstd_asset,.zst,5897,5897,stored,f51010ad
base.apk,assets/_nabe_/e2fd7bbf-4a948e9d.zst,nabe_zstd_asset,.zst,19004,19004,stored,f33d2dab
base.apk,assets/_nabe_/e32d1f6e-8999d207.zst,nabe_zstd_asset,.zst,927,927,stored,a3f8d967
base.apk,assets/_nabe_/e354c7b6-3cdf65a3.zst,nabe_zstd_asset,.zst,2534,2534,stored,1a082a54
base.apk,assets/_nabe_/e367102a-ebe0d3a8.zst,nabe_zstd_asset,.zst,409,409,stored,1101407b
base.apk,assets/_nabe_/e3d6c995-811fc547.zst,nabe_zstd_asset,.zst,489,489,stored,c398c9e9
base.apk,assets/_nabe_/e3e84947-6111511a.zst,nabe_zstd_asset,.zst,110277,110474,deflate,b759f684
base.apk,assets/_nabe_/e400399e-3f55ec1c.zst,nabe_zstd_asset,.zst,245,245,stored,5badb0cb
base.apk,assets/_nabe_/e4cc95ea-cac12090.zst,nabe_zstd_asset,.zst,436,436,stored,0cc86dbf
base.apk,assets/_nabe_/e57b3d16-ecf988d5.zst,nabe_zstd_asset,.zst,922,922,stored,75d2e916
base.apk,assets/_nabe_/e590538d-500cfab8.zst,nabe_zstd_asset,.zst,1722,1722,stored,c2dd3713
base.apk,assets/_nabe_/e60549cf-026c6bb5.zst,nabe_zstd_asset,.zst,33943,33943,stored,048c3fd4
base.apk,assets/_nabe_/e6fc3bdc-84ff0eb6.zst,nabe_zstd_asset,.zst,1117,1117,stored,62d6094b
base.apk,assets/_nabe_/e7c992ee-273317c5.zst,nabe_zstd_asset,.zst,1583433,1584464,deflate,f5fe3d0b
base.apk,assets/_nabe_/e7de9889-ad66f57c.zst,nabe_zstd_asset,.zst,2178,2178,stored,97d4a848
base.apk,assets/_nabe_/e86604c8-aa63ca85.zst,nabe_zstd_asset,.zst,20300,20300,stored,2d02ccc8
base.apk,assets/_nabe_/e88fecd9-cb37584c.zst,nabe_zstd_asset,.zst,19956,19956,stored,581b6292
base.apk,assets/_nabe_/e8fe5ad2-022a1304.zst,nabe_zstd_asset,.zst,204098,204340,deflate,7b000f46
base.apk,assets/_nabe_/e962396f-0af03466.zst,nabe_zstd_asset,.zst,3283,3283,stored,0bae30a8
base.apk,assets/_nabe_/e9b749a5-9f5f4528.zst,nabe_zstd_asset,.zst,233282,233282,stored,ceefa4ef
base.apk,assets/_nabe_/ea35e28b-a6f27b80.zst,nabe_zstd_asset,.zst,648,648,stored,34cf4531
base.apk,assets/_nabe_/ea454335-5d3100ab.zst,nabe_zstd_asset,.zst,85484,85484,stored,ae6de294
base.apk,assets/_nabe_/ea54e4a1-9219fcb5.zst,nabe_zstd_asset,.zst,37591,37591,stored,13572a29
base.apk,assets/_nabe_/eaed8fbb-1cffc934.zst,nabe_zstd_asset,.zst,178545,178545,stored,49d4867d
base.apk,assets/_nabe_/ebb62c33-b6d217ea.zst,nabe_zstd_asset,.zst,921,921,stored,06e0f937
base.apk,assets/_nabe_/ec182e82-99e041bd.zst,nabe_zstd_asset,.zst,2297,2297,stored,df0faba8
base.apk,assets/_nabe_/ec2ffdfb-4744e058.zst,nabe_zstd_asset,.zst,2361,2361,stored,e05d699c
base.apk,assets/_nabe_/ec3e031f-9d08c694.zst,nabe_zstd_asset,.zst,1857,1857,stored,6f4965cb
base.apk,assets/_nabe_/ecce9cb5-9faa1492.zst,nabe_zstd_asset,.zst,1139,1139,stored,b9487152
base.apk,assets/_nabe_/ed937a86-d9bbc211.zst,nabe_zstd_asset,.zst,67172,67172,stored,50925a3d
base.apk,assets/_nabe_/eeb379cc-88aae280.zst,nabe_zstd_asset,.zst,239,239,stored,c7a8f273
base.apk,assets/_nabe_/ef307f13-97525e58.zst,nabe_zstd_asset,.zst,786,786,stored,9d22719b
base.apk,assets/_nabe_/f00d30d3-6ef9529e.zst,nabe_zstd_asset,.zst,406,406,stored,5779d33d
base.apk,assets/_nabe_/f13ee596-d232c155.zst,nabe_zstd_asset,.zst,5026,5026,stored,b570708b
base.apk,assets/_nabe_/f14376b5-85d5b32e.zst,nabe_zstd_asset,.zst,697,697,stored,d73d9533
base.apk,assets/_nabe_/f1f666a0-8d9cb273.zst,nabe_zstd_asset,.zst,292,292,stored,f3a6db58
base.apk,assets/_nabe_/f3426d46-193474c9.zst,nabe_zstd_asset,.zst,89465,89465,stored,bbffa581
base.apk,assets/_nabe_/f417e266-153d1add.zst,nabe_zstd_asset,.zst,246,246,stored,247dfe8e
base.apk,assets/_nabe_/f58136e3-6fcc9893.zst,nabe_zstd_asset,.zst,141405,141405,stored,1e8b7f06
base.apk,assets/_nabe_/f5aa35b9-9a3006a4.zst,nabe_zstd_asset,.zst,652,652,stored,27e59035
base.apk,assets/_nabe_/f5d4964d-1ea32352.zst,nabe_zstd_asset,.zst,3999,3999,stored,99199912
base.apk,assets/_nabe_/f651aebe-63d4c472.zst,nabe_zstd_asset,.zst,108406,108592,deflate,9c38eb11
base.apk,assets/_nabe_/f6a26679-1c27e955.zst,nabe_zstd_asset,.zst,8304,8304,stored,d1700909
base.apk,assets/_nabe_/f6f7842a-2d259372.zst,nabe_zstd_asset,.zst,322,322,stored,cbc17d87
base.apk,assets/_nabe_/f7b26dc0-d56ab4f4.zst,nabe_zstd_asset,.zst,26663,26663,stored,6ab975ac
base.apk,assets/_nabe_/f7c9f56a-e05ded4c.zst,nabe_zstd_asset,.zst,237,237,stored,1a19aa03
base.apk,assets/_nabe_/f7d15e08-0b0b15b7.zst,nabe_zstd_asset,.zst,803,803,stored,fffa50cd
base.apk,assets/_nabe_/f80b3ca5-acc7e2e0.zst,nabe_zstd_asset,.zst,1444917,1445726,deflate,34090dfe
base.apk,assets/_nabe_/f8322a43-a66af89d.zst,nabe_zstd_asset,.zst,356,356,stored,bd45439d
base.apk,assets/_nabe_/f894827a-e583ebfa.zst,nabe_zstd_asset,.zst,6219,6219,stored,645e62c1
base.apk,assets/_nabe_/f98c34fe-d57d8253.zst,nabe_zstd_asset,.zst,267,267,stored,b9c4b228
base.apk,assets/_nabe_/fb19e754-3d307883.zst,nabe_zstd_asset,.zst,135895,135895,stored,a72c89a7
base.apk,assets/_nabe_/fb20f2f2-908cce61.zst,nabe_zstd_asset,.zst,9753,9753,stored,d5db120e
base.apk,assets/_nabe_/fb5f770b-5dc69451.zst,nabe_zstd_asset,.zst,295,295,stored,46c271cd
base.apk,assets/_nabe_/fc0b510d-62f27d24.zst,nabe_zstd_asset,.zst,7675,7675,stored,4dcd3821
base.apk,assets/_nabe_/fc8da05d-cbe2ae3e.zst,nabe_zstd_asset,.zst,5302,5302,stored,a1127c09
base.apk,assets/_nabe_/fdda0fb0-221875cc.zst,nabe_zstd_asset,.zst,1749,1749,stored,17f868ad
base.apk,assets/_nabe_/fed5826b-0d851ad7.zst,nabe_zstd_asset,.zst,173296,173296,stored,2cce04c3
base.apk,assets/_nabe_/ff4a98f2-523f89f6.zst,nabe_zstd_asset,.zst,1267,1267,stored,c1d10599
base.apk,assets/_nabe_/ff64ee34-cdc16bc7.zst,nabe_zstd_asset,.zst,979,979,stored,1fa83586
base.apk,assets/bin/Data/Managed/Resources/mscorlib.dll-resources.dat,unity_data,.dat,126076,337563,deflate,d475b854
base.apk,assets/bin/Data/RuntimeInitializeOnLoads.json,unity_data,.json,306,1094,deflate,b52ec015
base.apk,assets/bin/Data/ScriptingAssemblies.json,unity_data,.json,847,3454,deflate,2b8027c0
base.apk,assets/bin/Data/boot.config,unity_data,.config,142,185,deflate,756c9705
base.apk,assets/bin/Data/data.unity3d,unity_data,.unity3d,6399805,6399805,stored,22cd63b6
base.apk,assets/bin/Data/unity default resources,unity_data,(none),291715,1121184,deflate,65d8fc60
base.apk,assets/bin/Data/unity_app_guid,unity_data,(none),36,36,stored,6a5d1571
base.apk,assets/desc.txt,asset_other,.txt,162,238,deflate,af6bc3fe
base.apk,assets/dexopt/baseline.prof,asset_other,.prof,1375,1375,stored,97a192f0
base.apk,assets/dexopt/baseline.profm,asset_other,.profm,179,179,stored,df03ff24
base.apk,assets/dummy.txt,asset_other,.txt,0,0,stored,00000000
base.apk,assets/npf.json,asset_other,.json,289,533,deflate,aa730a41
base.apk,billing.properties,library_version_properties,.properties,37,50,deflate,933d036a
base.apk,classes.dex,dex_bytecode,.dex,6764628,6764628,stored,7726c741
base.apk,classes2.dex,dex_bytecode,.dex,479980,479980,stored,4141ecca
base.apk,client_analytics.proto,schema_or_config,.proto,1367,2982,deflate,c4566455
base.apk,com/google/api/client/googleapis/google-api-client.properties,library_version_properties,.properties,33,33,stored,0bdc5745
base.apk,com/google/api/client/googleapis/google.jks,other,.jks,43243,71764,deflate,bfb6615b
base.apk,com/google/api/client/http/google-http-client.properties,library_version_properties,.properties,33,33,stored,6af7768d
base.apk,core-common.properties,library_version_properties,.properties,41,58,deflate,8b1055d6
base.apk,firebase-analytics.properties,library_version_properties,.properties,50,74,deflate,6e7c8022
base.apk,firebase-annotations.properties,library_version_properties,.properties,51,78,deflate,c1d3dcf2
base.apk,firebase-encoders-json.properties,library_version_properties,.properties,53,82,deflate,14eef179
base.apk,firebase-encoders-proto.properties,library_version_properties,.properties,54,84,deflate,a1d9b8c9
base.apk,firebase-encoders.properties,library_version_properties,.properties,48,72,deflate,7df25dbd
base.apk,firebase-iid-interop.properties,library_version_properties,.properties,52,78,deflate,2533bf8b
base.apk,firebase-iid.properties,library_version_properties,.properties,44,62,deflate,67c79057
base.apk,firebase-measurement-connector.properties,library_version_properties,.properties,61,98,deflate,59c9abbf
base.apk,google/protobuf/any.proto,schema_or_config,.proto,2532,5878,deflate,007d97bc
base.apk,google/protobuf/api.proto,schema_or_config,.proto,2917,7734,deflate,78dd1999
base.apk,google/protobuf/empty.proto,schema_or_config,.proto,1239,2422,deflate,40c3ddd1
base.apk,google/protobuf/field_mask.proto,schema_or_config,.proto,3125,8192,deflate,51035a45
base.apk,google/protobuf/source_context.proto,schema_or_config,.proto,1191,2352,deflate,15273313
base.apk,google/protobuf/struct.proto,schema_or_config,.proto,1669,3780,deflate,2bf02926
base.apk,google/protobuf/timestamp.proto,schema_or_config,.proto,2763,6200,deflate,f6877045
base.apk,google/protobuf/type.proto,schema_or_config,.proto,2331,6129,deflate,63df597a
base.apk,google/protobuf/wrappers.proto,schema_or_config,.proto,1541,4035,deflate,e5be7629
base.apk,integrity.properties,library_version_properties,.properties,39,54,deflate,09526ed6
base.apk,kotlin/annotation/annotation.kotlin_builtins,kotlin_metadata,.kotlin_builtins,559,926,deflate,d36c8b5b
base.apk,kotlin/collections/collections.kotlin_builtins,kotlin_metadata,.kotlin_builtins,1521,3685,deflate,f41c30cf
base.apk,kotlin/coroutines/coroutines.kotlin_builtins,kotlin_metadata,.kotlin_builtins,157,200,deflate,c69fe143
base.apk,kotlin/internal/internal.kotlin_builtins,kotlin_metadata,.kotlin_builtins,394,646,deflate,d8d2330d
base.apk,kotlin/kotlin.kotlin_builtins,kotlin_metadata,.kotlin_builtins,5004,17783,deflate,f8dceab9
base.apk,kotlin/ranges/ranges.kotlin_builtins,kotlin_metadata,.kotlin_builtins,1264,3305,deflate,7f91df9f
base.apk,kotlin/reflect/reflect.kotlin_builtins,kotlin_metadata,.kotlin_builtins,1265,2395,deflate,13816860
base.apk,messaging_event.proto,schema_or_config,.proto,1127,2381,deflate,4aba4f0f
base.apk,messaging_event_extension.proto,schema_or_config,.proto,512,883,deflate,a4596641
base.apk,play-services-ads-identifier.properties,library_version_properties,.properties,59,94,deflate,e4f01a4a
base.apk,play-services-appset.properties,library_version_properties,.properties,52,78,deflate,1bcb67cd
base.apk,play-services-base.properties,library_version_properties,.properties,50,74,deflate,54708c61
base.apk,play-services-basement.properties,library_version_properties,.properties,53,82,deflate,0436937f
base.apk,play-services-cloud-messaging.properties,library_version_properties,.properties,61,96,deflate,34d3ec16
base.apk,play-services-drive.properties,library_version_properties,.properties,51,76,deflate,0a6b9fbb
base.apk,play-services-games-v2.properties,library_version_properties,.properties,53,82,deflate,944521d2
base.apk,play-services-location.properties,library_version_properties,.properties,53,82,deflate,ab97afb9
base.apk,play-services-measurement-api.properties,library_version_properties,.properties,60,96,deflate,04f0d36b
base.apk,play-services-measurement-base.properties,library_version_properties,.properties,61,98,deflate,6bdab4dc
base.apk,play-services-measurement-impl.properties,library_version_properties,.properties,61,98,deflate,dd2c47c6
base.apk,play-services-measurement-sdk-api.properties,library_version_properties,.properties,64,104,deflate,4458a6ac
base.apk,play-services-measurement-sdk.properties,library_version_properties,.properties,60,96,deflate,7ac2d23d
base.apk,play-services-measurement.properties,library_version_properties,.properties,56,88,deflate,3d45e865
base.apk,play-services-nearby.properties,library_version_properties,.properties,52,78,deflate,8ccb348b
base.apk,play-services-places-placereport.properties,library_version_properties,.properties,56,102,deflate,6fe58122
base.apk,play-services-stats.properties,library_version_properties,.properties,51,76,deflate,4452cfc2
base.apk,play-services-tasks.properties,library_version_properties,.properties,51,76,deflate,155b1813
base.apk,pubsub.v1.json,schema_or_config,.json,16191,104042,deflate,9845dd31
base.apk,res/anim/abc_fade_in.xml,res_xml,.xml,216,388,deflate,6270df64
base.apk,res/anim/abc_fade_out.xml,res_xml,.xml,218,388,deflate,748bb31c
base.apk,res/anim/abc_grow_fade_in_from_bottom.xml,res_xml,.xml,376,852,deflate,9a93c4ea
base.apk,res/anim/abc_popup_enter.xml,res_xml,.xml,258,508,deflate,b8ffd7e6
base.apk,res/anim/abc_popup_exit.xml,res_xml,.xml,259,508,deflate,53704157
base.apk,res/anim/abc_shrink_fade_out_from_bottom.xml,res_xml,.xml,377,852,deflate,7694b074
base.apk,res/anim/abc_slide_in_bottom.xml,res_xml,.xml,228,396,deflate,cc6ffadf
base.apk,res/anim/abc_slide_in_top.xml,res_xml,.xml,229,396,deflate,fef136ce
base.apk,res/anim/abc_slide_out_bottom.xml,res_xml,.xml,227,396,deflate,eeb0006b
base.apk,res/anim/abc_slide_out_top.xml,res_xml,.xml,228,396,deflate,f068f605
base.apk,res/anim/abc_tooltip_enter.xml,res_xml,.xml,217,388,deflate,67298b9d
base.apk,res/anim/abc_tooltip_exit.xml,res_xml,.xml,217,388,deflate,402ad7da
base.apk,res/anim/btn_checkbox_to_checked_box_inner_merged_animation.xml,res_xml,.xml,640,2124,deflate,4ff4c4c8
base.apk,res/anim/btn_checkbox_to_checked_box_outer_merged_animation.xml,res_xml,.xml,742,2780,deflate,d021164c
base.apk,res/anim/btn_checkbox_to_checked_icon_null_animation.xml,res_xml,.xml,397,1196,deflate,da7dbc91
base.apk,res/anim/btn_checkbox_to_unchecked_box_inner_merged_animation.xml,res_xml,.xml,660,2360,deflate,0882fa05
base.apk,res/anim/btn_checkbox_to_unchecked_check_path_merged_animation.xml,res_xml,.xml,731,2520,deflate,80335f2f
base.apk,res/anim/btn_checkbox_to_unchecked_icon_null_animation.xml,res_xml,.xml,397,1196,deflate,91c0d808
base.apk,res/anim/btn_radio_to_off_mtrl_dot_group_animation.xml,res_xml,.xml,431,1656,deflate,f0623ec6
base.apk,res/anim/btn_radio_to_off_mtrl_ring_outer_animation.xml,res_xml,.xml,433,1656,deflate,938acbd1
base.apk,res/anim/btn_radio_to_off_mtrl_ring_outer_path_animation.xml,res_xml,.xml,373,1028,deflate,c05fcbd9
base.apk,res/anim/btn_radio_to_on_mtrl_dot_group_animation.xml,res_xml,.xml,421,1656,deflate,7a03a080
base.apk,res/anim/btn_radio_to_on_mtrl_ring_outer_animation.xml,res_xml,.xml,428,1656,deflate,104a3fd9
base.apk,res/anim/btn_radio_to_on_mtrl_ring_outer_path_animation.xml,res_xml,.xml,380,1028,deflate,28f74e9d
base.apk,res/anim-v21/fragment_fast_out_extra_slow_in.xml,res_xml,.xml,218,364,deflate,7615c3c4
base.apk,res/animator/fragment_close_enter.xml,res_xml,.xml,395,1128,deflate,c4370fe9
base.apk,res/animator/fragment_close_exit.xml,res_xml,.xml,395,1128,deflate,258e7cb0
base.apk,res/animator/fragment_fade_enter.xml,res_xml,.xml,265,452,deflate,242f4fd4
base.apk,res/animator/fragment_fade_exit.xml,res_xml,.xml,265,452,deflate,d7c267d7
base.apk,res/animator/fragment_open_enter.xml,res_xml,.xml,388,1128,deflate,d63d91d2
base.apk,res/animator/fragment_open_exit.xml,res_xml,.xml,392,1128,deflate,17e8fb23
base.apk,res/color/abc_background_cache_hint_selector_material_dark.xml,res_xml,.xml,231,468,deflate,99d70c23
base.apk,res/color/abc_background_cache_hint_selector_material_light.xml,res_xml,.xml,231,468,deflate,40efafa2
base.apk,res/color/abc_hint_foreground_material_dark.xml,res_xml,.xml,259,564,deflate,fdece523
base.apk,res/color/abc_hint_foreground_material_light.xml,res_xml,.xml,260,564,deflate,5f66ee88
base.apk,res/color/abc_primary_text_disable_only_material_dark.xml,res_xml,.xml,228,464,deflate,0a012f2a
base.apk,res/color/abc_primary_text_disable_only_material_light.xml,res_xml,.xml,228,464,deflate,6451a8e5
base.apk,res/color/abc_primary_text_material_dark.xml,res_xml,.xml,228,464,deflate,f613ee0e
base.apk,res/color/abc_primary_text_material_light.xml,res_xml,.xml,228,464,deflate,650c9174
base.apk,res/color/abc_search_url_text.xml,res_xml,.xml,250,588,deflate,db149042
base.apk,res/color/abc_secondary_text_material_dark.xml,res_xml,.xml,229,464,deflate,1c1836d6
base.apk,res/color/abc_secondary_text_material_light.xml,res_xml,.xml,229,464,deflate,8f0749ac
base.apk,res/color/common_google_signin_btn_text_dark.xml,res_xml,.xml,278,712,deflate,b38cfcb3
base.apk,res/color/common_google_signin_btn_text_light.xml,res_xml,.xml,280,712,deflate,20d55113
base.apk,res/color/common_google_signin_btn_tint.xml,res_xml,.xml,229,464,deflate,44356c3d
base.apk,res/color/switch_thumb_material_dark.xml,res_xml,.xml,227,464,deflate,5cc40ce4
base.apk,res/color/switch_thumb_material_light.xml,res_xml,.xml,227,464,deflate,ea622823
base.apk,res/color-v23/abc_btn_colored_borderless_text_material.xml,res_xml,.xml,242,500,deflate,f22437a3
base.apk,res/color-v23/abc_btn_colored_text_material.xml,res_xml,.xml,242,500,deflate,7853d352
base.apk,res/color-v23/abc_color_highlight_material.xml,res_xml,.xml,257,544,deflate,a4ee7962
base.apk,res/color-v23/abc_tint_btn_checkable.xml,res_xml,.xml,273,624,deflate,608f8cb8
base.apk,res/color-v23/abc_tint_default.xml,res_xml,.xml,370,1120,deflate,f1ea052e
base.apk,res/color-v23/abc_tint_edittext.xml,res_xml,.xml,284,668,deflate,b1cc6472
base.apk,res/color-v23/abc_tint_seek_thumb.xml,res_xml,.xml,240,500,deflate,4101a5b2
base.apk,res/color-v23/abc_tint_spinner.xml,res_xml,.xml,284,668,deflate,b1cc6472
base.apk,res/color-v23/abc_tint_switch_track.xml,res_xml,.xml,281,664,deflate,eb0b5145
base.apk,res/drawable/abc_btn_borderless_material.xml,res_xml,.xml,252,588,deflate,a353715b
base.apk,res/drawable/abc_btn_check_material.xml,res_xml,.xml,230,464,deflate,bd73bf0b
base.apk,res/drawable/abc_btn_check_material_anim.xml,res_xml,.xml,342,816,deflate,373df8ab
base.apk,res/drawable/abc_btn_default_mtrl_shape.xml,res_xml,.xml,394,932,deflate,fee0b6ea
base.apk,res/drawable/abc_btn_radio_material.xml,res_xml,.xml,231,464,deflate,577867d3
base.apk,res/drawable/abc_btn_radio_material_anim.xml,res_xml,.xml,341,816,deflate,0160a6f6
base.apk,res/drawable/abc_cab_background_internal_bg.xml,res_xml,.xml,185,372,deflate,d6ab29f3
base.apk,res/drawable/abc_cab_background_top_material.xml,res_xml,.xml,174,336,deflate,a5e03008
base.apk,res/drawable/abc_ic_ab_back_material.xml,res_xml,.xml,381,692,deflate,5646ea54
base.apk,res/drawable/abc_ic_arrow_drop_right_black_24dp.xml,res_xml,.xml,491,1000,deflate,bb5c8147
base.apk,res/drawable/abc_ic_clear_material.xml,res_xml,.xml,359,684,deflate,7f8cfcf8
base.apk,res/drawable/abc_ic_go_search_api_material.xml,res_xml,.xml,339,640,deflate,1a36dfaa
base.apk,res/drawable/abc_ic_menu_copy_mtrl_am_alpha.xml,res_xml,.xml,405,756,deflate,086c7021
base.apk,res/drawable/abc_ic_menu_cut_mtrl_alpha.xml,res_xml,.xml,554,1096,deflate,1b63de59
base.apk,res/drawable/abc_ic_menu_overflow_material.xml,res_xml,.xml,389,792,deflate,274a5645
base.apk,res/drawable/abc_ic_menu_paste_mtrl_am_alpha.xml,res_xml,.xml,435,796,deflate,5b72ebd5
base.apk,res/drawable/abc_ic_menu_selectall_mtrl_alpha.xml,res_xml,.xml,471,920,deflate,72fae916
base.apk,res/drawable/abc_ic_menu_share_mtrl_alpha.xml,res_xml,.xml,514,980,deflate,20a74973
base.apk,res/drawable/abc_ic_search_api_material.xml,res_xml,.xml,451,812,deflate,4cca0317
base.apk,res/drawable/abc_ic_voice_search_api_material.xml,res_xml,.xml,455,828,deflate,f98bd1b1
base.apk,res/drawable/abc_item_background_holo_dark.xml,res_xml,.xml,319,1012,deflate,7304aedf
base.apk,res/drawable/abc_item_background_holo_light.xml,res_xml,.xml,319,1012,deflate,ca2e988c
base.apk,res/drawable/abc_list_selector_background_transition_holo_dark.xml,res_xml,.xml,199,424,deflate,3b16abbc
base.apk,res/drawable/abc_list_selector_background_transition_holo_light.xml,res_xml,.xml,199,424,deflate,264b65f8
base.apk,res/drawable/abc_list_selector_holo_dark.xml,res_xml,.xml,338,1064,deflate,a4ed81a6
base.apk,res/drawable/abc_list_selector_holo_light.xml,res_xml,.xml,338,1064,deflate,91d0217b
base.apk,res/drawable/abc_ratingbar_indicator_material.xml,res_xml,.xml,68,124,deflate,5c4c55b0
base.apk,res/drawable/abc_ratingbar_material.xml,res_xml,.xml,68,124,deflate,5c4c55b0
base.apk,res/drawable/abc_ratingbar_small_material.xml,res_xml,.xml,68,124,deflate,5c4c55b0
base.apk,res/drawable/abc_seekbar_thumb_material.xml,res_xml,.xml,354,1100,deflate,7826f594
base.apk,res/drawable/abc_seekbar_tick_mark_material.xml,res_xml,.xml,245,516,deflate,6a2f8811
base.apk,res/drawable/abc_seekbar_track_material.xml,res_xml,.xml,423,1408,deflate,f3a3d045
base.apk,res/drawable/abc_spinner_textfield_background_material.xml,res_xml,.xml,409,1160,deflate,e1a3c2cd
base.apk,res/drawable/abc_star_black_48dp.xml,res_xml,.xml,361,640,deflate,41bec4b4
base.apk,res/drawable/abc_star_half_black_48dp.xml,res_xml,.xml,331,600,deflate,abde3c58
base.apk,res/drawable/abc_switch_thumb_material.xml,res_xml,.xml,230,464,deflate,feae515d
base.apk,res/drawable/abc_tab_indicator_material.xml,res_xml,.xml,232,468,deflate,34760c85
base.apk,res/drawable/abc_text_cursor_material.xml,res_xml,.xml,241,516,deflate,02cbd439
base.apk,res/drawable/abc_textfield_search_material.xml,res_xml,.xml,291,756,deflate,dd9408ba
base.apk,res/drawable/abc_vector_test.xml,res_xml,.xml,333,612,deflate,abab819e
base.apk,res/drawable/btn_checkbox_checked_mtrl.xml,res_xml,.xml,841,2688,deflate,c8a001bd
base.apk,res/drawable/btn_checkbox_checked_to_unchecked_mtrl_animation.xml,res_xml,.xml,305,688,deflate,75da022c
base.apk,res/drawable/btn_checkbox_unchecked_mtrl.xml,res_xml,.xml,831,2660,deflate,5fb7aa8d
base.apk,res/drawable/btn_checkbox_unchecked_to_checked_mtrl_animation.xml,res_xml,.xml,302,688,deflate,0ae98fce
base.apk,res/drawable/btn_radio_off_mtrl.xml,res_xml,.xml,703,1728,deflate,495aed87
base.apk,res/drawable/btn_radio_off_to_on_mtrl_animation.xml,res_xml,.xml,302,680,deflate,b555f63e
base.apk,res/drawable/btn_radio_on_mtrl.xml,res_xml,.xml,678,1656,deflate,958fd62f
base.apk,res/drawable/btn_radio_on_to_off_mtrl_animation.xml,res_xml,.xml,301,680,deflate,0cccb1b6
base.apk,res/drawable/common_google_signin_btn_icon_dark.xml,res_xml,.xml,260,588,deflate,384b827a
base.apk,res/drawable/common_google_signin_btn_icon_dark_focused.xml,res_xml,.xml,373,892,deflate,43792aaf
base.apk,res/drawable/common_google_signin_btn_icon_dark_normal.xml,res_xml,.xml,254,548,deflate,080b6525
base.apk,res/drawable/common_google_signin_btn_icon_disabled.xml,res_xml,.xml,438,1132,deflate,0c67bd55
base.apk,res/drawable/common_google_signin_btn_icon_light.xml,res_xml,.xml,259,588,deflate,b00196a3
base.apk,res/drawable/common_google_signin_btn_icon_light_focused.xml,res_xml,.xml,371,892,deflate,aa457296
base.apk,res/drawable/common_google_signin_btn_icon_light_normal.xml,res_xml,.xml,255,548,deflate,d890320e
base.apk,res/drawable/common_google_signin_btn_text_dark.xml,res_xml,.xml,254,588,deflate,9bd0e522
base.apk,res/drawable/common_google_signin_btn_text_dark_focused.xml,res_xml,.xml,373,892,deflate,24434251
base.apk,res/drawable/common_google_signin_btn_text_dark_normal.xml,res_xml,.xml,272,584,deflate,f48191f6
base.apk,res/drawable/common_google_signin_btn_text_disabled.xml,res_xml,.xml,447,1152,deflate,8c680011
base.apk,res/drawable/common_google_signin_btn_text_light.xml,res_xml,.xml,258,588,deflate,ff49de11
base.apk,res/drawable/common_google_signin_btn_text_light_focused.xml,res_xml,.xml,370,892,deflate,f7212c18
base.apk,res/drawable/common_google_signin_btn_text_light_normal.xml,res_xml,.xml,271,584,deflate,73b3ba8e
base.apk,res/drawable/notification_bg.xml,res_xml,.xml,251,532,deflate,531e10c7
base.apk,res/drawable/notification_bg_low.xml,res_xml,.xml,252,532,deflate,5b084b43
base.apk,res/drawable/notification_icon_background.xml,res_xml,.xml,184,372,deflate,cfb53a67
base.apk,res/drawable/notification_tile_bg.xml,res_xml,.xml,173,304,deflate,273bc13c
base.apk,res/drawable/test_level_drawable.xml,res_xml,.xml,217,448,deflate,6afbdb9e
base.apk,res/drawable/tooltip_frame_dark.xml,res_xml,.xml,221,484,deflate,b9ceefba
base.apk,res/drawable/tooltip_frame_light.xml,res_xml,.xml,222,484,deflate,9e28bd76
base.apk,res/drawable/unity_static_splash.png,res_image,.png,348397,348397,stored,35ccaf77
base.apk,res/drawable-hdpi-v4/abc_ab_share_pack_mtrl_alpha.9.png,res_image,.png,272,272,stored,e0e00b8a
base.apk,res/drawable-hdpi-v4/abc_btn_check_to_on_mtrl_000.png,res_image,.png,227,227,stored,55e57039
base.apk,res/drawable-hdpi-v4/abc_btn_check_to_on_mtrl_015.png,res_image,.png,404,404,stored,13296992
base.apk,res/drawable-hdpi-v4/abc_btn_radio_to_on_mtrl_000.png,res_image,.png,464,464,stored,d265c1df
base.apk,res/drawable-hdpi-v4/abc_btn_radio_to_on_mtrl_015.png,res_image,.png,563,563,stored,9b1429bf
base.apk,res/drawable-hdpi-v4/abc_btn_switch_to_on_mtrl_00001.9.png,res_image,.png,1096,1096,stored,452a314b
base.apk,res/drawable-hdpi-v4/abc_btn_switch_to_on_mtrl_00012.9.png,res_image,.png,1243,1243,stored,ee5987fb
base.apk,res/drawable-hdpi-v4/abc_cab_background_top_mtrl_alpha.9.png,res_image,.png,226,226,stored,89186040
base.apk,res/drawable-hdpi-v4/abc_ic_commit_search_api_mtrl_alpha.png,res_image,.png,171,171,stored,ce3e1667
base.apk,res/drawable-hdpi-v4/abc_list_divider_mtrl_alpha.9.png,res_image,.png,167,167,stored,35642324
base.apk,res/drawable-hdpi-v4/abc_list_focused_holo.9.png,res_image,.png,244,244,stored,8e4da209
base.apk,res/drawable-hdpi-v4/abc_list_longpressed_holo.9.png,res_image,.png,212,212,stored,81b12fde
base.apk,res/drawable-hdpi-v4/abc_list_pressed_holo_dark.9.png,res_image,.png,208,208,stored,91d34861
base.apk,res/drawable-hdpi-v4/abc_list_pressed_holo_light.9.png,res_image,.png,208,208,stored,e01fa47a
base.apk,res/drawable-hdpi-v4/abc_list_selector_disabled_holo_dark.9.png,res_image,.png,228,228,stored,e28c1958
base.apk,res/drawable-hdpi-v4/abc_list_selector_disabled_holo_light.9.png,res_image,.png,229,229,stored,d18b0a1b
base.apk,res/drawable-hdpi-v4/abc_menu_hardkey_panel_mtrl_mult.9.png,res_image,.png,738,738,stored,325c2847
base.apk,res/drawable-hdpi-v4/abc_popup_background_mtrl_mult.9.png,res_image,.png,1098,1098,stored,3d820b33
base.apk,res/drawable-hdpi-v4/abc_scrubber_control_off_mtrl_alpha.png,res_image,.png,201,201,stored,86ce55b9
base.apk,res/drawable-hdpi-v4/abc_scrubber_control_to_pressed_mtrl_000.png,res_image,.png,196,196,stored,21171d42
base.apk,res/drawable-hdpi-v4/abc_scrubber_control_to_pressed_mtrl_005.png,res_image,.png,272,272,stored,58089ef9
base.apk,res/drawable-hdpi-v4/abc_scrubber_primary_mtrl_alpha.9.png,res_image,.png,205,205,stored,ac46dae1
base.apk,res/drawable-hdpi-v4/abc_scrubber_track_mtrl_alpha.9.png,res_image,.png,196,196,stored,0384badb
base.apk,res/drawable-hdpi-v4/abc_spinner_mtrl_am_alpha.9.png,res_image,.png,345,345,stored,8dece53e
base.apk,res/drawable-hdpi-v4/abc_switch_track_mtrl_alpha.9.png,res_image,.png,484,484,stored,f4aa1eaf
base.apk,res/drawable-hdpi-v4/abc_tab_indicator_mtrl_alpha.9.png,res_image,.png,190,190,stored,5bdf785c
base.apk,res/drawable-hdpi-v4/abc_text_select_handle_left_mtrl.png,res_image,.png,278,278,stored,a0d3c543
base.apk,res/drawable-hdpi-v4/abc_text_select_handle_middle_mtrl.png,res_image,.png,396,396,stored,be21c0b7
base.apk,res/drawable-hdpi-v4/abc_text_select_handle_right_mtrl.png,res_image,.png,262,262,stored,df25bc6b
base.apk,res/drawable-hdpi-v4/abc_textfield_activated_mtrl_alpha.9.png,res_image,.png,186,186,stored,747c103f
base.apk,res/drawable-hdpi-v4/abc_textfield_default_mtrl_alpha.9.png,res_image,.png,192,192,stored,296f3744
base.apk,res/drawable-hdpi-v4/abc_textfield_search_activated_mtrl_alpha.9.png,res_image,.png,178,178,stored,bb045ad2
base.apk,res/drawable-hdpi-v4/abc_textfield_search_default_mtrl_alpha.9.png,res_image,.png,178,178,stored,aad3c65d
base.apk,res/drawable-hdpi-v4/common_full_open_on_phone.png,res_image,.png,681,681,stored,3ae6b82e
base.apk,res/drawable-hdpi-v4/common_google_signin_btn_icon_dark_normal_background.9.png,res_image,.png,897,897,stored,85696478
base.apk,res/drawable-hdpi-v4/common_google_signin_btn_icon_light_normal_background.9.png,res_image,.png,683,683,stored,58fb3053
base.apk,res/drawable-hdpi-v4/common_google_signin_btn_text_dark_normal_background.9.png,res_image,.png,960,960,stored,d939ee0d
base.apk,res/drawable-hdpi-v4/common_google_signin_btn_text_light_normal_background.9.png,res_image,.png,694,694,stored,9a55c238
base.apk,res/drawable-hdpi-v4/googleg_disabled_color_18.png,res_image,.png,410,410,stored,0cb58331
base.apk,res/drawable-hdpi-v4/googleg_standard_color_18.png,res_image,.png,808,808,stored,7d62f5a4
base.apk,res/drawable-hdpi-v4/icon.png,res_image,.png,761,761,stored,06c2cff1
base.apk,res/drawable-hdpi-v4/notification_bg_low_normal.9.png,res_image,.png,212,212,stored,378c117e
base.apk,res/drawable-hdpi-v4/notification_bg_low_pressed.9.png,res_image,.png,225,225,stored,5059e725
base.apk,res/drawable-hdpi-v4/notification_bg_normal.9.png,res_image,.png,212,212,stored,c22cbe9f
base.apk,res/drawable-hdpi-v4/notification_bg_normal_pressed.9.png,res_image,.png,225,225,stored,a1d68cd0
base.apk,res/drawable-hdpi-v4/notify_panel_notification_icon_bg.png,res_image,.png,107,107,stored,6ed8c1f1
base.apk,res/drawable-ldpi-v4/icon.png,res_image,.png,338,338,stored,541d5570
base.apk,res/drawable-ldrtl-hdpi-v17/abc_spinner_mtrl_am_alpha.9.png,res_image,.png,345,345,stored,bd28c868
base.apk,res/drawable-ldrtl-mdpi-v17/abc_spinner_mtrl_am_alpha.9.png,res_image,.png,318,318,stored,0ed4949b
base.apk,res/drawable-ldrtl-xhdpi-v17/abc_spinner_mtrl_am_alpha.9.png,res_image,.png,417,417,stored,3c853cf4
base.apk,res/drawable-ldrtl-xxhdpi-v17/abc_spinner_mtrl_am_alpha.9.png,res_image,.png,525,525,stored,c8e02261
base.apk,res/drawable-ldrtl-xxxhdpi-v17/abc_spinner_mtrl_am_alpha.9.png,res_image,.png,437,437,stored,3b70c5f0
base.apk,res/drawable-mdpi-v4/abc_ab_share_pack_mtrl_alpha.9.png,res_image,.png,267,267,stored,95bbccff
base.apk,res/drawable-mdpi-v4/abc_btn_check_to_on_mtrl_000.png,res_image,.png,214,214,stored,6a5cd9b8
base.apk,res/drawable-mdpi-v4/abc_btn_check_to_on_mtrl_015.png,res_image,.png,321,321,stored,18e8038a
base.apk,res/drawable-mdpi-v4/abc_btn_radio_to_on_mtrl_000.png,res_image,.png,324,324,stored,fe749af3
base.apk,res/drawable-mdpi-v4/abc_btn_radio_to_on_mtrl_015.png,res_image,.png,356,356,stored,1cd824d4
base.apk,res/drawable-mdpi-v4/abc_btn_switch_to_on_mtrl_00001.9.png,res_image,.png,754,754,stored,8637ab35
base.apk,res/drawable-mdpi-v4/abc_btn_switch_to_on_mtrl_00012.9.png,res_image,.png,825,825,stored,2c7b277c
base.apk,res/drawable-mdpi-v4/abc_cab_background_top_mtrl_alpha.9.png,res_image,.png,216,216,stored,4f558efa
base.apk,res/drawable-mdpi-v4/abc_ic_commit_search_api_mtrl_alpha.png,res_image,.png,173,173,stored,0b399ef9
base.apk,res/drawable-mdpi-v4/abc_list_divider_mtrl_alpha.9.png,res_image,.png,167,167,stored,35642324
base.apk,res/drawable-mdpi-v4/abc_list_focused_holo.9.png,res_image,.png,222,222,stored,b1ab9d03
base.apk,res/drawable-mdpi-v4/abc_list_longpressed_holo.9.png,res_image,.png,211,211,stored,78c37895
base.apk,res/drawable-mdpi-v4/abc_list_pressed_holo_dark.9.png,res_image,.png,207,207,stored,0ec632f8
base.apk,res/drawable-mdpi-v4/abc_list_pressed_holo_light.9.png,res_image,.png,207,207,stored,7219c8a8
base.apk,res/drawable-mdpi-v4/abc_list_selector_disabled_holo_dark.9.png,res_image,.png,217,217,stored,bac90016
base.apk,res/drawable-mdpi-v4/abc_list_selector_disabled_holo_light.9.png,res_image,.png,217,217,stored,ecd8775b
base.apk,res/drawable-mdpi-v4/abc_menu_hardkey_panel_mtrl_mult.9.png,res_image,.png,541,541,stored,c5fedfaf
base.apk,res/drawable-mdpi-v4/abc_popup_background_mtrl_mult.9.png,res_image,.png,776,776,stored,d0abe4f8
base.apk,res/drawable-mdpi-v4/abc_scrubber_control_off_mtrl_alpha.png,res_image,.png,159,159,stored,52c2e8e3
base.apk,res/drawable-mdpi-v4/abc_scrubber_control_to_pressed_mtrl_000.png,res_image,.png,145,145,stored,2df95774
base.apk,res/drawable-mdpi-v4/abc_scrubber_control_to_pressed_mtrl_005.png,res_image,.png,197,197,stored,a759a25f
base.apk,res/drawable-mdpi-v4/abc_scrubber_primary_mtrl_alpha.9.png,res_image,.png,203,203,stored,d8f23e2a
base.apk,res/drawable-mdpi-v4/abc_scrubber_track_mtrl_alpha.9.png,res_image,.png,194,194,stored,822df711
base.apk,res/drawable-mdpi-v4/abc_spinner_mtrl_am_alpha.9.png,res_image,.png,327,327,stored,a072df4e
base.apk,res/drawable-mdpi-v4/abc_switch_track_mtrl_alpha.9.png,res_image,.png,395,395,stored,972e3ff3
base.apk,res/drawable-mdpi-v4/abc_tab_indicator_mtrl_alpha.9.png,res_image,.png,186,186,stored,a87d0908
base.apk,res/drawable-mdpi-v4/abc_text_select_handle_left_mtrl.png,res_image,.png,203,203,stored,214dfcbe
base.apk,res/drawable-mdpi-v4/abc_text_select_handle_middle_mtrl.png,res_image,.png,310,310,stored,40bc4240
base.apk,res/drawable-mdpi-v4/abc_text_select_handle_right_mtrl.png,res_image,.png,186,186,stored,5910e5d8
base.apk,res/drawable-mdpi-v4/abc_textfield_activated_mtrl_alpha.9.png,res_image,.png,181,181,stored,77ca704d
base.apk,res/drawable-mdpi-v4/abc_textfield_default_mtrl_alpha.9.png,res_image,.png,178,178,stored,c56f26da
base.apk,res/drawable-mdpi-v4/abc_textfield_search_activated_mtrl_alpha.9.png,res_image,.png,178,178,stored,6899209c
base.apk,res/drawable-mdpi-v4/abc_textfield_search_default_mtrl_alpha.9.png,res_image,.png,178,178,stored,af91e7cc
base.apk,res/drawable-mdpi-v4/common_google_signin_btn_icon_dark_normal_background.9.png,res_image,.png,610,610,stored,88698600
base.apk,res/drawable-mdpi-v4/common_google_signin_btn_icon_light_normal_background.9.png,res_image,.png,500,500,stored,c6f5722c
base.apk,res/drawable-mdpi-v4/common_google_signin_btn_text_dark_normal_background.9.png,res_image,.png,615,615,stored,4199e4d9
base.apk,res/drawable-mdpi-v4/common_google_signin_btn_text_light_normal_background.9.png,res_image,.png,465,465,stored,dd5d7c6f
base.apk,res/drawable-mdpi-v4/googleg_disabled_color_18.png,res_image,.png,281,281,stored,fa60669e
base.apk,res/drawable-mdpi-v4/googleg_standard_color_18.png,res_image,.png,562,562,stored,76065920
base.apk,res/drawable-mdpi-v4/icon.png,res_image,.png,506,506,stored,b8636757
base.apk,res/drawable-mdpi-v4/notification_bg_low_normal.9.png,res_image,.png,215,215,stored,d9fa55b7
base.apk,res/drawable-mdpi-v4/notification_bg_low_pressed.9.png,res_image,.png,223,223,stored,b80ede38
base.apk,res/drawable-mdpi-v4/notification_bg_normal.9.png,res_image,.png,215,215,stored,c135d194
base.apk,res/drawable-mdpi-v4/notification_bg_normal_pressed.9.png,res_image,.png,223,223,stored,ed1fee6a
base.apk,res/drawable-mdpi-v4/notify_panel_notification_icon_bg.png,res_image,.png,98,98,stored,2ea3830b
base.apk,res/drawable-nodpi-v4/ic_launcher.png,res_image,.png,6120,6120,stored,df38c999
base.apk,res/drawable-v21/abc_action_bar_item_background_material.xml,res_xml,.xml,152,264,deflate,3544f8f1
base.apk,res/drawable-v21/abc_btn_colored_material.xml,res_xml,.xml,551,1716,deflate,23136bc0
base.apk,res/drawable-v21/abc_dialog_material_background.xml,res_xml,.xml,323,716,deflate,e83d8c42
base.apk,res/drawable-v21/abc_edit_text_material.xml,res_xml,.xml,462,1172,deflate,073b1acc
base.apk,res/drawable-v21/abc_list_divider_material.xml,res_xml,.xml,246,516,deflate,830da9c7
base.apk,res/drawable-v21/notification_action_background.xml,res_xml,.xml,471,1180,deflate,e109c27e
base.apk,res/drawable-v23/abc_control_background_material.xml,res_xml,.xml,175,304,deflate,f11bfae2
base.apk,res/drawable-watch-v20/abc_dialog_material_background.xml,res_xml,.xml,185,372,deflate,e87e5f7a
base.apk,res/drawable-xhdpi-v4/abc_ab_share_pack_mtrl_alpha.9.png,res_image,.png,280,280,stored,a6e7b9d8
base.apk,res/drawable-xhdpi-v4/abc_btn_check_to_on_mtrl_000.png,res_image,.png,281,281,stored,ead36c57
base.apk,res/drawable-xhdpi-v4/abc_btn_check_to_on_mtrl_015.png,res_image,.png,432,432,stored,0c6db123
base.apk,res/drawable-xhdpi-v4/abc_btn_radio_to_on_mtrl_000.png,res_image,.png,651,651,stored,22f95d51
base.apk,res/drawable-xhdpi-v4/abc_btn_radio_to_on_mtrl_015.png,res_image,.png,785,785,stored,b236fd62
base.apk,res/drawable-xhdpi-v4/abc_btn_switch_to_on_mtrl_00001.9.png,res_image,.png,1526,1526,stored,e329a7f5
base.apk,res/drawable-xhdpi-v4/abc_btn_switch_to_on_mtrl_00012.9.png,res_image,.png,1731,1731,stored,307aa23f
base.apk,res/drawable-xhdpi-v4/abc_cab_background_top_mtrl_alpha.9.png,res_image,.png,229,229,stored,63663bff
base.apk,res/drawable-xhdpi-v4/abc_ic_commit_search_api_mtrl_alpha.png,res_image,.png,228,228,stored,a0cfd3d4
base.apk,res/drawable-xhdpi-v4/abc_list_divider_mtrl_alpha.9.png,res_image,.png,167,167,stored,35642324
base.apk,res/drawable-xhdpi-v4/abc_list_focused_holo.9.png,res_image,.png,244,244,stored,bde23956
base.apk,res/drawable-xhdpi-v4/abc_list_longpressed_holo.9.png,res_image,.png,214,214,stored,84a788a6
base.apk,res/drawable-xhdpi-v4/abc_list_pressed_holo_dark.9.png,res_image,.png,209,209,stored,54cd03ea
base.apk,res/drawable-xhdpi-v4/abc_list_pressed_holo_light.9.png,res_image,.png,209,209,stored,4644c6e1
base.apk,res/drawable-xhdpi-v4/abc_list_selector_disabled_holo_dark.9.png,res_image,.png,236,236,stored,585bf0cc
base.apk,res/drawable-xhdpi-v4/abc_list_selector_disabled_holo_light.9.png,res_image,.png,235,235,stored,30459f98
base.apk,res/drawable-xhdpi-v4/abc_menu_hardkey_panel_mtrl_mult.9.png,res_image,.png,966,966,stored,9df27093
base.apk,res/drawable-xhdpi-v4/abc_popup_background_mtrl_mult.9.png,res_image,.png,1544,1544,stored,3d40754b
base.apk,res/drawable-xhdpi-v4/abc_scrubber_control_off_mtrl_alpha.png,res_image,.png,267,267,stored,f1f6a033
base.apk,res/drawable-xhdpi-v4/abc_scrubber_control_to_pressed_mtrl_000.png,res_image,.png,267,267,stored,6a20e5ff
base.apk,res/drawable-xhdpi-v4/abc_scrubber_control_to_pressed_mtrl_005.png,res_image,.png,391,391,stored,4fcf3d5b
base.apk,res/drawable-xhdpi-v4/abc_scrubber_primary_mtrl_alpha.9.png,res_image,.png,208,208,stored,a531b28b
base.apk,res/drawable-xhdpi-v4/abc_scrubber_track_mtrl_alpha.9.png,res_image,.png,198,198,stored,18ddec29
base.apk,res/drawable-xhdpi-v4/abc_spinner_mtrl_am_alpha.9.png,res_image,.png,448,448,stored,da0d8e3e
base.apk,res/drawable-xhdpi-v4/abc_switch_track_mtrl_alpha.9.png,res_image,.png,618,618,stored,ed2cba2f
base.apk,res/drawable-xhdpi-v4/abc_tab_indicator_mtrl_alpha.9.png,res_image,.png,194,194,stored,945f2990
base.apk,res/drawable-xhdpi-v4/abc_text_select_handle_left_mtrl.png,res_image,.png,335,335,stored,6d48e543
base.apk,res/drawable-xhdpi-v4/abc_text_select_handle_middle_mtrl.png,res_image,.png,585,585,stored,1361e44f
base.apk,res/drawable-xhdpi-v4/abc_text_select_handle_right_mtrl.png,res_image,.png,318,318,stored,5390d72d
base.apk,res/drawable-xhdpi-v4/abc_textfield_activated_mtrl_alpha.9.png,res_image,.png,189,189,stored,3408a58b
base.apk,res/drawable-xhdpi-v4/abc_textfield_default_mtrl_alpha.9.png,res_image,.png,187,187,stored,52c5a6c3
base.apk,res/drawable-xhdpi-v4/abc_textfield_search_activated_mtrl_alpha.9.png,res_image,.png,184,184,stored,d42327b8
base.apk,res/drawable-xhdpi-v4/abc_textfield_search_default_mtrl_alpha.9.png,res_image,.png,182,182,stored,2d0b1d64
base.apk,res/drawable-xhdpi-v4/common_full_open_on_phone.png,res_image,.png,489,489,stored,cc7eabe9
base.apk,res/drawable-xhdpi-v4/common_google_signin_btn_icon_dark_normal_background.9.png,res_image,.png,1032,1032,stored,f4f0cee1
base.apk,res/drawable-xhdpi-v4/common_google_signin_btn_icon_light_normal_background.9.png,res_image,.png,776,776,stored,c1b93349
base.apk,res/drawable-xhdpi-v4/common_google_signin_btn_text_dark_normal_background.9.png,res_image,.png,1086,1086,stored,fecc21a4
base.apk,res/drawable-xhdpi-v4/common_google_signin_btn_text_light_normal_background.9.png,res_image,.png,808,808,stored,db1aed88
base.apk,res/drawable-xhdpi-v4/googleg_disabled_color_18.png,res_image,.png,516,516,stored,edf1a67b
base.apk,res/drawable-xhdpi-v4/googleg_standard_color_18.png,res_image,.png,982,982,stored,bc0a585a
base.apk,res/drawable-xhdpi-v4/icon.png,res_image,.png,918,918,stored,50b27760
base.apk,res/drawable-xhdpi-v4/notification_bg_low_normal.9.png,res_image,.png,221,221,stored,3ad03275
base.apk,res/drawable-xhdpi-v4/notification_bg_low_pressed.9.png,res_image,.png,252,252,stored,c8900a8e
base.apk,res/drawable-xhdpi-v4/notification_bg_normal.9.png,res_image,.png,221,221,stored,9944f31a
base.apk,res/drawable-xhdpi-v4/notification_bg_normal_pressed.9.png,res_image,.png,247,247,stored,c29ac558
base.apk,res/drawable-xhdpi-v4/notify_panel_notification_icon_bg.png,res_image,.png,138,138,stored,04576501
base.apk,res/drawable-xxhdpi-v4/abc_ab_share_pack_mtrl_alpha.9.png,res_image,.png,286,286,stored,22603145
base.apk,res/drawable-xxhdpi-v4/abc_btn_check_to_on_mtrl_000.png,res_image,.png,307,307,stored,33d55ad0
base.apk,res/drawable-xxhdpi-v4/abc_btn_check_to_on_mtrl_015.png,res_image,.png,593,593,stored,c02d00e1
base.apk,res/drawable-xxhdpi-v4/abc_btn_radio_to_on_mtrl_000.png,res_image,.png,984,984,stored,f7245981
base.apk,res/drawable-xxhdpi-v4/abc_btn_radio_to_on_mtrl_015.png,res_image,.png,1208,1208,stored,b3414d08
base.apk,res/drawable-xxhdpi-v4/abc_btn_switch_to_on_mtrl_00001.9.png,res_image,.png,2463,2463,stored,abacf2d2
base.apk,res/drawable-xxhdpi-v4/abc_btn_switch_to_on_mtrl_00012.9.png,res_image,.png,2834,2834,stored,da81b970
base.apk,res/drawable-xxhdpi-v4/abc_cab_background_top_mtrl_alpha.9.png,res_image,.png,237,237,stored,813f61b1
base.apk,res/drawable-xxhdpi-v4/abc_ic_commit_search_api_mtrl_alpha.png,res_image,.png,224,224,stored,5d9d5f1a
base.apk,res/drawable-xxhdpi-v4/abc_list_divider_mtrl_alpha.9.png,res_image,.png,171,171,stored,19b7f846
base.apk,res/drawable-xxhdpi-v4/abc_list_focused_holo.9.png,res_image,.png,245,245,stored,19c09c27
base.apk,res/drawable-xxhdpi-v4/abc_list_longpressed_holo.9.png,res_image,.png,221,221,stored,236b6e98
base.apk,res/drawable-xxhdpi-v4/abc_list_pressed_holo_dark.9.png,res_image,.png,212,212,stored,71be1c35
base.apk,res/drawable-xxhdpi-v4/abc_list_pressed_holo_light.9.png,res_image,.png,212,212,stored,3bde0e3f
base.apk,res/drawable-xxhdpi-v4/abc_list_selector_disabled_holo_dark.9.png,res_image,.png,260,260,stored,1b0c989d
base.apk,res/drawable-xxhdpi-v4/abc_list_selector_disabled_holo_light.9.png,res_image,.png,258,258,stored,cff461f2
base.apk,res/drawable-xxhdpi-v4/abc_menu_hardkey_panel_mtrl_mult.9.png,res_image,.png,1779,1779,stored,e97125d2
base.apk,res/drawable-xxhdpi-v4/abc_popup_background_mtrl_mult.9.png,res_image,.png,2305,2305,stored,03217b6e
base.apk,res/drawable-xxhdpi-v4/abc_scrubber_control_off_mtrl_alpha.png,res_image,.png,322,322,stored,6761bc02
base.apk,res/drawable-xxhdpi-v4/abc_scrubber_control_to_pressed_mtrl_000.png,res_image,.png,403,403,stored,f0997f1b
base.apk,res/drawable-xxhdpi-v4/abc_scrubber_control_to_pressed_mtrl_005.png,res_image,.png,595,595,stored,01847edd
base.apk,res/drawable-xxhdpi-v4/abc_scrubber_primary_mtrl_alpha.9.png,res_image,.png,210,210,stored,5418f824
base.apk,res/drawable-xxhdpi-v4/abc_scrubber_track_mtrl_alpha.9.png,res_image,.png,207,207,stored,3a5ce84d
base.apk,res/drawable-xxhdpi-v4/abc_spinner_mtrl_am_alpha.9.png,res_image,.png,524,524,stored,b4b2c492
base.apk,res/drawable-xxhdpi-v4/abc_switch_track_mtrl_alpha.9.png,res_image,.png,851,851,stored,a3c882b5
base.apk,res/drawable-xxhdpi-v4/abc_tab_indicator_mtrl_alpha.9.png,res_image,.png,204,204,stored,e3ea6cb6
base.apk,res/drawable-xxhdpi-v4/abc_text_select_handle_left_mtrl.png,res_image,.png,420,420,stored,ab2a1853
base.apk,res/drawable-xxhdpi-v4/abc_text_select_handle_middle_mtrl.png,res_image,.png,753,753,stored,9313e5c2
base.apk,res/drawable-xxhdpi-v4/abc_text_select_handle_right_mtrl.png,res_image,.png,422,422,stored,394ef93c
base.apk,res/drawable-xxhdpi-v4/abc_textfield_activated_mtrl_alpha.9.png,res_image,.png,199,199,stored,308df7a1
base.apk,res/drawable-xxhdpi-v4/abc_textfield_default_mtrl_alpha.9.png,res_image,.png,200,200,stored,3023e3da
base.apk,res/drawable-xxhdpi-v4/abc_textfield_search_activated_mtrl_alpha.9.png,res_image,.png,187,187,stored,4164b6d3
base.apk,res/drawable-xxhdpi-v4/abc_textfield_search_default_mtrl_alpha.9.png,res_image,.png,186,186,stored,f52e9e15
base.apk,res/drawable-xxhdpi-v4/common_google_signin_btn_icon_dark_normal_background.9.png,res_image,.png,1510,1510,stored,30b789c3
base.apk,res/drawable-xxhdpi-v4/common_google_signin_btn_icon_light_normal_background.9.png,res_image,.png,1138,1138,stored,aefcba59
base.apk,res/drawable-xxhdpi-v4/common_google_signin_btn_text_dark_normal_background.9.png,res_image,.png,1638,1638,stored,89e3a379
base.apk,res/drawable-xxhdpi-v4/common_google_signin_btn_text_light_normal_background.9.png,res_image,.png,1255,1255,stored,3dae25e9
base.apk,res/drawable-xxhdpi-v4/googleg_disabled_color_18.png,res_image,.png,727,727,stored,2c75d16b
base.apk,res/drawable-xxhdpi-v4/googleg_standard_color_18.png,res_image,.png,1441,1441,stored,e1b2a1fb
base.apk,res/drawable-xxxhdpi-v4/abc_btn_check_to_on_mtrl_000.png,res_image,.png,275,275,stored,96d1317c
base.apk,res/drawable-xxxhdpi-v4/abc_btn_check_to_on_mtrl_015.png,res_image,.png,476,476,stored,c4de743b
base.apk,res/drawable-xxxhdpi-v4/abc_btn_radio_to_on_mtrl_000.png,res_image,.png,785,785,stored,1cea0e0c
base.apk,res/drawable-xxxhdpi-v4/abc_btn_radio_to_on_mtrl_015.png,res_image,.png,946,946,stored,600e5975
base.apk,res/drawable-xxxhdpi-v4/abc_btn_switch_to_on_mtrl_00001.9.png,res_image,.png,2505,2505,stored,7c75d46d
base.apk,res/drawable-xxxhdpi-v4/abc_btn_switch_to_on_mtrl_00012.9.png,res_image,.png,2816,2816,stored,018a1de4
base.apk,res/drawable-xxxhdpi-v4/abc_scrubber_control_to_pressed_mtrl_000.png,res_image,.png,415,415,stored,ec058f9b
base.apk,res/drawable-xxxhdpi-v4/abc_scrubber_control_to_pressed_mtrl_005.png,res_image,.png,631,631,stored,83a904b8
base.apk,res/drawable-xxxhdpi-v4/abc_spinner_mtrl_am_alpha.9.png,res_image,.png,430,430,stored,c7c65396
base.apk,res/drawable-xxxhdpi-v4/abc_switch_track_mtrl_alpha.9.png,res_image,.png,813,813,stored,df201e21
base.apk,res/drawable-xxxhdpi-v4/abc_tab_indicator_mtrl_alpha.9.png,res_image,.png,202,202,stored,a404393e
base.apk,res/drawable-xxxhdpi-v4/abc_text_select_handle_left_mtrl.png,res_image,.png,513,513,stored,c4f21d8f
base.apk,res/drawable-xxxhdpi-v4/abc_text_select_handle_right_mtrl.png,res_image,.png,513,513,stored,6eddf9de
base.apk,res/interpolator/btn_checkbox_checked_mtrl_animation_interpolator_0.xml,res_xml,.xml,187,316,deflate,45cb4331
base.apk,res/interpolator/btn_checkbox_checked_mtrl_animation_interpolator_1.xml,res_xml,.xml,190,328,deflate,ecacd32e
base.apk,res/interpolator/btn_checkbox_unchecked_mtrl_animation_interpolator_0.xml,res_xml,.xml,187,316,deflate,45cb4331
base.apk,res/interpolator/btn_checkbox_unchecked_mtrl_animation_interpolator_1.xml,res_xml,.xml,190,328,deflate,ecacd32e
base.apk,res/interpolator/btn_radio_to_off_mtrl_animation_interpolator_0.xml,res_xml,.xml,190,320,deflate,b0798f16
base.apk,res/interpolator/btn_radio_to_on_mtrl_animation_interpolator_0.xml,res_xml,.xml,190,320,deflate,b0798f16
base.apk,res/interpolator/fast_out_slow_in.xml,res_xml,.xml,214,400,deflate,002d5658
base.apk,res/layout/abc_action_bar_title_item.xml,res_xml,.xml,387,872,deflate,0721be01
base.apk,res/layout/abc_action_bar_up_container.xml,res_xml,.xml,250,440,deflate,7dae939a
base.apk,res/layout/abc_action_menu_item_layout.xml,res_xml,.xml,394,768,deflate,19f9a3bb
base.apk,res/layout/abc_action_menu_layout.xml,res_xml,.xml,294,576,deflate,8dc02bdf
base.apk,res/layout/abc_action_mode_bar.xml,res_xml,.xml,268,464,deflate,87d58c52
base.apk,res/layout/abc_action_mode_close_item_material.xml,res_xml,.xml,430,840,deflate,35d46b73
base.apk,res/layout/abc_activity_chooser_view.xml,res_xml,.xml,595,1684,deflate,06857872
base.apk,res/layout/abc_activity_chooser_view_list_item.xml,res_xml,.xml,565,1304,deflate,ac282208
base.apk,res/layout/abc_alert_dialog_button_bar_material.xml,res_xml,.xml,611,1584,deflate,ec3395c2
base.apk,res/layout/abc_alert_dialog_material.xml,res_xml,.xml,833,2648,deflate,ed51c85b
base.apk,res/layout/abc_alert_dialog_title_material.xml,res_xml,.xml,644,1560,deflate,acfabfa0
base.apk,res/layout/abc_cascading_menu_item_layout.xml,res_xml,.xml,713,1868,deflate,afbf474a
base.apk,res/layout/abc_dialog_title_material.xml,res_xml,.xml,524,1116,deflate,5718115c
base.apk,res/layout/abc_expanded_menu_layout.xml,res_xml,.xml,231,388,deflate,50b4b108
base.apk,res/layout/abc_list_menu_item_checkbox.xml,res_xml,.xml,284,528,deflate,6c85f490
base.apk,res/layout/abc_list_menu_item_icon.xml,res_xml,.xml,380,780,deflate,3ab54e54
base.apk,res/layout/abc_list_menu_item_layout.xml,res_xml,.xml,595,1396,deflate,e1c97de4
base.apk,res/layout/abc_list_menu_item_radio.xml,res_xml,.xml,287,532,deflate,d3511b77
base.apk,res/layout/abc_popup_menu_header_item_layout.xml,res_xml,.xml,431,848,deflate,01eacb2a
base.apk,res/layout/abc_popup_menu_item_layout.xml,res_xml,.xml,808,2072,deflate,0248da9d
base.apk,res/layout/abc_screen_content_include.xml,res_xml,.xml,297,548,deflate,df8257ee
base.apk,res/layout/abc_screen_simple.xml,res_xml,.xml,395,832,deflate,fc16e963
base.apk,res/layout/abc_screen_simple_overlay_action_mode.xml,res_xml,.xml,376,792,deflate,4a01d4eb
base.apk,res/layout/abc_screen_toolbar.xml,res_xml,.xml,620,1504,deflate,a71896a5
base.apk,res/layout/abc_search_dropdown_item_icons_2line.xml,res_xml,.xml,669,1916,deflate,46da19a4
base.apk,res/layout/abc_search_view.xml,res_xml,.xml,1104,3472,deflate,cc941091
base.apk,res/layout/abc_select_dialog_material.xml,res_xml,.xml,537,1020,deflate,c8229328
base.apk,res/layout/abc_tooltip.xml,res_xml,.xml,498,1056,deflate,09b2bf6d
base.apk,res/layout/browser_actions_context_menu_page.xml,res_xml,.xml,693,1660,deflate,79de9d68
base.apk,res/layout/browser_actions_context_menu_row.xml,res_xml,.xml,555,1212,deflate,847874f6
base.apk,res/layout/custom_dialog.xml,res_xml,.xml,310,612,deflate,f898e4a0
base.apk,res/layout/notification_template_part_chronometer.xml,res_xml,.xml,260,440,deflate,67c0e7e8
base.apk,res/layout/notification_template_part_time.xml,res_xml,.xml,263,440,deflate,e3b72861
base.apk,res/layout/select_dialog_item_material.xml,res_xml,.xml,350,640,deflate,0505127b
base.apk,res/layout/select_dialog_multichoice_material.xml,res_xml,.xml,443,864,deflate,2b4ca793
base.apk,res/layout/select_dialog_singlechoice_material.xml,res_xml,.xml,443,864,deflate,9ccd4cf0
base.apk,res/layout/support_simple_spinner_dropdown_item.xml,res_xml,.xml,270,464,deflate,212917e1
base.apk,res/layout-v21/notification_action.xml,res_xml,.xml,485,1052,deflate,8735f557
base.apk,res/layout-v21/notification_action_tombstone.xml,res_xml,.xml,536,1228,deflate,9eb5555c
base.apk,res/layout-v21/notification_template_custom_big.xml,res_xml,.xml,788,2456,deflate,9f30fb08
base.apk,res/layout-v21/notification_template_icon_group.xml,res_xml,.xml,417,988,deflate,9dc00e24
base.apk,res/layout-v26/abc_screen_toolbar.xml,res_xml,.xml,648,1560,deflate,bb566a35
base.apk,res/layout-watch-v20/abc_alert_dialog_button_bar_material.xml,res_xml,.xml,469,1208,deflate,838bb440
base.apk,res/layout-watch-v20/abc_alert_dialog_title_material.xml,res_xml,.xml,548,1352,deflate,bed3451a
base.apk,res/mipmap-anydpi-v26/app_icon.xml,res_xml,.xml,219,448,deflate,8534d2fe
base.apk,res/mipmap-anydpi-v26/app_icon_round.xml,res_xml,.xml,219,448,deflate,8534d2fe
base.apk,res/mipmap-hdpi-v4/app_icon.png,res_image,.png,11870,11870,stored,3c22fe14
base.apk,res/mipmap-hdpi-v4/app_icon_round.png,res_image,.png,11870,11870,stored,3c22fe14
base.apk,res/mipmap-hdpi-v4/ic_launcher_background.png,res_image,.png,33258,33258,stored,171bb2fe
base.apk,res/mipmap-hdpi-v4/ic_launcher_foreground.png,res_image,.png,38836,38836,stored,aa56b0c9
base.apk,res/mipmap-ldpi-v4/app_icon.png,res_image,.png,3506,3506,stored,07561bb4
base.apk,res/mipmap-ldpi-v4/app_icon_round.png,res_image,.png,3506,3506,stored,07561bb4
base.apk,res/mipmap-ldpi-v4/ic_launcher_background.png,res_image,.png,12234,12234,stored,16b04c01
base.apk,res/mipmap-ldpi-v4/ic_launcher_foreground.png,res_image,.png,11862,11862,stored,c7994ba6
base.apk,res/mipmap-mdpi-v4/app_icon.png,res_image,.png,5826,5826,stored,b82e0d0f
base.apk,res/mipmap-mdpi-v4/app_icon_round.png,res_image,.png,5826,5826,stored,b82e0d0f
base.apk,res/mipmap-mdpi-v4/ic_launcher_background.png,res_image,.png,19440,19440,stored,2af848ae
base.apk,res/mipmap-mdpi-v4/ic_launcher_foreground.png,res_image,.png,14360,14360,stored,cefcbc8d
base.apk,res/mipmap-xhdpi-v4/app_icon.png,res_image,.png,19128,19128,stored,0a3719bc
base.apk,res/mipmap-xhdpi-v4/app_icon_round.png,res_image,.png,19128,19128,stored,0a3719bc
base.apk,res/mipmap-xhdpi-v4/ic_launcher_background.png,res_image,.png,46968,46968,stored,40960c17
base.apk,res/mipmap-xhdpi-v4/ic_launcher_foreground.png,res_image,.png,44389,44389,stored,68c3b9be
base.apk,res/mipmap-xxhdpi-v4/app_icon.png,res_image,.png,37357,37357,stored,52ddbb1b
base.apk,res/mipmap-xxhdpi-v4/app_icon_round.png,res_image,.png,37357,37357,stored,52ddbb1b
base.apk,res/mipmap-xxhdpi-v4/ic_launcher_background.png,res_image,.png,77962,77962,stored,c5f38340
base.apk,res/mipmap-xxhdpi-v4/ic_launcher_foreground.png,res_image,.png,85757,85757,stored,9ebebf33
base.apk,res/mipmap-xxxhdpi-v4/app_icon.png,res_image,.png,58283,58283,stored,9453f8a4
base.apk,res/mipmap-xxxhdpi-v4/app_icon_round.png,res_image,.png,58283,58283,stored,9453f8a4
base.apk,res/mipmap-xxxhdpi-v4/ic_launcher_background.png,res_image,.png,115797,115797,stored,11efbc03
base.apk,res/mipmap-xxxhdpi-v4/ic_launcher_foreground.png,res_image,.png,137884,137884,stored,8d0a6114
base.apk,res/raw/com_android_billingclient_heterodyne_info,res_other,(none),46,46,stored,98c50340
base.apk,res/raw/com_android_billingclient_registration_info.binarypb,res_other,.binarypb,34,34,stored,5c3e08fd
base.apk,res/raw/firebase_common_keep.xml,res_xml,.xml,187,290,deflate,51cf4ab5
base.apk,res/xml/com_android_billingclient_phenotype.xml,res_xml,.xml,205,492,deflate,94f9ae68
base.apk,res/xml/data_extraction_backup_rules.xml,res_xml,.xml,440,1744,deflate,99ac6bcf
base.apk,res/xml/file_paths.xml,res_xml,.xml,191,380,deflate,0db1df9a
base.apk,res/xml/image_share_filepaths.xml,res_xml,.xml,163,308,deflate,10ed4d63
base.apk,res/xml/my_backup_rules.xml,res_xml,.xml,346,980,deflate,23758f0d
base.apk,res/xml/network_security_config.xml,res_xml,.xml,195,416,deflate,7989f962
base.apk,res/xml/splits0.xml,res_xml,.xml,945,8404,deflate,7b91bb99
base.apk,resources.arsc,android_binary_xml_or_arsc,.arsc,410484,410484,stored,2cc2ffa5
base.apk,stamp-cert-sha256,other,(none),35,32,deflate,62d68276
base.apk,META-INF/BNDLTOOL.SF,signature_meta,.sf,48651,120643,deflate,cd299e66
base.apk,META-INF/BNDLTOOL.RSA,signature_meta,.rsa,1900,2180,deflate,d08d73a7
base.apk,META-INF/MANIFEST.MF,signature_meta,.mf,47240,120516,deflate,55dacaf7
split_config.arm64_v8a.apk,AndroidManifest.xml,android_binary_xml_or_arsc,.xml,460,1032,deflate,14e251f5
split_config.arm64_v8a.apk,lib/arm64-v8a/libAkSoundEngine.so,native_library,.so,10042163,33655792,deflate,bf5fc21a
split_config.arm64_v8a.apk,lib/arm64-v8a/libFirebaseCppApp-12_10_0.so,native_library,.so,1575578,6040520,deflate,d73a9f0c
split_config.arm64_v8a.apk,lib/arm64-v8a/libFirebaseCppMessaging.so,native_library,.so,23443,90056,deflate,53133b81
split_config.arm64_v8a.apk,lib/arm64-v8a/libandroidutil.so,native_library,.so,2876,9904,deflate,f62a49fb
split_config.arm64_v8a.apk,lib/arm64-v8a/libbugsnag-ndk.so,native_library,.so,382538,1180936,deflate,8e30d6e8
split_config.arm64_v8a.apk,lib/arm64-v8a/libbugsnag-plugin-android-anr.so,native_library,.so,5429,13672,deflate,7cc7b55b
split_config.arm64_v8a.apk,lib/arm64-v8a/libbugsnag-root-detection.so,native_library,.so,1800,5032,deflate,f301d767
split_config.arm64_v8a.apk,lib/arm64-v8a/libc++_shared.so,native_library,.so,288848,993032,deflate,a997872c
split_config.arm64_v8a.apk,lib/arm64-v8a/libil2cpp.so,native_library,.so,54399952,119284480,deflate,e8c630a9
split_config.arm64_v8a.apk,lib/arm64-v8a/libjni.so,native_library,.so,2452,9584,deflate,b9286c99
split_config.arm64_v8a.apk,lib/arm64-v8a/libmain.so,native_library,.so,2550,6728,deflate,d8fe213b
split_config.arm64_v8a.apk,lib/arm64-v8a/libms.so,native_library,.so,6558,22192,deflate,32bc480f
split_config.arm64_v8a.apk,lib/arm64-v8a/libnabe-android.so,native_library,.so,4392,12040,deflate,b67eac90
split_config.arm64_v8a.apk,lib/arm64-v8a/libs2pcore.so,native_library,.so,4163813,12320280,deflate,88198ede
split_config.arm64_v8a.apk,lib/arm64-v8a/libunity.so,native_library,.so,10463423,25187672,deflate,909d9103
split_config.arm64_v8a.apk,lib/arm64-v8a/libzstd-jni.so,native_library,.so,264457,550752,deflate,174b5226
split_config.arm64_v8a.apk,stamp-cert-sha256,other,(none),35,32,deflate,62d68276
split_config.arm64_v8a.apk,META-INF/BNDLTOOL.SF,signature_meta,.sf,742,1625,deflate,9093754c
split_config.arm64_v8a.apk,META-INF/BNDLTOOL.RSA,signature_meta,.rsa,1894,2172,deflate,bca8c4d7
split_config.arm64_v8a.apk,META-INF/MANIFEST.MF,signature_meta,.mf,671,1517,deflate,26dbbd4f
