file,assembly,namespace,class
data.unity3d,Assembly-CSharp,,Ak3DAudioSinkCapabilities
data.unity3d,Assembly-CSharp,,Ak3dData
data.unity3d,Assembly-CSharp,,AkAcousticSurface
data.unity3d,Assembly-CSharp,,AkAcousticSurfaceArray
data.unity3d,Assembly-CSharp,,AkAmbient
data.unity3d,Assembly-CSharp,,AkAmbientLargeModePositioner
data.unity3d,Assembly-CSharp,,AkAndroidSettings
data.unity3d,Assembly-CSharp,,AkAudioFormat
data.unity3d,Assembly-CSharp,,AkAudioInputManager
data.unity3d,Assembly-CSharp,,AkAudioInterruptionCallbackInfo
data.unity3d,Assembly-CSharp,,AkAudioListener
data.unity3d,Assembly-CSharp,,AkAudioSettings
data.unity3d,Assembly-CSharp,,AkAudioSourceChangeCallbackInfo
data.unity3d,Assembly-CSharp,,AkAuxSendArray
data.unity3d,Assembly-CSharp,,AkAuxSendValue
data.unity3d,Assembly-CSharp,,AkBank
data.unity3d,Assembly-CSharp,,AkBankCallbackInfo
data.unity3d,Assembly-CSharp,,AkBankManager
data.unity3d,Assembly-CSharp,,AkBasePathGetter
data.unity3d,Assembly-CSharp,,AkBasePathGetter
data.unity3d,Assembly-CSharp,,AkBehavioralPositioningData
data.unity3d,Assembly-CSharp,,AkCallbackInfo
data.unity3d,Assembly-CSharp,,AkCallbackManager
data.unity3d,Assembly-CSharp,,AkCallbackSerializer
data.unity3d,Assembly-CSharp,,AkChannelConfig
data.unity3d,Assembly-CSharp,,AkChannelEmitter
data.unity3d,Assembly-CSharp,,AkChannelEmitterArray
data.unity3d,Assembly-CSharp,,AkCommonPlatformSettings
data.unity3d,Assembly-CSharp,,AkCommunicationSettings
data.unity3d,Assembly-CSharp,,AkDeviceDescription
data.unity3d,Assembly-CSharp,,AkDeviceDescriptionArray
data.unity3d,Assembly-CSharp,,AkDeviceSettings
data.unity3d,Assembly-CSharp,,AkDiffractionPathInfo
data.unity3d,Assembly-CSharp,,AkDiffractionPathInfoArray
data.unity3d,Assembly-CSharp,,AkDurationCallbackInfo
data.unity3d,Assembly-CSharp,,AkDynamicSequenceItemCallbackInfo
data.unity3d,Assembly-CSharp,,AkEarlyReflections
data.unity3d,Assembly-CSharp,,AkEmitterObstructionOcclusion
data.unity3d,Assembly-CSharp,,AkEnumFlagAttribute
data.unity3d,Assembly-CSharp,,AkEnvironment
data.unity3d,Assembly-CSharp,,AkEnvironmentPortal
data.unity3d,Assembly-CSharp,,AkEvent
data.unity3d,Assembly-CSharp,,AkEventCallbackData
data.unity3d,Assembly-CSharp,,AkEventCallbackInfo
data.unity3d,Assembly-CSharp,,AkEventPlayableBehavior
data.unity3d,Assembly-CSharp,,AkExtent
data.unity3d,Assembly-CSharp,,AkExternalSourceInfo
data.unity3d,Assembly-CSharp,,AkExternalSourceInfoArray
data.unity3d,Assembly-CSharp,,AkGameObj
data.unity3d,Assembly-CSharp,,AkGameObjEnvironmentData
data.unity3d,Assembly-CSharp,,AkGameObjListenerList
data.unity3d,Assembly-CSharp,,AkGameObjPosOffsetData
data.unity3d,Assembly-CSharp,,AkGameObjPositionData
data.unity3d,Assembly-CSharp,,AkGameObjPositionOffsetData
data.unity3d,Assembly-CSharp,,AkGeometryInstanceParams
data.unity3d,Assembly-CSharp,,AkImageSourceParams
data.unity3d,Assembly-CSharp,,AkImageSourceSettings
data.unity3d,Assembly-CSharp,,AkInitSettings
data.unity3d,Assembly-CSharp,,AkInitializationSettings
data.unity3d,Assembly-CSharp,,AkInitializer
data.unity3d,Assembly-CSharp,,AkIterator
data.unity3d,Assembly-CSharp,,AkListenerDistanceProbe
data.unity3d,Assembly-CSharp,,AkLogger
data.unity3d,Assembly-CSharp,,AkMIDIEvent
data.unity3d,Assembly-CSharp,,AkMIDIEventCallbackInfo
data.unity3d,Assembly-CSharp,,AkMIDIPost
data.unity3d,Assembly-CSharp,,AkMIDIPostArray
data.unity3d,Assembly-CSharp,,AkMacSettings
data.unity3d,Assembly-CSharp,,AkMarkerCallbackInfo
data.unity3d,Assembly-CSharp,,AkMemBankLoader
data.unity3d,Assembly-CSharp,,AkMonitoringCallbackInfo
data.unity3d,Assembly-CSharp,,AkMusicPlaylistCallbackInfo
data.unity3d,Assembly-CSharp,,AkMusicSettings
data.unity3d,Assembly-CSharp,,AkMusicSyncCallbackInfo
data.unity3d,Assembly-CSharp,,AkObjectInfo
data.unity3d,Assembly-CSharp,,AkObjectInfoArray
data.unity3d,Assembly-CSharp,,AkObstructionOcclusion
data.unity3d,Assembly-CSharp,,AkObstructionOcclusionValues
data.unity3d,Assembly-CSharp,,AkObstructionOcclusionValuesArray
data.unity3d,Assembly-CSharp,,AkOutputSettings
data.unity3d,Assembly-CSharp,,AkPlatformInitSettings
data.unity3d,Assembly-CSharp,,AkPlaylist
data.unity3d,Assembly-CSharp,,AkPlaylistArray
data.unity3d,Assembly-CSharp,,AkPlaylistItem
data.unity3d,Assembly-CSharp,,AkPositionArray
data.unity3d,Assembly-CSharp,,AkPositioningData
data.unity3d,Assembly-CSharp,,AkPositioningInfo
data.unity3d,Assembly-CSharp,,AkRadialEmitter
data.unity3d,Assembly-CSharp,,AkRamp
data.unity3d,Assembly-CSharp,,AkReflectionPathInfo
data.unity3d,Assembly-CSharp,,AkReflectionPathInfoArray
data.unity3d,Assembly-CSharp,,AkResourceMonitorDataSummary
data.unity3d,Assembly-CSharp,,AkReverbZone
data.unity3d,Assembly-CSharp,,AkRoom
data.unity3d,Assembly-CSharp,,AkRoomAwareManager
data.unity3d,Assembly-CSharp,,AkRoomAwareObject
data.unity3d,Assembly-CSharp,,AkRoomManager
data.unity3d,Assembly-CSharp,,AkRoomParams
data.unity3d,Assembly-CSharp,,AkRoomPortal
data.unity3d,Assembly-CSharp,,AkRoomPortalObstruction
data.unity3d,Assembly-CSharp,,AkSegmentInfo
data.unity3d,Assembly-CSharp,,AkSerializedCallbackHeader
data.unity3d,Assembly-CSharp,,AkShowOnlyAttribute
data.unity3d,Assembly-CSharp,,AkSoundEngine
data.unity3d,Assembly-CSharp,,AkSoundEngine
data.unity3d,Assembly-CSharp,,AkSoundEngine
data.unity3d,Assembly-CSharp,,AkSoundEngine
data.unity3d,Assembly-CSharp,,AkSoundEngine
data.unity3d,Assembly-CSharp,,AkSoundEngine
data.unity3d,Assembly-CSharp,,AkSoundEngine
data.unity3d,Assembly-CSharp,,AkSoundEngineController
data.unity3d,Assembly-CSharp,,AkSoundEngineInitialization
data.unity3d,Assembly-CSharp,,AkSoundEnginePINVOKE
data.unity3d,Assembly-CSharp,,AkSourceSettings
data.unity3d,Assembly-CSharp,,AkSourceSettingsArray
data.unity3d,Assembly-CSharp,,AkSpatialAudioDebugDraw
data.unity3d,Assembly-CSharp,,AkSpatialAudioEmitter
data.unity3d,Assembly-CSharp,,AkSpatialAudioInitSettings
data.unity3d,Assembly-CSharp,,AkSpatialAudioListener
data.unity3d,Assembly-CSharp,,AkState
data.unity3d,Assembly-CSharp,,AkStdMovePolicy
data.unity3d,Assembly-CSharp,,AkStreamMgrSettings
data.unity3d,Assembly-CSharp,,AkSurfaceReflector
data.unity3d,Assembly-CSharp,,AkSwitch
data.unity3d,Assembly-CSharp,,AkTerminator
data.unity3d,Assembly-CSharp,,AkThreadProperties
data.unity3d,Assembly-CSharp,,AkTransform
data.unity3d,Assembly-CSharp,,AkTriangle
data.unity3d,Assembly-CSharp,,AkTriangleArray
data.unity3d,Assembly-CSharp,,AkTriggerBase
data.unity3d,Assembly-CSharp,,AkTriggerCollisionEnter
data.unity3d,Assembly-CSharp,,AkTriggerCollisionExit
data.unity3d,Assembly-CSharp,,AkTriggerDisable
data.unity3d,Assembly-CSharp,,AkTriggerEnable
data.unity3d,Assembly-CSharp,,AkTriggerEnter
data.unity3d,Assembly-CSharp,,AkTriggerExit
data.unity3d,Assembly-CSharp,,AkTriggerHandler
data.unity3d,Assembly-CSharp,,AkTriggerMouseDown
data.unity3d,Assembly-CSharp,,AkTriggerMouseEnter
data.unity3d,Assembly-CSharp,,AkTriggerMouseExit
data.unity3d,Assembly-CSharp,,AkTriggerMouseUp
data.unity3d,Assembly-CSharp,,AkTrivialStdMovePolicy
data.unity3d,Assembly-CSharp,,AkUnityPlatformSpecificSettings
data.unity3d,Assembly-CSharp,,AkUtilities
data.unity3d,Assembly-CSharp,,AkVector
data.unity3d,Assembly-CSharp,,AkVector64
data.unity3d,Assembly-CSharp,,AkVertex
data.unity3d,Assembly-CSharp,,AkWaapiClient
data.unity3d,Assembly-CSharp,,AkWaapiUtilities
data.unity3d,Assembly-CSharp,,AkWindowsSettings
data.unity3d,Assembly-CSharp,,AkWorldTransform
data.unity3d,Assembly-CSharp,,AkWwiseEditorSettings
data.unity3d,Assembly-CSharp,,AkWwiseInitializationSettings
data.unity3d,Assembly-CSharp,,AkWwiseSoundbanksInfoXMLFileWatcher
data.unity3d,Assembly-CSharp,,AkWwiseTrigger
data.unity3d,Assembly-CSharp,,AkiOSSettings
data.unity3d,Assembly-CSharp,,DebugFilterExtension
data.unity3d,Assembly-CSharp,,EffectGpuPtclFireWorks
data.unity3d,Assembly-CSharp,,Jni
data.unity3d,Assembly-CSharp,,JsonSerializable
data.unity3d,Assembly-CSharp,,MonitorErrorInfo
data.unity3d,Assembly-CSharp,,MsgContext
data.unity3d,Assembly-CSharp,,Wamp
data.unity3d,Assembly-CSharp,,WwiseAcousticTextureReference
data.unity3d,Assembly-CSharp,,WwiseAuxBusReference
data.unity3d,Assembly-CSharp,,WwiseBankReference
data.unity3d,Assembly-CSharp,,WwiseEventReference
data.unity3d,Assembly-CSharp,,WwiseObjectReference
data.unity3d,Assembly-CSharp,,WwiseRtpcReference
data.unity3d,Assembly-CSharp,,WwiseStateGroupReference
data.unity3d,Assembly-CSharp,,WwiseStateReference
data.unity3d,Assembly-CSharp,,WwiseSwitchGroupReference
data.unity3d,Assembly-CSharp,,WwiseSwitchReference
data.unity3d,Assembly-CSharp,,WwiseTriggerReference
data.unity3d,Assembly-CSharp,,ak
data.unity3d,Assembly-CSharp,AK.Wwise,AcousticTexture
data.unity3d,Assembly-CSharp,AK.Wwise,AuxBus
data.unity3d,Assembly-CSharp,AK.Wwise,Bank
data.unity3d,Assembly-CSharp,AK.Wwise,BaseGroupType
data.unity3d,Assembly-CSharp,AK.Wwise,BaseType
data.unity3d,Assembly-CSharp,AK.Wwise,CallbackFlags
data.unity3d,Assembly-CSharp,AK.Wwise,Event
data.unity3d,Assembly-CSharp,AK.Wwise,IMigratable
data.unity3d,Assembly-CSharp,AK.Wwise,RTPC
data.unity3d,Assembly-CSharp,AK.Wwise,State
data.unity3d,Assembly-CSharp,AK.Wwise,Switch
data.unity3d,Assembly-CSharp,AK.Wwise,Trigger
data.unity3d,Assembly-CSharp,Game,AIDefine
data.unity3d,Assembly-CSharp,Game,AIDriftDrive
data.unity3d,Assembly-CSharp,Game,AIItemBase
data.unity3d,Assembly-CSharp,Game,AIItemBattle
data.unity3d,Assembly-CSharp,Game,AIItemBossKoopa
data.unity3d,Assembly-CSharp,Game,AIItemBossKoopaBalloon
data.unity3d,Assembly-CSharp,Game,AIItemEvent
data.unity3d,Assembly-CSharp,Game,AIItemGhost
data.unity3d,Assembly-CSharp,Game,AIItemP2P
data.unity3d,Assembly-CSharp,Game,AIItemParade
data.unity3d,Assembly-CSharp,Game,AIItemRandom
data.unity3d,Assembly-CSharp,Game,AIItemRankRace
data.unity3d,Assembly-CSharp,Game,AIItemRun
data.unity3d,Assembly-CSharp,Game,AIItemRunKiller
data.unity3d,Assembly-CSharp,Game,AIItemRunSemiAutoRun
data.unity3d,Assembly-CSharp,Game,AIItemRunType018
data.unity3d,Assembly-CSharp,Game,AIItemRunType020
data.unity3d,Assembly-CSharp,Game,AIItemRunType036
data.unity3d,Assembly-CSharp,Game,AIJudgement
data.unity3d,Assembly-CSharp,Game,AIManager
data.unity3d,Assembly-CSharp,Game,AIPathData
data.unity3d,Assembly-CSharp,Game,AIPathDataGenerator
data.unity3d,Assembly-CSharp,Game,AIPathDataRecorder
data.unity3d,Assembly-CSharp,Game,AIPathHandler
data.unity3d,Assembly-CSharp,Game,AISearch
data.unity3d,Assembly-CSharp,Game,AISpeed
data.unity3d,Assembly-CSharp,Game,AISpeedBossKoopa
data.unity3d,Assembly-CSharp,Game,AISpeedBossKoopaBalloon
data.unity3d,Assembly-CSharp,Game,AISpeedCoinBattle
data.unity3d,Assembly-CSharp,Game,AISpeedCountStampEnemy
data.unity3d,Assembly-CSharp,Game,AISpeedParade
data.unity3d,Assembly-CSharp,Game,AISpeedRankRace
data.unity3d,Assembly-CSharp,Game,AIStrategy
data.unity3d,Assembly-CSharp,Game,AIUnit
data.unity3d,Assembly-CSharp,Game,AIUtil
data.unity3d,Assembly-CSharp,Game,AIWinningRun
data.unity3d,Assembly-CSharp,Game,AchievementsUtil
data.unity3d,Assembly-CSharp,Game,AclBuffer
data.unity3d,Assembly-CSharp,Game,AclInnerUtil
data.unity3d,Assembly-CSharp,Game,AclManager
data.unity3d,Assembly-CSharp,Game,AnimatorEventListener
data.unity3d,Assembly-CSharp,Game,AudioAnimationBase
data.unity3d,Assembly-CSharp,Game,AudioAnimationDefault
data.unity3d,Assembly-CSharp,Game,AudioBehaviorBase
data.unity3d,Assembly-CSharp,Game,AudioBehaviorButton
data.unity3d,Assembly-CSharp,Game,AudioBehaviorDrag
data.unity3d,Assembly-CSharp,Game,AudioBehaviorDropdown
data.unity3d,Assembly-CSharp,Game,AudioBehaviorInputField
data.unity3d,Assembly-CSharp,Game,AudioBehaviorScreen
data.unity3d,Assembly-CSharp,Game,AudioBehaviorSlider
data.unity3d,Assembly-CSharp,Game,AudioBehaviorToggle
data.unity3d,Assembly-CSharp,Game,AudioDebugManager
data.unity3d,Assembly-CSharp,Game,AudioDefine
data.unity3d,Assembly-CSharp,Game,AudioEngine
data.unity3d,Assembly-CSharp,Game,AudioEventManager
data.unity3d,Assembly-CSharp,Game,AudioExternal
data.unity3d,Assembly-CSharp,Game,AudioFocusManager
data.unity3d,Assembly-CSharp,Game,AudioInnerUtil
data.unity3d,Assembly-CSharp,Game,AudioInternal
data.unity3d,Assembly-CSharp,Game,AudioListenerManager
data.unity3d,Assembly-CSharp,Game,AudioManager
data.unity3d,Assembly-CSharp,Game,AudioObj3DBase
data.unity3d,Assembly-CSharp,Game,AudioObjBase
data.unity3d,Assembly-CSharp,Game,AudioObjBgmMenu
data.unity3d,Assembly-CSharp,Game,AudioObjBgmMenuMain
data.unity3d,Assembly-CSharp,Game,AudioObjBgmMenuStartup
data.unity3d,Assembly-CSharp,Game,AudioObjBgmRace
data.unity3d,Assembly-CSharp,Game,AudioObjBgmRaceCmn
data.unity3d,Assembly-CSharp,Game,AudioObjBgmRaceCmnMode
data.unity3d,Assembly-CSharp,Game,AudioObjBgmResult
data.unity3d,Assembly-CSharp,Game,AudioObjDirectorBase
data.unity3d,Assembly-CSharp,Game,AudioObjPackKart
data.unity3d,Assembly-CSharp,Game,AudioObjPackRace
data.unity3d,Assembly-CSharp,Game,AudioObjPackResult
data.unity3d,Assembly-CSharp,Game,AudioObjSeCourseObj
data.unity3d,Assembly-CSharp,Game,AudioObjSeItemObj
data.unity3d,Assembly-CSharp,Game,AudioObjSeKart
data.unity3d,Assembly-CSharp,Game,AudioObjSeKartEngine
data.unity3d,Assembly-CSharp,Game,AudioObjSeKartMtr
data.unity3d,Assembly-CSharp,Game,AudioObjSeKartMtrWall
data.unity3d,Assembly-CSharp,Game,AudioObjSeMapObj
data.unity3d,Assembly-CSharp,Game,AudioObjSeMapObjCmn
data.unity3d,Assembly-CSharp,Game,AudioObjSeMenuVoice
data.unity3d,Assembly-CSharp,Game,AudioObjSeRace
data.unity3d,Assembly-CSharp,Game,AudioObjSeResult
data.unity3d,Assembly-CSharp,Game,AudioObjSeSys
data.unity3d,Assembly-CSharp,Game,AudioObjSeVoice
data.unity3d,Assembly-CSharp,Game,AudioObjSetting
data.unity3d,Assembly-CSharp,Game,AudioObjStateCourse
data.unity3d,Assembly-CSharp,Game,AudioObjStateCourseArea
data.unity3d,Assembly-CSharp,Game,AudioObjStateCourseSoundPointManager
data.unity3d,Assembly-CSharp,Game,AudioObjStateKart
data.unity3d,Assembly-CSharp,Game,AudioResourceManager
data.unity3d,Assembly-CSharp,Game,AudioScene
data.unity3d,Assembly-CSharp,Game,AudioSceneBase
data.unity3d,Assembly-CSharp,Game,AudioScriptableParamManager
data.unity3d,Assembly-CSharp,Game,AudioSoundBankParser
data.unity3d,Assembly-CSharp,Game,AudioSubEngine
data.unity3d,Assembly-CSharp,Game,AudioSubSceneMenu
data.unity3d,Assembly-CSharp,Game,AudioSubSceneRace
data.unity3d,Assembly-CSharp,Game,AudioSubSceneRaceBase
data.unity3d,Assembly-CSharp,Game,AudioSubSceneRaceInnerBase
data.unity3d,Assembly-CSharp,Game,AudioSubSceneResult
data.unity3d,Assembly-CSharp,Game,AudioUtil
data.unity3d,Assembly-CSharp,Game,AudioWwiseStateGroupManager
data.unity3d,Assembly-CSharp,Game,AutoNumberingErrorCode
data.unity3d,Assembly-CSharp,Game,AutoScroller
data.unity3d,Assembly-CSharp,Game,BombHelper
data.unity3d,Assembly-CSharp,Game,BoolTestCase
data.unity3d,Assembly-CSharp,Game,Boot
data.unity3d,Assembly-CSharp,Game,BoxCol
data.unity3d,Assembly-CSharp,Game,BoxColDefine
data.unity3d,Assembly-CSharp,Game,BoxColUtil
data.unity3d,Assembly-CSharp,Game,ButtonAudioBehavior
data.unity3d,Assembly-CSharp,Game,CallbackConfigOnReceiveData
data.unity3d,Assembly-CSharp,Game,CameraBackMirror
data.unity3d,Assembly-CSharp,Game,CameraBase
data.unity3d,Assembly-CSharp,Game,CameraCameraMode
data.unity3d,Assembly-CSharp,Game,CameraCollision
data.unity3d,Assembly-CSharp,Game,CameraDefine
data.unity3d,Assembly-CSharp,Game,CameraDemoDirector
data.unity3d,Assembly-CSharp,Game,CameraDirector
data.unity3d,Assembly-CSharp,Game,CameraEngine
data.unity3d,Assembly-CSharp,Game,CameraInfoProxy
data.unity3d,Assembly-CSharp,Game,CameraKart
data.unity3d,Assembly-CSharp,Game,CameraModuleAutoRotate
data.unity3d,Assembly-CSharp,Game,CameraModuleBase
data.unity3d,Assembly-CSharp,Game,CameraModuleFreeRotate
data.unity3d,Assembly-CSharp,Game,CameraModuleManager
data.unity3d,Assembly-CSharp,Game,CameraModuleParam
data.unity3d,Assembly-CSharp,Game,CameraModuleRotateBase
data.unity3d,Assembly-CSharp,Game,CameraP2PStartDemo
data.unity3d,Assembly-CSharp,Game,CameraParade
data.unity3d,Assembly-CSharp,Game,CameraParadeIntro
data.unity3d,Assembly-CSharp,Game,CameraParadeStartDemo
data.unity3d,Assembly-CSharp,Game,CameraRemote
data.unity3d,Assembly-CSharp,Game,CameraSync
data.unity3d,Assembly-CSharp,Game,CameraUtil
data.unity3d,Assembly-CSharp,Game,CloneHeader
data.unity3d,Assembly-CSharp,Game,CollisionBigBits256
data.unity3d,Assembly-CSharp,Game,CollisionBoxColManager
data.unity3d,Assembly-CSharp,Game,CollisionDataGndMaterial
data.unity3d,Assembly-CSharp,Game,CollisionDataGndMaterialSet
data.unity3d,Assembly-CSharp,Game,CollisionDebug
data.unity3d,Assembly-CSharp,Game,CollisionGndCol
data.unity3d,Assembly-CSharp,Game,CollisionGndColBlock
data.unity3d,Assembly-CSharp,Game,CollisionGndColBlockKCol
data.unity3d,Assembly-CSharp,Game,CollisionGndColHitInfo
data.unity3d,Assembly-CSharp,Game,CollisionGndColHitInfoImpl
data.unity3d,Assembly-CSharp,Game,CollisionGndColInfo
data.unity3d,Assembly-CSharp,Game,CollisionGndColManager
data.unity3d,Assembly-CSharp,Game,CollisionGndColMaterial
data.unity3d,Assembly-CSharp,Game,CollisionGndColMaterialInKCol
data.unity3d,Assembly-CSharp,Game,CollisionGndColProperty
data.unity3d,Assembly-CSharp,Game,CollisionGndColUtil
data.unity3d,Assembly-CSharp,Game,CollisionGndMaterialManager
data.unity3d,Assembly-CSharp,Game,CollisionInnerUtil
data.unity3d,Assembly-CSharp,Game,CollisionPrimCol
data.unity3d,Assembly-CSharp,Game,CollisionPrimColDefine
data.unity3d,Assembly-CSharp,Game,CollisionPrimColImpl
data.unity3d,Assembly-CSharp,Game,CollisionPrimColManager
data.unity3d,Assembly-CSharp,Game,CommonRecorder
data.unity3d,Assembly-CSharp,Game,CourseCategoryUtility
data.unity3d,Assembly-CSharp,Game,CouserIdTestCase
data.unity3d,Assembly-CSharp,Game,CupTestCase
data.unity3d,Assembly-CSharp,Game,DebugEngine
data.unity3d,Assembly-CSharp,Game,DebugKartSetCapture
data.unity3d,Assembly-CSharp,Game,DebugLuaProfileManager
data.unity3d,Assembly-CSharp,Game,DebugMachinePartsCapture
data.unity3d,Assembly-CSharp,Game,DebugMessageStyleRectDrawer
data.unity3d,Assembly-CSharp,Game,DebugProfilingFastBehaviour
data.unity3d,Assembly-CSharp,Game,DebugProfilingLateBehaviour
data.unity3d,Assembly-CSharp,Game,DebugProfilingManager
data.unity3d,Assembly-CSharp,Game,DebugProfilingNumberDrawer
data.unity3d,Assembly-CSharp,Game,DebugPromotionCapture
data.unity3d,Assembly-CSharp,Game,DebugScriptableCameraDebugFree
data.unity3d,Assembly-CSharp,Game,DebugScriptableCameraDemoDirector
data.unity3d,Assembly-CSharp,Game,DebugScriptableCameraEdit
data.unity3d,Assembly-CSharp,Game,DebugScriptableCameraGetawayParam
data.unity3d,Assembly-CSharp,Game,DebugScriptableCheckValidMapConfig
data.unity3d,Assembly-CSharp,Game,DebugScriptableCollisionGndCol
data.unity3d,Assembly-CSharp,Game,DebugScriptableDemoPromotionCamera
data.unity3d,Assembly-CSharp,Game,DebugScriptableDeviceIdentifier
data.unity3d,Assembly-CSharp,Game,DebugScriptableItemConfig
data.unity3d,Assembly-CSharp,Game,DebugScriptableMakeupEditMove
data.unity3d,Assembly-CSharp,Game,DebugScriptableRandomKartPromotion
data.unity3d,Assembly-CSharp,Game,DebugTextErrorDrawer
data.unity3d,Assembly-CSharp,Game,DebugUIDrawer
data.unity3d,Assembly-CSharp,Game,DebugUIHitDrawer
data.unity3d,Assembly-CSharp,Game,DebugUserCameraFactory
data.unity3d,Assembly-CSharp,Game,DebugUserManagerFactory
data.unity3d,Assembly-CSharp,Game,DemoCamera
data.unity3d,Assembly-CSharp,Game,DemoCameraController
data.unity3d,Assembly-CSharp,Game,DemoCameraData
data.unity3d,Assembly-CSharp,Game,DemoCameraParam
data.unity3d,Assembly-CSharp,Game,DemoCameraRail
data.unity3d,Assembly-CSharp,Game,DemoCameraTarget
data.unity3d,Assembly-CSharp,Game,DemoCameraTargetKart
data.unity3d,Assembly-CSharp,Game,DemoCameraUtil
data.unity3d,Assembly-CSharp,Game,DemoCourseIntroCamera
data.unity3d,Assembly-CSharp,Game,DemoDefine
data.unity3d,Assembly-CSharp,Game,DemoGoalCamera
data.unity3d,Assembly-CSharp,Game,DemoPromotionCamera
data.unity3d,Assembly-CSharp,Game,DemoStartCamera
data.unity3d,Assembly-CSharp,Game,DemoTriggerCollision
data.unity3d,Assembly-CSharp,Game,DirectPrint
data.unity3d,Assembly-CSharp,Game,DoubleBuffer
data.unity3d,Assembly-CSharp,Game,DoubleBufferUtility
data.unity3d,Assembly-CSharp,Game,DriverMetamorphosisParameter
data.unity3d,Assembly-CSharp,Game,DriverTestCase
data.unity3d,Assembly-CSharp,Game,DtPartsLoader
data.unity3d,Assembly-CSharp,Game,DynamicRigDynamicRig
data.unity3d,Assembly-CSharp,Game,DynamicRigDynamicUnit
data.unity3d,Assembly-CSharp,Game,DynamicRigDynamicUnitInitProperty
data.unity3d,Assembly-CSharp,Game,DynamicRigDynamicUnitManager
data.unity3d,Assembly-CSharp,Game,DynamicRigUtility
data.unity3d,Assembly-CSharp,Game,DynamicWaterSotingGroupChanger
data.unity3d,Assembly-CSharp,Game,EffectAnim
data.unity3d,Assembly-CSharp,Game,EffectAreaBase
data.unity3d,Assembly-CSharp,Game,EffectAreaCamera
data.unity3d,Assembly-CSharp,Game,EffectAreaEnv
data.unity3d,Assembly-CSharp,Game,EffectCallback
data.unity3d,Assembly-CSharp,Game,EffectDefine
data.unity3d,Assembly-CSharp,Game,EffectDirector
data.unity3d,Assembly-CSharp,Game,EffectFieldFlare
data.unity3d,Assembly-CSharp,Game,EffectFieldFog
data.unity3d,Assembly-CSharp,Game,EffectFieldObj
data.unity3d,Assembly-CSharp,Game,EffectGameObjectManager
data.unity3d,Assembly-CSharp,Game,EffectGpuPtclAreaLoop
data.unity3d,Assembly-CSharp,Game,EffectItemObj
data.unity3d,Assembly-CSharp,Game,EffectItemObjTrigger
data.unity3d,Assembly-CSharp,Game,EffectKart
data.unity3d,Assembly-CSharp,Game,EffectKartBase
data.unity3d,Assembly-CSharp,Game,EffectKartBody
data.unity3d,Assembly-CSharp,Game,EffectKartChassis
data.unity3d,Assembly-CSharp,Game,EffectKartDriver
data.unity3d,Assembly-CSharp,Game,EffectKartGndAttribute
data.unity3d,Assembly-CSharp,Game,EffectKartScreen
data.unity3d,Assembly-CSharp,Game,EffectKartTire
data.unity3d,Assembly-CSharp,Game,EffectKartWing
data.unity3d,Assembly-CSharp,Game,EffectKeyContainerPair
data.unity3d,Assembly-CSharp,Game,EffectManager
data.unity3d,Assembly-CSharp,Game,EffectMapObj
data.unity3d,Assembly-CSharp,Game,EffectMapObjTrigger
data.unity3d,Assembly-CSharp,Game,EffectObj
data.unity3d,Assembly-CSharp,Game,EffectObjArea
data.unity3d,Assembly-CSharp,Game,EffectObjKart
data.unity3d,Assembly-CSharp,Game,EffectObjKartPool
data.unity3d,Assembly-CSharp,Game,EffectParameter
data.unity3d,Assembly-CSharp,Game,EffectScreenFade
data.unity3d,Assembly-CSharp,Game,EffectScriptableObjectContainerPair
data.unity3d,Assembly-CSharp,Game,EffectTransformHash
data.unity3d,Assembly-CSharp,Game,EffectUtil
data.unity3d,Assembly-CSharp,Game,EngineTaskParameter
data.unity3d,Assembly-CSharp,Game,EnsureIT_ReferenceData
data.unity3d,Assembly-CSharp,Game,EnumFlagsAttribute
data.unity3d,Assembly-CSharp,Game,EventDefine
data.unity3d,Assembly-CSharp,Game,EventShopProductTestCase
data.unity3d,Assembly-CSharp,Game,EventTestCase
data.unity3d,Assembly-CSharp,Game,EventUtil
data.unity3d,Assembly-CSharp,Game,ExitPvPSequenceAction
data.unity3d,Assembly-CSharp,Game,FieldCulling
data.unity3d,Assembly-CSharp,Game,FieldDirector
data.unity3d,Assembly-CSharp,Game,FieldEffectElementBase
data.unity3d,Assembly-CSharp,Game,FieldFlareChanger
data.unity3d,Assembly-CSharp,Game,FieldFlareTimeChangeData
data.unity3d,Assembly-CSharp,Game,FieldFogChanger
data.unity3d,Assembly-CSharp,Game,FieldFogTimeChangeData
data.unity3d,Assembly-CSharp,Game,FieldLightParametersChangeData
data.unity3d,Assembly-CSharp,Game,FieldLightParametersChanger
data.unity3d,Assembly-CSharp,Game,FieldLightProbeChangeData
data.unity3d,Assembly-CSharp,Game,FieldLightProbeChanger
data.unity3d,Assembly-CSharp,Game,FieldStart
data.unity3d,Assembly-CSharp,Game,FieldTilingChanger
data.unity3d,Assembly-CSharp,Game,FieldUtil
data.unity3d,Assembly-CSharp,Game,FirebaseInitializer
data.unity3d,Assembly-CSharp,Game,ForegroundAndBackgroundColor
data.unity3d,Assembly-CSharp,Game,Framework
data.unity3d,Assembly-CSharp,Game,FrameworkArena
data.unity3d,Assembly-CSharp,Game,FrameworkDefine
data.unity3d,Assembly-CSharp,Game,FrameworkEngineBase
data.unity3d,Assembly-CSharp,Game,FrameworkEngineCreator
data.unity3d,Assembly-CSharp,Game,FrameworkFrameDropCounter
data.unity3d,Assembly-CSharp,Game,FrameworkGame
data.unity3d,Assembly-CSharp,Game,FrameworkInnerUtil
data.unity3d,Assembly-CSharp,Game,FrameworkLateUpdate
data.unity3d,Assembly-CSharp,Game,FrameworkSceneBase
data.unity3d,Assembly-CSharp,Game,FrameworkSceneBoot
data.unity3d,Assembly-CSharp,Game,FrameworkSceneCreator
data.unity3d,Assembly-CSharp,Game,FrameworkSceneGame
data.unity3d,Assembly-CSharp,Game,FrameworkSceneGameBase
data.unity3d,Assembly-CSharp,Game,FrameworkSceneManager
data.unity3d,Assembly-CSharp,Game,FrameworkScenePlan
data.unity3d,Assembly-CSharp,Game,FrameworkScenePlanBase
data.unity3d,Assembly-CSharp,Game,FrameworkSceneRoot
data.unity3d,Assembly-CSharp,Game,FrameworkSceneRootBase
data.unity3d,Assembly-CSharp,Game,FrameworkUtil
data.unity3d,Assembly-CSharp,Game,GameObjectUtility
data.unity3d,Assembly-CSharp,Game,GessoInkData
data.unity3d,Assembly-CSharp,Game,GessoInkKey
data.unity3d,Assembly-CSharp,Game,Glicko2
data.unity3d,Assembly-CSharp,Game,GraphicCustomEffectShaderProperties
data.unity3d,Assembly-CSharp,Game,GraphicCustomStandardShaderProperties
data.unity3d,Assembly-CSharp,Game,GraphicDefine
data.unity3d,Assembly-CSharp,Game,GraphicDriver
data.unity3d,Assembly-CSharp,Game,GraphicDriverDot
data.unity3d,Assembly-CSharp,Game,GraphicDriverFaceChangeEvent
data.unity3d,Assembly-CSharp,Game,GraphicDriverFaceResource
data.unity3d,Assembly-CSharp,Game,GraphicDriverFaceResourceCollection
data.unity3d,Assembly-CSharp,Game,GraphicDriverMonoBehaviour
data.unity3d,Assembly-CSharp,Game,GraphicDriverMotionState
data.unity3d,Assembly-CSharp,Game,GraphicDriverMotionStateRequestQueue
data.unity3d,Assembly-CSharp,Game,GraphicDriverMotionStateUtil
data.unity3d,Assembly-CSharp,Game,GraphicDriverWill
data.unity3d,Assembly-CSharp,Game,GraphicEngine
data.unity3d,Assembly-CSharp,Game,GraphicGessoInkShaderProperties
data.unity3d,Assembly-CSharp,Game,GraphicGessoInkSlate
data.unity3d,Assembly-CSharp,Game,GraphicKartArrow
data.unity3d,Assembly-CSharp,Game,GraphicKartConstructor
data.unity3d,Assembly-CSharp,Game,GraphicKartDriver
data.unity3d,Assembly-CSharp,Game,GraphicKartDriverResource
data.unity3d,Assembly-CSharp,Game,GraphicKartKiller
data.unity3d,Assembly-CSharp,Game,GraphicKartPartsReplaceMaterialInfo
data.unity3d,Assembly-CSharp,Game,GraphicKartSuspension
data.unity3d,Assembly-CSharp,Game,GraphicLodUtil
data.unity3d,Assembly-CSharp,Game,GraphicPostEffectManager
data.unity3d,Assembly-CSharp,Game,GraphicShaderPropertiy
data.unity3d,Assembly-CSharp,Game,GraphicShadowEyeTexture
data.unity3d,Assembly-CSharp,Game,GraphicShadowManager
data.unity3d,Assembly-CSharp,Game,GraphicShadowManagerCameraMonoBehavior
data.unity3d,Assembly-CSharp,Game,GraphicShadowProjector
data.unity3d,Assembly-CSharp,Game,GraphicShadowProjectorRenderTexture
data.unity3d,Assembly-CSharp,Game,GraphicShadowReceiver
data.unity3d,Assembly-CSharp,Game,GraphicStarCalculator
data.unity3d,Assembly-CSharp,Game,GraphicSubEngine
data.unity3d,Assembly-CSharp,Game,HistoryRecordSetting
data.unity3d,Assembly-CSharp,Game,IAIModule
data.unity3d,Assembly-CSharp,Game,IBossKoopaBalloonManager
data.unity3d,Assembly-CSharp,Game,ICameraTargetChange
data.unity3d,Assembly-CSharp,Game,IElementInGrid
data.unity3d,Assembly-CSharp,Game,IGetHandle
data.unity3d,Assembly-CSharp,Game,IGndColOwner
data.unity3d,Assembly-CSharp,Game,IInputModule
data.unity3d,Assembly-CSharp,Game,IItemResourceAccessor
data.unity3d,Assembly-CSharp,Game,IItemTimeStamp
data.unity3d,Assembly-CSharp,Game,IPager
data.unity3d,Assembly-CSharp,Game,IRaceCallbackArg
data.unity3d,Assembly-CSharp,Game,IUIExternalP2P
data.unity3d,Assembly-CSharp,Game,IconInfo
data.unity3d,Assembly-CSharp,Game,ImageVertexTransform
data.unity3d,Assembly-CSharp,Game,InputAccelerameter
data.unity3d,Assembly-CSharp,Game,InputBuffer
data.unity3d,Assembly-CSharp,Game,InputDefine
data.unity3d,Assembly-CSharp,Game,InputGyrometer
data.unity3d,Assembly-CSharp,Game,InputInfoProxy
data.unity3d,Assembly-CSharp,Game,InputManager
data.unity3d,Assembly-CSharp,Game,InputUtil
data.unity3d,Assembly-CSharp,Game,InputUtilFunc
data.unity3d,Assembly-CSharp,Game,InputVirtualStick
data.unity3d,Assembly-CSharp,Game,InputVirtualStickFixed
data.unity3d,Assembly-CSharp,Game,InputVirtualStickItem
data.unity3d,Assembly-CSharp,Game,InputVirtualStickManager
data.unity3d,Assembly-CSharp,Game,ItemActorBase
data.unity3d,Assembly-CSharp,Game,ItemAdditionalInt
data.unity3d,Assembly-CSharp,Game,ItemAnim
data.unity3d,Assembly-CSharp,Game,ItemAreaManager
data.unity3d,Assembly-CSharp,Game,ItemAssetHolder
data.unity3d,Assembly-CSharp,Game,ItemAssetInfo
data.unity3d,Assembly-CSharp,Game,ItemAudioParam
data.unity3d,Assembly-CSharp,Game,ItemAutoDefine
data.unity3d,Assembly-CSharp,Game,ItemCameraParam
data.unity3d,Assembly-CSharp,Game,ItemCoinUpManager
data.unity3d,Assembly-CSharp,Game,ItemCollisionManager
data.unity3d,Assembly-CSharp,Game,ItemCommonBase
data.unity3d,Assembly-CSharp,Game,ItemCommonResourceManager
data.unity3d,Assembly-CSharp,Game,ItemComponent
data.unity3d,Assembly-CSharp,Game,ItemComponentAnimator
data.unity3d,Assembly-CSharp,Game,ItemComponentArea
data.unity3d,Assembly-CSharp,Game,ItemComponentAroundRot
data.unity3d,Assembly-CSharp,Game,ItemComponentAtt
data.unity3d,Assembly-CSharp,Game,ItemComponentAudio
data.unity3d,Assembly-CSharp,Game,ItemComponentCalcScale
data.unity3d,Assembly-CSharp,Game,ItemComponentChased
data.unity3d,Assembly-CSharp,Game,ItemComponentColorChanger
data.unity3d,Assembly-CSharp,Game,ItemComponentEffect
data.unity3d,Assembly-CSharp,Game,ItemComponentEffort
data.unity3d,Assembly-CSharp,Game,ItemComponentGndCol
data.unity3d,Assembly-CSharp,Game,ItemComponentGndColSensor
data.unity3d,Assembly-CSharp,Game,ItemComponentManager
data.unity3d,Assembly-CSharp,Game,ItemComponentParabolic
data.unity3d,Assembly-CSharp,Game,ItemComponentPath
data.unity3d,Assembly-CSharp,Game,ItemComponentPathMove
data.unity3d,Assembly-CSharp,Game,ItemComponentPosSetterCamera
data.unity3d,Assembly-CSharp,Game,ItemComponentPosSetterKart
data.unity3d,Assembly-CSharp,Game,ItemComponentScale
data.unity3d,Assembly-CSharp,Game,ItemComponentScaleByHit
data.unity3d,Assembly-CSharp,Game,ItemComponentSensorReactor
data.unity3d,Assembly-CSharp,Game,ItemComponentStraight
data.unity3d,Assembly-CSharp,Game,ItemComponentTarget
data.unity3d,Assembly-CSharp,Game,ItemComponentVisiblityAndColMode
data.unity3d,Assembly-CSharp,Game,ItemCurve
data.unity3d,Assembly-CSharp,Game,ItemCurve_Old
data.unity3d,Assembly-CSharp,Game,ItemDebug
data.unity3d,Assembly-CSharp,Game,ItemDebugConditional
data.unity3d,Assembly-CSharp,Game,ItemDebugEditor
data.unity3d,Assembly-CSharp,Game,ItemDefine
data.unity3d,Assembly-CSharp,Game,ItemDirector
data.unity3d,Assembly-CSharp,Game,ItemEmission
data.unity3d,Assembly-CSharp,Game,ItemEnumExtention
data.unity3d,Assembly-CSharp,Game,ItemEvent
data.unity3d,Assembly-CSharp,Game,ItemEventChecker
data.unity3d,Assembly-CSharp,Game,ItemEventManager
data.unity3d,Assembly-CSharp,Game,ItemExplosionOwner
data.unity3d,Assembly-CSharp,Game,ItemExternal
data.unity3d,Assembly-CSharp,Game,ItemFeverProbabilityOfLap
data.unity3d,Assembly-CSharp,Game,ItemFeverProbabilityOfLapData
data.unity3d,Assembly-CSharp,Game,ItemFeverProbabilityOfRank
data.unity3d,Assembly-CSharp,Game,ItemFeverProbabilityOfRankData
data.unity3d,Assembly-CSharp,Game,ItemFeverProbabilityTable
data.unity3d,Assembly-CSharp,Game,ItemFork
data.unity3d,Assembly-CSharp,Game,ItemGameObjectManager
data.unity3d,Assembly-CSharp,Game,ItemGenerator
data.unity3d,Assembly-CSharp,Game,ItemGlobalFields
data.unity3d,Assembly-CSharp,Game,ItemGndCol
data.unity3d,Assembly-CSharp,Game,ItemHeartOwner
data.unity3d,Assembly-CSharp,Game,ItemHitIgnoreInEquipHang
data.unity3d,Assembly-CSharp,Game,ItemInfoProxy
data.unity3d,Assembly-CSharp,Game,ItemInnerUtil
data.unity3d,Assembly-CSharp,Game,ItemLauncherOwner
data.unity3d,Assembly-CSharp,Game,ItemLimitation
data.unity3d,Assembly-CSharp,Game,ItemLimitationP2P
data.unity3d,Assembly-CSharp,Game,ItemListTestCase
data.unity3d,Assembly-CSharp,Game,ItemLockOn
data.unity3d,Assembly-CSharp,Game,ItemLogRecorder
data.unity3d,Assembly-CSharp,Game,ItemModelObjBase
data.unity3d,Assembly-CSharp,Game,ItemModelObjCoin
data.unity3d,Assembly-CSharp,Game,ItemModelObjDirector
data.unity3d,Assembly-CSharp,Game,ItemMofInt
data.unity3d,Assembly-CSharp,Game,ItemNumManager
data.unity3d,Assembly-CSharp,Game,ItemObj005
data.unity3d,Assembly-CSharp,Game,ItemObj012
data.unity3d,Assembly-CSharp,Game,ItemObj020
data.unity3d,Assembly-CSharp,Game,ItemObj021
data.unity3d,Assembly-CSharp,Game,ItemObj027
data.unity3d,Assembly-CSharp,Game,ItemObj034
data.unity3d,Assembly-CSharp,Game,ItemObj035
data.unity3d,Assembly-CSharp,Game,ItemObj036
data.unity3d,Assembly-CSharp,Game,ItemObj037
data.unity3d,Assembly-CSharp,Game,ItemObjBanana
data.unity3d,Assembly-CSharp,Game,ItemObjBananaBig
data.unity3d,Assembly-CSharp,Game,ItemObjBase
data.unity3d,Assembly-CSharp,Game,ItemObjBomhei
data.unity3d,Assembly-CSharp,Game,ItemObjBoomerang
data.unity3d,Assembly-CSharp,Game,ItemObjCoin
data.unity3d,Assembly-CSharp,Game,ItemObjDirectorBase
data.unity3d,Assembly-CSharp,Game,ItemObjExplosion
data.unity3d,Assembly-CSharp,Game,ItemObjFireBall
data.unity3d,Assembly-CSharp,Game,ItemObjGesso
data.unity3d,Assembly-CSharp,Game,ItemObjGessoDirector
data.unity3d,Assembly-CSharp,Game,ItemObjHeart
data.unity3d,Assembly-CSharp,Game,ItemObjKouraB
data.unity3d,Assembly-CSharp,Game,ItemObjKouraBowser
data.unity3d,Assembly-CSharp,Game,ItemObjKouraG
data.unity3d,Assembly-CSharp,Game,ItemObjKouraR
data.unity3d,Assembly-CSharp,Game,ItemObjKouraRDirector
data.unity3d,Assembly-CSharp,Game,ItemObjParabolic
data.unity3d,Assembly-CSharp,Game,ItemObjPath
data.unity3d,Assembly-CSharp,Game,ItemObjSatelliteBase
data.unity3d,Assembly-CSharp,Game,ItemObjSimple
data.unity3d,Assembly-CSharp,Game,ItemObjSimpleAimThrowBase
data.unity3d,Assembly-CSharp,Game,ItemObjSimpleEffort
data.unity3d,Assembly-CSharp,Game,ItemObjStateOnly
data.unity3d,Assembly-CSharp,Game,ItemObjStraight
data.unity3d,Assembly-CSharp,Game,ItemObjThunder
data.unity3d,Assembly-CSharp,Game,ItemObjThunderDirector
data.unity3d,Assembly-CSharp,Game,ItemObjYoshiEgg
data.unity3d,Assembly-CSharp,Game,ItemOwner
data.unity3d,Assembly-CSharp,Game,ItemOwnerCpu
data.unity3d,Assembly-CSharp,Game,ItemOwnerInput
data.unity3d,Assembly-CSharp,Game,ItemOwnerMaster
data.unity3d,Assembly-CSharp,Game,ItemOwnerProxy
data.unity3d,Assembly-CSharp,Game,ItemOwnerSetting
data.unity3d,Assembly-CSharp,Game,ItemOwnerSettingDefault
data.unity3d,Assembly-CSharp,Game,ItemOwnerSettingEvent
data.unity3d,Assembly-CSharp,Game,ItemOwnerSkillSetting
data.unity3d,Assembly-CSharp,Game,ItemOwnerUIProxy
data.unity3d,Assembly-CSharp,Game,ItemP2PConfig
data.unity3d,Assembly-CSharp,Game,ItemParadeManager
data.unity3d,Assembly-CSharp,Game,ItemParam
data.unity3d,Assembly-CSharp,Game,ItemPathGlideUpdater
data.unity3d,Assembly-CSharp,Game,ItemPhysics
data.unity3d,Assembly-CSharp,Game,ItemPossessList
data.unity3d,Assembly-CSharp,Game,ItemProbabilityTable
data.unity3d,Assembly-CSharp,Game,ItemProbabilityTableOfRank
data.unity3d,Assembly-CSharp,Game,ItemProbabilyOfRankData
data.unity3d,Assembly-CSharp,Game,ItemRaceAnalyzer
data.unity3d,Assembly-CSharp,Game,ItemReact
data.unity3d,Assembly-CSharp,Game,ItemReactInfo
data.unity3d,Assembly-CSharp,Game,ItemResource
data.unity3d,Assembly-CSharp,Game,ItemScaleAnim
data.unity3d,Assembly-CSharp,Game,ItemSensor
data.unity3d,Assembly-CSharp,Game,ItemSensorManager
data.unity3d,Assembly-CSharp,Game,ItemSerial
data.unity3d,Assembly-CSharp,Game,ItemSettingForEvent
data.unity3d,Assembly-CSharp,Game,ItemShadow
data.unity3d,Assembly-CSharp,Game,ItemShadowDirector
data.unity3d,Assembly-CSharp,Game,ItemSlot
data.unity3d,Assembly-CSharp,Game,ItemSlotFever
data.unity3d,Assembly-CSharp,Game,ItemSlotMaster
data.unity3d,Assembly-CSharp,Game,ItemSlotProxy
data.unity3d,Assembly-CSharp,Game,ItemSlotResultBitFlag
data.unity3d,Assembly-CSharp,Game,ItemSlotResultInRace
data.unity3d,Assembly-CSharp,Game,ItemSlotResultParam
data.unity3d,Assembly-CSharp,Game,ItemSlotResultParamAI
data.unity3d,Assembly-CSharp,Game,ItemSlotTicketRecorder
data.unity3d,Assembly-CSharp,Game,ItemSlotUIProxy
data.unity3d,Assembly-CSharp,Game,ItemTestCase
data.unity3d,Assembly-CSharp,Game,ItemTypeTestCase
data.unity3d,Assembly-CSharp,Game,ItemUtil
data.unity3d,Assembly-CSharp,Game,ItemValueSwitch
data.unity3d,Assembly-CSharp,Game,KartBalloon
data.unity3d,Assembly-CSharp,Game,KartBodyDriverTextureSettings
data.unity3d,Assembly-CSharp,Game,KartBodyWingSettings
data.unity3d,Assembly-CSharp,Game,KartBoundingBox
data.unity3d,Assembly-CSharp,Game,KartCollision
data.unity3d,Assembly-CSharp,Game,KartDefine
data.unity3d,Assembly-CSharp,Game,KartDirector
data.unity3d,Assembly-CSharp,Game,KartDriver
data.unity3d,Assembly-CSharp,Game,KartDriverColorTextureSettings
data.unity3d,Assembly-CSharp,Game,KartGlidePath
data.unity3d,Assembly-CSharp,Game,KartGlidePathManager
data.unity3d,Assembly-CSharp,Game,KartGlidePathUpdater
data.unity3d,Assembly-CSharp,Game,KartInfoProxy
data.unity3d,Assembly-CSharp,Game,KartReactProxy
data.unity3d,Assembly-CSharp,Game,KartRigidBody
data.unity3d,Assembly-CSharp,Game,KartSettingsUtil
data.unity3d,Assembly-CSharp,Game,KartShaftSettings
data.unity3d,Assembly-CSharp,Game,KartStaticResourceManager
data.unity3d,Assembly-CSharp,Game,KartSteerAssist
data.unity3d,Assembly-CSharp,Game,KartSteerAssistPathManager
data.unity3d,Assembly-CSharp,Game,KartStrategy
data.unity3d,Assembly-CSharp,Game,KartTireInfo
data.unity3d,Assembly-CSharp,Game,KartTireSettings
data.unity3d,Assembly-CSharp,Game,KartTireTypeSettings
data.unity3d,Assembly-CSharp,Game,KartTreeAndWappenTestCase
data.unity3d,Assembly-CSharp,Game,KartTreeTestCase
data.unity3d,Assembly-CSharp,Game,KartUnit
data.unity3d,Assembly-CSharp,Game,KartUtil
data.unity3d,Assembly-CSharp,Game,KartUtilSpring
data.unity3d,Assembly-CSharp,Game,KartVehicle
data.unity3d,Assembly-CSharp,Game,KartVehicleBody
data.unity3d,Assembly-CSharp,Game,KartVehicleControl
data.unity3d,Assembly-CSharp,Game,KartVehicleCpu
data.unity3d,Assembly-CSharp,Game,KartVehicleDash
data.unity3d,Assembly-CSharp,Game,KartVehicleDrift
data.unity3d,Assembly-CSharp,Game,KartVehicleGlide
data.unity3d,Assembly-CSharp,Game,KartVehicleMove
data.unity3d,Assembly-CSharp,Game,KartVehicleNet
data.unity3d,Assembly-CSharp,Game,KartVehicleReact
data.unity3d,Assembly-CSharp,Game,KartVehicleTrick
data.unity3d,Assembly-CSharp,Game,KlResourceManager
data.unity3d,Assembly-CSharp,Game,LabelAttribute
data.unity3d,Assembly-CSharp,Game,LapDistanceUtGetter
data.unity3d,Assembly-CSharp,Game,LapRankLogRecorder
data.unity3d,Assembly-CSharp,Game,LayerManager
data.unity3d,Assembly-CSharp,Game,LobbyInfo
data.unity3d,Assembly-CSharp,Game,LocalSaveData
data.unity3d,Assembly-CSharp,Game,LocalSaveDataManager
data.unity3d,Assembly-CSharp,Game,LocalSaveDataUtil
data.unity3d,Assembly-CSharp,Game,MapEdCustumizer
data.unity3d,Assembly-CSharp,Game,MapObjActionCounter
data.unity3d,Assembly-CSharp,Game,MapObjAirCurrent
data.unity3d,Assembly-CSharp,Game,MapObjAirShip
data.unity3d,Assembly-CSharp,Game,MapObjAnchor
data.unity3d,Assembly-CSharp,Game,MapObjAnimatorHelper
data.unity3d,Assembly-CSharp,Game,MapObjArrowSignSfcrr
data.unity3d,Assembly-CSharp,Game,MapObjArrowWood
data.unity3d,Assembly-CSharp,Game,MapObjAsteroid
data.unity3d,Assembly-CSharp,Game,MapObjBaggage
data.unity3d,Assembly-CSharp,Game,MapObjBall
data.unity3d,Assembly-CSharp,Game,MapObjBalloonBase
data.unity3d,Assembly-CSharp,Game,MapObjBanana
data.unity3d,Assembly-CSharp,Game,MapObjBarrel
data.unity3d,Assembly-CSharp,Game,MapObjBarrelBomb
data.unity3d,Assembly-CSharp,Game,MapObjBarrelBombPropeller
data.unity3d,Assembly-CSharp,Game,MapObjBasabasa
data.unity3d,Assembly-CSharp,Game,MapObjBase
data.unity3d,Assembly-CSharp,Game,MapObjBaseTransparent
data.unity3d,Assembly-CSharp,Game,MapObjBathBomb
data.unity3d,Assembly-CSharp,Game,MapObjBattan
data.unity3d,Assembly-CSharp,Game,MapObjBeltConveyor
data.unity3d,Assembly-CSharp,Game,MapObjBeltConveyorMobsi
data.unity3d,Assembly-CSharp,Game,MapObjBlockIce
data.unity3d,Assembly-CSharp,Game,MapObjBlockManhole
data.unity3d,Assembly-CSharp,Game,MapObjBlockMovingRoad
data.unity3d,Assembly-CSharp,Game,MapObjBlockNote
data.unity3d,Assembly-CSharp,Game,MapObjBlockScale
data.unity3d,Assembly-CSharp,Game,MapObjBlockScaleDokan
data.unity3d,Assembly-CSharp,Game,MapObjBlockShellFish
data.unity3d,Assembly-CSharp,Game,MapObjBolt
data.unity3d,Assembly-CSharp,Game,MapObjBoots
data.unity3d,Assembly-CSharp,Game,MapObjBoundPinball
data.unity3d,Assembly-CSharp,Game,MapObjBubble
data.unity3d,Assembly-CSharp,Game,MapObjBurner
data.unity3d,Assembly-CSharp,Game,MapObjCannonBarrel
data.unity3d,Assembly-CSharp,Game,MapObjCar
data.unity3d,Assembly-CSharp,Game,MapObjChoropoo
data.unity3d,Assembly-CSharp,Game,MapObjChoropooMound
data.unity3d,Assembly-CSharp,Game,MapObjClownFuture
data.unity3d,Assembly-CSharp,Game,MapObjCoin
data.unity3d,Assembly-CSharp,Game,MapObjColNoItemHit
data.unity3d,Assembly-CSharp,Game,MapObjCollision
data.unity3d,Assembly-CSharp,Game,MapObjCollisionParam
data.unity3d,Assembly-CSharp,Game,MapObjContinuousHitRecord
data.unity3d,Assembly-CSharp,Game,MapObjCrab
data.unity3d,Assembly-CSharp,Game,MapObjCrashBox
data.unity3d,Assembly-CSharp,Game,MapObjCrashHelper
data.unity3d,Assembly-CSharp,Game,MapObjCreateArg
data.unity3d,Assembly-CSharp,Game,MapObjCrossing
data.unity3d,Assembly-CSharp,Game,MapObjDebugDraw
data.unity3d,Assembly-CSharp,Game,MapObjDeck
data.unity3d,Assembly-CSharp,Game,MapObjDefault
data.unity3d,Assembly-CSharp,Game,MapObjDefine
data.unity3d,Assembly-CSharp,Game,MapObjDirector
data.unity3d,Assembly-CSharp,Game,MapObjDokan
data.unity3d,Assembly-CSharp,Game,MapObjDokanJA
data.unity3d,Assembly-CSharp,Game,MapObjDossun
data.unity3d,Assembly-CSharp,Game,MapObjDotBar
data.unity3d,Assembly-CSharp,Game,MapObjDotCircle
data.unity3d,Assembly-CSharp,Game,MapObjDrawBridgeBase
data.unity3d,Assembly-CSharp,Game,MapObjDrawBridgeDash
data.unity3d,Assembly-CSharp,Game,MapObjDrawBridgeGlide
data.unity3d,Assembly-CSharp,Game,MapObjDurationKadomatsu
data.unity3d,Assembly-CSharp,Game,MapObjDurationPumpkin
data.unity3d,Assembly-CSharp,Game,MapObjDurationPumpkinBig
data.unity3d,Assembly-CSharp,Game,MapObjDurationTreeX
data.unity3d,Assembly-CSharp,Game,MapObjEventGate
data.unity3d,Assembly-CSharp,Game,MapObjEventRing
data.unity3d,Assembly-CSharp,Game,MapObjEventTrigger
data.unity3d,Assembly-CSharp,Game,MapObjExtendPart
data.unity3d,Assembly-CSharp,Game,MapObjFactory
data.unity3d,Assembly-CSharp,Game,MapObjFerry
data.unity3d,Assembly-CSharp,Game,MapObjFlipper
data.unity3d,Assembly-CSharp,Game,MapObjFloat
data.unity3d,Assembly-CSharp,Game,MapObjFlowerRing
data.unity3d,Assembly-CSharp,Game,MapObjForceArea
data.unity3d,Assembly-CSharp,Game,MapObjForceCalculator
data.unity3d,Assembly-CSharp,Game,MapObjForceHelper
data.unity3d,Assembly-CSharp,Game,MapObjFuzzy
data.unity3d,Assembly-CSharp,Game,MapObjFuzzyLine
data.unity3d,Assembly-CSharp,Game,MapObjGameObjectManager
data.unity3d,Assembly-CSharp,Game,MapObjGenerateBase
data.unity3d,Assembly-CSharp,Game,MapObjGlideBoard
data.unity3d,Assembly-CSharp,Game,MapObjGlideBoard3dstc
data.unity3d,Assembly-CSharp,Game,MapObjGlideBoard3dstcBlock
data.unity3d,Assembly-CSharp,Game,MapObjGlideCannon
data.unity3d,Assembly-CSharp,Game,MapObjGlideCannonMobsi
data.unity3d,Assembly-CSharp,Game,MapObjGlideCannonSF
data.unity3d,Assembly-CSharp,Game,MapObjGoat
data.unity3d,Assembly-CSharp,Game,MapObjGroupCoordinator
data.unity3d,Assembly-CSharp,Game,MapObjHanachan
data.unity3d,Assembly-CSharp,Game,MapObjHatch
data.unity3d,Assembly-CSharp,Game,MapObjHeyhoCarpet
data.unity3d,Assembly-CSharp,Game,MapObjHeyhoSkate
data.unity3d,Assembly-CSharp,Game,MapObjHotSpring
data.unity3d,Assembly-CSharp,Game,MapObjIronBall
data.unity3d,Assembly-CSharp,Game,MapObjItemBox
data.unity3d,Assembly-CSharp,Game,MapObjItemBoxFixed
data.unity3d,Assembly-CSharp,Game,MapObjItemGenerator
data.unity3d,Assembly-CSharp,Game,MapObjJellyfish
data.unity3d,Assembly-CSharp,Game,MapObjJumpExciteBase
data.unity3d,Assembly-CSharp,Game,MapObjJumpHelper
data.unity3d,Assembly-CSharp,Game,MapObjKColPrismSet
data.unity3d,Assembly-CSharp,Game,MapObjKakiwari
data.unity3d,Assembly-CSharp,Game,MapObjKillerCannon
data.unity3d,Assembly-CSharp,Game,MapObjKinoko
data.unity3d,Assembly-CSharp,Game,MapObjKuribo
data.unity3d,Assembly-CSharp,Game,MapObjKuriboTower
data.unity3d,Assembly-CSharp,Game,MapObjLandingPoint
data.unity3d,Assembly-CSharp,Game,MapObjLeafRed
data.unity3d,Assembly-CSharp,Game,MapObjLinkerN64ktb
data.unity3d,Assembly-CSharp,Game,MapObjLocatorObserver
data.unity3d,Assembly-CSharp,Game,MapObjLogRecorder
data.unity3d,Assembly-CSharp,Game,MapObjLookAtHelper
data.unity3d,Assembly-CSharp,Game,MapObjMarkPoint
data.unity3d,Assembly-CSharp,Game,MapObjMarutaJA
data.unity3d,Assembly-CSharp,Game,MapObjMatoateStand
data.unity3d,Assembly-CSharp,Game,MapObjMoray
data.unity3d,Assembly-CSharp,Game,MapObjMovingRoad
data.unity3d,Assembly-CSharp,Game,MapObjMovingRoadEx
data.unity3d,Assembly-CSharp,Game,MapObjNinja
data.unity3d,Assembly-CSharp,Game,MapObjNoshi
data.unity3d,Assembly-CSharp,Game,MapObjPackunFlower
data.unity3d,Assembly-CSharp,Game,MapObjPackunFlowerInk
data.unity3d,Assembly-CSharp,Game,MapObjPackunSmall
data.unity3d,Assembly-CSharp,Game,MapObjPartRollHelper
data.unity3d,Assembly-CSharp,Game,MapObjPenguin
data.unity3d,Assembly-CSharp,Game,MapObjPillar
data.unity3d,Assembly-CSharp,Game,MapObjPillarFire
data.unity3d,Assembly-CSharp,Game,MapObjPillarIce
data.unity3d,Assembly-CSharp,Game,MapObjPillarStone
data.unity3d,Assembly-CSharp,Game,MapObjPipeRotating
data.unity3d,Assembly-CSharp,Game,MapObjPoo
data.unity3d,Assembly-CSharp,Game,MapObjPopupHelper
data.unity3d,Assembly-CSharp,Game,MapObjPot
data.unity3d,Assembly-CSharp,Game,MapObjPotSnake
data.unity3d,Assembly-CSharp,Game,MapObjPropellerRing
data.unity3d,Assembly-CSharp,Game,MapObjPuddle
data.unity3d,Assembly-CSharp,Game,MapObjPukupuku
data.unity3d,Assembly-CSharp,Game,MapObjPukupukuBeach
data.unity3d,Assembly-CSharp,Game,MapObjPukupukuMecha
data.unity3d,Assembly-CSharp,Game,MapObjPumpjack
data.unity3d,Assembly-CSharp,Game,MapObjPylonBase
data.unity3d,Assembly-CSharp,Game,MapObjPyramidKuriboN
data.unity3d,Assembly-CSharp,Game,MapObjRailCache
data.unity3d,Assembly-CSharp,Game,MapObjReact
data.unity3d,Assembly-CSharp,Game,MapObjRebirthHelper
data.unity3d,Assembly-CSharp,Game,MapObjReflectionProbeHelper
data.unity3d,Assembly-CSharp,Game,MapObjRoadAppear
data.unity3d,Assembly-CSharp,Game,MapObjRoadGuraGuraTest
data.unity3d,Assembly-CSharp,Game,MapObjRoadIceMelt
data.unity3d,Assembly-CSharp,Game,MapObjRoadKanaamiJump
data.unity3d,Assembly-CSharp,Game,MapObjRock
data.unity3d,Assembly-CSharp,Game,MapObjSanbo
data.unity3d,Assembly-CSharp,Game,MapObjShadow
data.unity3d,Assembly-CSharp,Game,MapObjShadowHelper
data.unity3d,Assembly-CSharp,Game,MapObjShadowProjectorHelper
data.unity3d,Assembly-CSharp,Game,MapObjShellFish
data.unity3d,Assembly-CSharp,Game,MapObjSplineMoveHelper
data.unity3d,Assembly-CSharp,Game,MapObjStageCircle
data.unity3d,Assembly-CSharp,Game,MapObjStart
data.unity3d,Assembly-CSharp,Game,MapObjStartGate
data.unity3d,Assembly-CSharp,Game,MapObjStartGateCmn
data.unity3d,Assembly-CSharp,Game,MapObjStartGatePendulum
data.unity3d,Assembly-CSharp,Game,MapObjStartGateSimpleAerial
data.unity3d,Assembly-CSharp,Game,MapObjStdMover
data.unity3d,Assembly-CSharp,Game,MapObjSwapLinker
data.unity3d,Assembly-CSharp,Game,MapObjTarget
data.unity3d,Assembly-CSharp,Game,MapObjTestNoshi
data.unity3d,Assembly-CSharp,Game,MapObjTollGateBar
data.unity3d,Assembly-CSharp,Game,MapObjTrackHelper
data.unity3d,Assembly-CSharp,Game,MapObjTrain
data.unity3d,Assembly-CSharp,Game,MapObjTrain3dsrr
data.unity3d,Assembly-CSharp,Game,MapObjTrainMoba
data.unity3d,Assembly-CSharp,Game,MapObjTrainMobs
data.unity3d,Assembly-CSharp,Game,MapObjTramMoba
data.unity3d,Assembly-CSharp,Game,MapObjTrampolineKinoko
data.unity3d,Assembly-CSharp,Game,MapObjTransformHelper
data.unity3d,Assembly-CSharp,Game,MapObjTreeSpookyMoving
data.unity3d,Assembly-CSharp,Game,MapObjUtil
data.unity3d,Assembly-CSharp,Game,MapObjVanishItemWall
data.unity3d,Assembly-CSharp,Game,MapObjWanwan
data.unity3d,Assembly-CSharp,Game,MapObjWanwanRolling
data.unity3d,Assembly-CSharp,Game,MapObjWaterBox
data.unity3d,Assembly-CSharp,Game,MapObjWaterColumnManhole
data.unity3d,Assembly-CSharp,Game,MapObjWaterSurface
data.unity3d,Assembly-CSharp,Game,MapObjWindMill
data.unity3d,Assembly-CSharp,Game,MapObjWorldTime
data.unity3d,Assembly-CSharp,Game,MapUnitArea
data.unity3d,Assembly-CSharp,Game,MapUnitCameraBase
data.unity3d,Assembly-CSharp,Game,MapUnitData
data.unity3d,Assembly-CSharp,Game,MapUnitDefine
data.unity3d,Assembly-CSharp,Game,MapUnitLink
data.unity3d,Assembly-CSharp,Game,MapUnitManager
data.unity3d,Assembly-CSharp,Game,MapUnitMapObj
data.unity3d,Assembly-CSharp,Game,MapUnitPathCommon
data.unity3d,Assembly-CSharp,Game,MapUnitPathGlide
data.unity3d,Assembly-CSharp,Game,MapUnitPathLap
data.unity3d,Assembly-CSharp,Game,MapUnitPathLapAccessor
data.unity3d,Assembly-CSharp,Game,MapUnitPathPull
data.unity3d,Assembly-CSharp,Game,MapUnitPathRoute
data.unity3d,Assembly-CSharp,Game,MapUnitPathRouteAccessor
data.unity3d,Assembly-CSharp,Game,MapUnitPointRoute
data.unity3d,Assembly-CSharp,Game,MapUnitRailPoint
data.unity3d,Assembly-CSharp,Game,MapUnitRoutePrmItem
data.unity3d,Assembly-CSharp,Game,MapUnitSoundObj
data.unity3d,Assembly-CSharp,Game,MapUnitUtil
data.unity3d,Assembly-CSharp,Game,MatchingDefine
data.unity3d,Assembly-CSharp,Game,MatchingStrategyControl
data.unity3d,Assembly-CSharp,Game,MirrorModeRecorder
data.unity3d,Assembly-CSharp,Game,Mission
data.unity3d,Assembly-CSharp,Game,MofDataHolder
data.unity3d,Assembly-CSharp,Game,MofManager
data.unity3d,Assembly-CSharp,Game,Native
data.unity3d,Assembly-CSharp,Game,NetworkApplicationDataInfo
data.unity3d,Assembly-CSharp,Game,NetworkAsyncTaskContext
data.unity3d,Assembly-CSharp,Game,NetworkBGPiaUpdater
data.unity3d,Assembly-CSharp,Game,NetworkCloneManager
data.unity3d,Assembly-CSharp,Game,NetworkDataDrive
data.unity3d,Assembly-CSharp,Game,NetworkDataRace
data.unity3d,Assembly-CSharp,Game,NetworkDefine
data.unity3d,Assembly-CSharp,Game,NetworkEngine
data.unity3d,Assembly-CSharp,Game,NetworkGPSUtil
data.unity3d,Assembly-CSharp,Game,NetworkIdManager
data.unity3d,Assembly-CSharp,Game,NetworkInnerUtil
data.unity3d,Assembly-CSharp,Game,NetworkLobbyManager
data.unity3d,Assembly-CSharp,Game,NetworkLocationManager
data.unity3d,Assembly-CSharp,Game,NetworkManager
data.unity3d,Assembly-CSharp,Game,NetworkMatchmakeKeyUtil
data.unity3d,Assembly-CSharp,Game,NetworkMiscEventUtil
data.unity3d,Assembly-CSharp,Game,NetworkOutgameSequenceManager
data.unity3d,Assembly-CSharp,Game,NetworkRaceInfoManager
data.unity3d,Assembly-CSharp,Game,NetworkRaceInfoManager
data.unity3d,Assembly-CSharp,Game,NetworkReceiveRecorder
data.unity3d,Assembly-CSharp,Game,NetworkRuleInfo
data.unity3d,Assembly-CSharp,Game,NetworkRuleScheduleManager
data.unity3d,Assembly-CSharp,Game,NetworkSessionCustomOption
data.unity3d,Assembly-CSharp,Game,NetworkSessionTokenHolder
data.unity3d,Assembly-CSharp,Game,NetworkSynchronizerEventRaceEvent
data.unity3d,Assembly-CSharp,Game,NetworkSynchronizerFrameRateDelay
data.unity3d,Assembly-CSharp,Game,NetworkSynchronizerItemEvent
data.unity3d,Assembly-CSharp,Game,NetworkSynchronizerKartVehicleNet
data.unity3d,Assembly-CSharp,Game,NetworkSynchronizerMiscEvent
data.unity3d,Assembly-CSharp,Game,NetworkSynchronizerRace
data.unity3d,Assembly-CSharp,Game,NetworkSynchronizerSlotPermission
data.unity3d,Assembly-CSharp,Game,NetworkSynchronizerTime
data.unity3d,Assembly-CSharp,Game,NetworkTeamAssignP2PInfo
data.unity3d,Assembly-CSharp,Game,NetworkUtil
data.unity3d,Assembly-CSharp,Game,NoGcStringBuilder
data.unity3d,Assembly-CSharp,Game,ObjectBase
data.unity3d,Assembly-CSharp,Game,ObjectEngine
data.unity3d,Assembly-CSharp,Game,OpenBrowserAction
data.unity3d,Assembly-CSharp,Game,P2PEnemyLogRecorder
data.unity3d,Assembly-CSharp,Game,P2PUdemaeCalculator
data.unity3d,Assembly-CSharp,Game,PacketBase
data.unity3d,Assembly-CSharp,Game,ParadeInput
data.unity3d,Assembly-CSharp,Game,PartsLevelParams
data.unity3d,Assembly-CSharp,Game,PendulumHelper
data.unity3d,Assembly-CSharp,Game,Player
data.unity3d,Assembly-CSharp,Game,PlayerAccessor
data.unity3d,Assembly-CSharp,Game,PlayerDefine
data.unity3d,Assembly-CSharp,Game,PlayerManager
data.unity3d,Assembly-CSharp,Game,PlayerProfile
data.unity3d,Assembly-CSharp,Game,PlayerUtil
data.unity3d,Assembly-CSharp,Game,QuickStartData
data.unity3d,Assembly-CSharp,Game,QuickStartReward
data.unity3d,Assembly-CSharp,Game,R
data.unity3d,Assembly-CSharp,Game,R
data.unity3d,Assembly-CSharp,Game,R
data.unity3d,Assembly-CSharp,Game,R
data.unity3d,Assembly-CSharp,Game,R
data.unity3d,Assembly-CSharp,Game,R
data.unity3d,Assembly-CSharp,Game,RaceAnalyticsManager
data.unity3d,Assembly-CSharp,Game,RaceBackAlert
data.unity3d,Assembly-CSharp,Game,RaceCreateInfo
data.unity3d,Assembly-CSharp,Game,RaceDefine
data.unity3d,Assembly-CSharp,Game,RaceDirector
data.unity3d,Assembly-CSharp,Game,RaceEventBalloonBattleManager
data.unity3d,Assembly-CSharp,Game,RaceEventBossKoopaManager
data.unity3d,Assembly-CSharp,Game,RaceEventCoinBattleManager
data.unity3d,Assembly-CSharp,Game,RaceEventCoinManager
data.unity3d,Assembly-CSharp,Game,RaceEventComboAttackManager
data.unity3d,Assembly-CSharp,Game,RaceEventConfig
data.unity3d,Assembly-CSharp,Game,RaceEventCountBeatKuriboManager
data.unity3d,Assembly-CSharp,Game,RaceEventCountCoinManager
data.unity3d,Assembly-CSharp,Game,RaceEventCountJumpActionManager
data.unity3d,Assembly-CSharp,Game,RaceEventCountMiniTurboManager
data.unity3d,Assembly-CSharp,Game,RaceEventCountRecordGlideManager
data.unity3d,Assembly-CSharp,Game,RaceEventCountStampEnemyManager
data.unity3d,Assembly-CSharp,Game,RaceEventDontCrashManager
data.unity3d,Assembly-CSharp,Game,RaceEventFreeRaceManager
data.unity3d,Assembly-CSharp,Game,RaceEventGatePassManager
data.unity3d,Assembly-CSharp,Game,RaceEventGhostManager
data.unity3d,Assembly-CSharp,Game,RaceEventInputMirrorManager
data.unity3d,Assembly-CSharp,Game,RaceEventItemBoxChaseStartManager
data.unity3d,Assembly-CSharp,Game,RaceEventManagerBase
data.unity3d,Assembly-CSharp,Game,RaceEventManagerFactory
data.unity3d,Assembly-CSharp,Game,RaceEventMatoateManager
data.unity3d,Assembly-CSharp,Game,RaceEventOneHundredManager
data.unity3d,Assembly-CSharp,Game,RaceEventP2PBossKoopaManager
data.unity3d,Assembly-CSharp,Game,RaceEventP2PKartSpeedControl
data.unity3d,Assembly-CSharp,Game,RaceEventParadeManager
data.unity3d,Assembly-CSharp,Game,RaceEventParadeSnapDefine
data.unity3d,Assembly-CSharp,Game,RaceEventParadeSnapJudge
data.unity3d,Assembly-CSharp,Game,RaceEventParadeSnapManager
data.unity3d,Assembly-CSharp,Game,RaceEventPvPTeamRaceManager
data.unity3d,Assembly-CSharp,Game,RaceEventPvPTeamRaceScoreManager
data.unity3d,Assembly-CSharp,Game,RaceEventRaceManager
data.unity3d,Assembly-CSharp,Game,RaceEventRecordMarkPointManager
data.unity3d,Assembly-CSharp,Game,RaceEventTimeAttackManager
data.unity3d,Assembly-CSharp,Game,RaceEventTimeLimitBossManager
data.unity3d,Assembly-CSharp,Game,RaceEventTutorialCourseGoodAtManager
data.unity3d,Assembly-CSharp,Game,RaceEventTutorialDriftManager
data.unity3d,Assembly-CSharp,Game,RaceEventTutorialDriftModeManager
data.unity3d,Assembly-CSharp,Game,RaceEventTutorialJumpActionManager
data.unity3d,Assembly-CSharp,Game,RaceEventTutorialManager
data.unity3d,Assembly-CSharp,Game,RaceEventTutorialRocketStartManager
data.unity3d,Assembly-CSharp,Game,RaceInfo
data.unity3d,Assembly-CSharp,Game,RaceKartChecker
data.unity3d,Assembly-CSharp,Game,RaceKartInfo
data.unity3d,Assembly-CSharp,Game,RaceKartResult
data.unity3d,Assembly-CSharp,Game,RaceLapRankChecker
data.unity3d,Assembly-CSharp,Game,RaceLog
data.unity3d,Assembly-CSharp,Game,RaceLogManager
data.unity3d,Assembly-CSharp,Game,RaceMatchingManager
data.unity3d,Assembly-CSharp,Game,RaceMatchingP2PManager
data.unity3d,Assembly-CSharp,Game,RaceMetaSkillParameterAttribute
data.unity3d,Assembly-CSharp,Game,RaceMissionProgressArg
data.unity3d,Assembly-CSharp,Game,RaceParadeLog
data.unity3d,Assembly-CSharp,Game,RaceParadeLogManager
data.unity3d,Assembly-CSharp,Game,RaceParadeManager
data.unity3d,Assembly-CSharp,Game,RacePlayDataRecorder
data.unity3d,Assembly-CSharp,Game,RaceQuickRaceManager
data.unity3d,Assembly-CSharp,Game,RaceRankTeamCalculator
data.unity3d,Assembly-CSharp,Game,RaceScoreManager
data.unity3d,Assembly-CSharp,Game,RaceScoreRecorder
data.unity3d,Assembly-CSharp,Game,RaceScoreRecorderBase
data.unity3d,Assembly-CSharp,Game,RaceScoreRecorderBattle
data.unity3d,Assembly-CSharp,Game,RaceSequenceManager
data.unity3d,Assembly-CSharp,Game,RaceSequenceSubManagerAutoMode
data.unity3d,Assembly-CSharp,Game,RaceSequenceSubManagerBase
data.unity3d,Assembly-CSharp,Game,RaceSequenceSubManagerDefault
data.unity3d,Assembly-CSharp,Game,RaceSequenceSubManagerDownloadRace
data.unity3d,Assembly-CSharp,Game,RaceSequenceSubManagerEvent
data.unity3d,Assembly-CSharp,Game,RaceSequenceSubManagerEventLuaProfile
data.unity3d,Assembly-CSharp,Game,RaceSequenceSubManagerLuaProfile
data.unity3d,Assembly-CSharp,Game,RaceSequenceSubManagerP2P
data.unity3d,Assembly-CSharp,Game,RaceSequenceSubManagerP2PEvent
data.unity3d,Assembly-CSharp,Game,RaceSequenceSubManagerTourEndingParade
data.unity3d,Assembly-CSharp,Game,RaceSkillManager
data.unity3d,Assembly-CSharp,Game,RaceStopwatch
data.unity3d,Assembly-CSharp,Game,RaceTime
data.unity3d,Assembly-CSharp,Game,RaceTourEndingParadeDefine
data.unity3d,Assembly-CSharp,Game,RaceTourEndingParadeManager
data.unity3d,Assembly-CSharp,Game,RaceTourEndingParadeTelopManager
data.unity3d,Assembly-CSharp,Game,RaceUIManager
data.unity3d,Assembly-CSharp,Game,RaceUtil
data.unity3d,Assembly-CSharp,Game,RailAnchor
data.unity3d,Assembly-CSharp,Game,RailFixed
data.unity3d,Assembly-CSharp,Game,RailMoveHelper
data.unity3d,Assembly-CSharp,Game,RecordTargetId
data.unity3d,Assembly-CSharp,Game,ReferenceSearcher
data.unity3d,Assembly-CSharp,Game,Resolution3DChanger
data.unity3d,Assembly-CSharp,Game,ResourceDevelopConfig
data.unity3d,Assembly-CSharp,Game,ResourceManager
data.unity3d,Assembly-CSharp,Game,ResourceUtil
data.unity3d,Assembly-CSharp,Game,ReturnPoint
data.unity3d,Assembly-CSharp,Game,RouteUpdater
data.unity3d,Assembly-CSharp,Game,RumbleManager
data.unity3d,Assembly-CSharp,Game,SMofInt
data.unity3d,Assembly-CSharp,Game,SakashoAchievementManager
data.unity3d,Assembly-CSharp,Game,SakashoAnnouncementManager
data.unity3d,Assembly-CSharp,Game,SakashoAssetManager
data.unity3d,Assembly-CSharp,Game,SakashoAsyncTaskContext
data.unity3d,Assembly-CSharp,Game,SakashoAsyncTaskHandler
data.unity3d,Assembly-CSharp,Game,SakashoDailyChallengeManager
data.unity3d,Assembly-CSharp,Game,SakashoDefine
data.unity3d,Assembly-CSharp,Game,SakashoDirector
data.unity3d,Assembly-CSharp,Game,SakashoEvent
data.unity3d,Assembly-CSharp,Game,SakashoEventRaceFestivalManager
data.unity3d,Assembly-CSharp,Game,SakashoFriendManager
data.unity3d,Assembly-CSharp,Game,SakashoGreetCoinManager
data.unity3d,Assembly-CSharp,Game,SakashoInnerUtil
data.unity3d,Assembly-CSharp,Game,SakashoIntentionalPushNotificationManager
data.unity3d,Assembly-CSharp,Game,SakashoInventoryManager
data.unity3d,Assembly-CSharp,Game,SakashoIzumoManager
data.unity3d,Assembly-CSharp,Game,SakashoLocalPushManager
data.unity3d,Assembly-CSharp,Game,SakashoLoginBonusManager
data.unity3d,Assembly-CSharp,Game,SakashoMaintenanceStatus
data.unity3d,Assembly-CSharp,Game,SakashoMasterManager
data.unity3d,Assembly-CSharp,Game,SakashoMiiIconCacheSystem
data.unity3d,Assembly-CSharp,Game,SakashoMiiManager
data.unity3d,Assembly-CSharp,Game,SakashoMiiSuitShopProduct
data.unity3d,Assembly-CSharp,Game,SakashoMissionManager
data.unity3d,Assembly-CSharp,Game,SakashoMk8dxManager
data.unity3d,Assembly-CSharp,Game,SakashoNintendoAccountManager
data.unity3d,Assembly-CSharp,Game,SakashoP2PEventRaceManager
data.unity3d,Assembly-CSharp,Game,SakashoP2PEventRaceSetting
data.unity3d,Assembly-CSharp,Game,SakashoPlayerManager
data.unity3d,Assembly-CSharp,Game,SakashoPlayerMiiDataManager
data.unity3d,Assembly-CSharp,Game,SakashoProductManager
data.unity3d,Assembly-CSharp,Game,SakashoProductMiiSuitShop
data.unity3d,Assembly-CSharp,Game,SakashoProfanityWordManager
data.unity3d,Assembly-CSharp,Game,SakashoPvPBattleRuleScheduleManager
data.unity3d,Assembly-CSharp,Game,SakashoPvPRuleScheduleManager
data.unity3d,Assembly-CSharp,Game,SakashoQuickStartManager
data.unity3d,Assembly-CSharp,Game,SakashoRaceIndividualCourse
data.unity3d,Assembly-CSharp,Game,SakashoRaceManager
data.unity3d,Assembly-CSharp,Game,SakashoRaceMatchingCandidateInfo
data.unity3d,Assembly-CSharp,Game,SakashoRankingManager
data.unity3d,Assembly-CSharp,Game,SakashoRefreshEventDispatcher
data.unity3d,Assembly-CSharp,Game,SakashoRequestChecker
data.unity3d,Assembly-CSharp,Game,SakashoResponseDecodeErrorHandler
data.unity3d,Assembly-CSharp,Game,SakashoReverseLookupTableManager
data.unity3d,Assembly-CSharp,Game,SakashoSeasonEndingManager
data.unity3d,Assembly-CSharp,Game,SakashoServerConfig
data.unity3d,Assembly-CSharp,Game,SakashoStorageManager
data.unity3d,Assembly-CSharp,Game,SakashoSubscriptionManager
data.unity3d,Assembly-CSharp,Game,SakashoSuperWinManager
data.unity3d,Assembly-CSharp,Game,SakashoTimeEventDispatcher
data.unity3d,Assembly-CSharp,Game,SakashoTitleImage
data.unity3d,Assembly-CSharp,Game,SakashoUnshownErrorHandler
data.unity3d,Assembly-CSharp,Game,SakashoUserProfileManager
data.unity3d,Assembly-CSharp,Game,SakashoUtil
data.unity3d,Assembly-CSharp,Game,SakashoV2SecurityManager
data.unity3d,Assembly-CSharp,Game,SakashoVirtualCurrencyManager
data.unity3d,Assembly-CSharp,Game,SakashoWappenSheetManager
data.unity3d,Assembly-CSharp,Game,SakashoWebViewContentManager
data.unity3d,Assembly-CSharp,Game,SakashoWorldMiiDataManager
data.unity3d,Assembly-CSharp,Game,ScoreLogRecorder
data.unity3d,Assembly-CSharp,Game,ScriptableAI
data.unity3d,Assembly-CSharp,Game,ScriptableAIParamDummyData
data.unity3d,Assembly-CSharp,Game,ScriptableAnimatorPrefab
data.unity3d,Assembly-CSharp,Game,ScriptableAudioButton
data.unity3d,Assembly-CSharp,Game,ScriptableAudioCourseObj
data.unity3d,Assembly-CSharp,Game,ScriptableAudioDialog
data.unity3d,Assembly-CSharp,Game,ScriptableAudioParamGeneral
data.unity3d,Assembly-CSharp,Game,ScriptableAudioRumble
data.unity3d,Assembly-CSharp,Game,ScriptableAudioSoundBankAvailabilityPolicy
data.unity3d,Assembly-CSharp,Game,ScriptableBoost
data.unity3d,Assembly-CSharp,Game,ScriptableCameraBackMirrorParam
data.unity3d,Assembly-CSharp,Game,ScriptableCameraCollision
data.unity3d,Assembly-CSharp,Game,ScriptableCameraKartParam
data.unity3d,Assembly-CSharp,Game,ScriptableCameraModuleRotate
data.unity3d,Assembly-CSharp,Game,ScriptableCameraP2PStartDemo
data.unity3d,Assembly-CSharp,Game,ScriptableCourse
data.unity3d,Assembly-CSharp,Game,ScriptableDemoCourseIntroCamera
data.unity3d,Assembly-CSharp,Game,ScriptableDemoGoalCamera
data.unity3d,Assembly-CSharp,Game,ScriptableDemoStartCamera
data.unity3d,Assembly-CSharp,Game,ScriptableDotDriver
data.unity3d,Assembly-CSharp,Game,ScriptableDriver
data.unity3d,Assembly-CSharp,Game,ScriptableDriverMotionFaceChangeEvent
data.unity3d,Assembly-CSharp,Game,ScriptableDriverMotionSetting
data.unity3d,Assembly-CSharp,Game,ScriptableDynamicUnitMngInitData
data.unity3d,Assembly-CSharp,Game,ScriptableEffect
data.unity3d,Assembly-CSharp,Game,ScriptableEffectContainer
data.unity3d,Assembly-CSharp,Game,ScriptableEffectContainerRef
data.unity3d,Assembly-CSharp,Game,ScriptableEvent
data.unity3d,Assembly-CSharp,Game,ScriptableGallery
data.unity3d,Assembly-CSharp,Game,ScriptableGndMaterialInKCol
data.unity3d,Assembly-CSharp,Game,ScriptableGndMaterialList
data.unity3d,Assembly-CSharp,Game,ScriptableGraphicLookCommon
data.unity3d,Assembly-CSharp,Game,ScriptableGraphicShader
data.unity3d,Assembly-CSharp,Game,ScriptableItemAssetCatalog
data.unity3d,Assembly-CSharp,Game,ScriptableItemComponent
data.unity3d,Assembly-CSharp,Game,ScriptableItemComponentAnimator
data.unity3d,Assembly-CSharp,Game,ScriptableItemComponentArea
data.unity3d,Assembly-CSharp,Game,ScriptableItemComponentAroundRot
data.unity3d,Assembly-CSharp,Game,ScriptableItemComponentAtt
data.unity3d,Assembly-CSharp,Game,ScriptableItemComponentAudio
data.unity3d,Assembly-CSharp,Game,ScriptableItemComponentCalcScale
data.unity3d,Assembly-CSharp,Game,ScriptableItemComponentColorChanger
data.unity3d,Assembly-CSharp,Game,ScriptableItemComponentEffect
data.unity3d,Assembly-CSharp,Game,ScriptableItemComponentEffort
data.unity3d,Assembly-CSharp,Game,ScriptableItemComponentGndCol
data.unity3d,Assembly-CSharp,Game,ScriptableItemComponentGndColSensor
data.unity3d,Assembly-CSharp,Game,ScriptableItemComponentParabolic
data.unity3d,Assembly-CSharp,Game,ScriptableItemComponentPath
data.unity3d,Assembly-CSharp,Game,ScriptableItemComponentPosSetterCamera
data.unity3d,Assembly-CSharp,Game,ScriptableItemComponentPosSetterKart
data.unity3d,Assembly-CSharp,Game,ScriptableItemComponentScale
data.unity3d,Assembly-CSharp,Game,ScriptableItemComponentScaleByHit
data.unity3d,Assembly-CSharp,Game,ScriptableItemComponentSensorReactor
data.unity3d,Assembly-CSharp,Game,ScriptableItemComponentStraight
data.unity3d,Assembly-CSharp,Game,ScriptableItemComponentTarget
data.unity3d,Assembly-CSharp,Game,ScriptableItemComponentVisiblityAndColMode
data.unity3d,Assembly-CSharp,Game,ScriptableItemIdTable
data.unity3d,Assembly-CSharp,Game,ScriptableItemMtxCurveL
data.unity3d,Assembly-CSharp,Game,ScriptableItemMtxKartL
data.unity3d,Assembly-CSharp,Game,ScriptableItemMtxUpdaterBase
data.unity3d,Assembly-CSharp,Game,ScriptableItemParamBase
data.unity3d,Assembly-CSharp,Game,ScriptableItemParamBomhei
data.unity3d,Assembly-CSharp,Game,ScriptableItemParamClass005
data.unity3d,Assembly-CSharp,Game,ScriptableItemParamClass012
data.unity3d,Assembly-CSharp,Game,ScriptableItemParamClass014
data.unity3d,Assembly-CSharp,Game,ScriptableItemParamClass017
data.unity3d,Assembly-CSharp,Game,ScriptableItemParamClass019
data.unity3d,Assembly-CSharp,Game,ScriptableItemParamClass021
data.unity3d,Assembly-CSharp,Game,ScriptableItemParamClass024
data.unity3d,Assembly-CSharp,Game,ScriptableItemParamClass025
data.unity3d,Assembly-CSharp,Game,ScriptableItemParamClass027
data.unity3d,Assembly-CSharp,Game,ScriptableItemParamClass034
data.unity3d,Assembly-CSharp,Game,ScriptableItemParamClass036
data.unity3d,Assembly-CSharp,Game,ScriptableItemParamCoin
data.unity3d,Assembly-CSharp,Game,ScriptableItemParamExplosion
data.unity3d,Assembly-CSharp,Game,ScriptableItemParamGeneral
data.unity3d,Assembly-CSharp,Game,ScriptableItemParamGesso
data.unity3d,Assembly-CSharp,Game,ScriptableItemParamKiller
data.unity3d,Assembly-CSharp,Game,ScriptableItemParamKouraB
data.unity3d,Assembly-CSharp,Game,ScriptableItemParamKouraBase
data.unity3d,Assembly-CSharp,Game,ScriptableItemParamKouraCommon
data.unity3d,Assembly-CSharp,Game,ScriptableItemParamKouraR
data.unity3d,Assembly-CSharp,Game,ScriptableItemParamPath
data.unity3d,Assembly-CSharp,Game,ScriptableItemParamStraight
data.unity3d,Assembly-CSharp,Game,ScriptableItemParamThunder
data.unity3d,Assembly-CSharp,Game,ScriptableItemPos
data.unity3d,Assembly-CSharp,Game,ScriptableItemReactTable
data.unity3d,Assembly-CSharp,Game,ScriptableItemSlotResult
data.unity3d,Assembly-CSharp,Game,ScriptableItemSlotResultCatalog
data.unity3d,Assembly-CSharp,Game,ScriptableItemSlotResultInRace
data.unity3d,Assembly-CSharp,Game,ScriptableItemTableOfMapObj
data.unity3d,Assembly-CSharp,Game,ScriptableKCollision
data.unity3d,Assembly-CSharp,Game,ScriptableKartBalloon
data.unity3d,Assembly-CSharp,Game,ScriptableKartBalloonTest
data.unity3d,Assembly-CSharp,Game,ScriptableKartBody
data.unity3d,Assembly-CSharp,Game,ScriptableKartBodyTire
data.unity3d,Assembly-CSharp,Game,ScriptableKartBodyWing
data.unity3d,Assembly-CSharp,Game,ScriptableKartGearBox
data.unity3d,Assembly-CSharp,Game,ScriptableKartParam
data.unity3d,Assembly-CSharp,Game,ScriptableKartParamGroundAbility
data.unity3d,Assembly-CSharp,Game,ScriptableKartParamVehicle
data.unity3d,Assembly-CSharp,Game,ScriptableKartParamVehicleDash
data.unity3d,Assembly-CSharp,Game,ScriptableKartParamVehicleDrift
data.unity3d,Assembly-CSharp,Game,ScriptableKartParamVehicleMove
data.unity3d,Assembly-CSharp,Game,ScriptableKartScrew
data.unity3d,Assembly-CSharp,Game,ScriptableKartSet
data.unity3d,Assembly-CSharp,Game,ScriptableKartStaticParam
data.unity3d,Assembly-CSharp,Game,ScriptableKartTire
data.unity3d,Assembly-CSharp,Game,ScriptableKartWing
data.unity3d,Assembly-CSharp,Game,ScriptableManifest
data.unity3d,Assembly-CSharp,Game,ScriptableMapData
data.unity3d,Assembly-CSharp,Game,ScriptableMapObj
data.unity3d,Assembly-CSharp,Game,ScriptableMapObjModelShadow
data.unity3d,Assembly-CSharp,Game,ScriptableMatchingP2PParam
data.unity3d,Assembly-CSharp,Game,ScriptableMatchingParam
data.unity3d,Assembly-CSharp,Game,ScriptableMaterial
data.unity3d,Assembly-CSharp,Game,ScriptableParade
data.unity3d,Assembly-CSharp,Game,ScriptableParadeFormation
data.unity3d,Assembly-CSharp,Game,ScriptablePartsCommonSettings
data.unity3d,Assembly-CSharp,Game,ScriptablePostEffect
data.unity3d,Assembly-CSharp,Game,ScriptablePrefab
data.unity3d,Assembly-CSharp,Game,ScriptableRaceItemSlotTable
data.unity3d,Assembly-CSharp,Game,ScriptableRaceScoreParam
data.unity3d,Assembly-CSharp,Game,ScriptableRaceSequenceParam
data.unity3d,Assembly-CSharp,Game,ScriptableSceneParam
data.unity3d,Assembly-CSharp,Game,ScriptableTourEndingParade
data.unity3d,Assembly-CSharp,Game,ScriptableTwitterSettings
data.unity3d,Assembly-CSharp,Game,ScriptableUI
data.unity3d,Assembly-CSharp,Game,ScriptableWappen
data.unity3d,Assembly-CSharp,Game,Sector
data.unity3d,Assembly-CSharp,Game,SectorBase
data.unity3d,Assembly-CSharp,Game,SerializedEnumChecker
data.unity3d,Assembly-CSharp,Game,ShredCodeExecutor
data.unity3d,Assembly-CSharp,Game,SkillFunc
data.unity3d,Assembly-CSharp,Game,SkillTestCase
data.unity3d,Assembly-CSharp,Game,SpareTireLogRecorder
data.unity3d,Assembly-CSharp,Game,SpecialOfferTestCase
data.unity3d,Assembly-CSharp,Game,SystemAndroidStatusBar
data.unity3d,Assembly-CSharp,Game,SystemBase
data.unity3d,Assembly-CSharp,Game,SystemBtdManager
data.unity3d,Assembly-CSharp,Game,SystemBuildInfoDefine
data.unity3d,Assembly-CSharp,Game,SystemCrashreportManager
data.unity3d,Assembly-CSharp,Game,SystemCrashreportUtil
data.unity3d,Assembly-CSharp,Game,SystemDefine
data.unity3d,Assembly-CSharp,Game,SystemDeviceInfo
data.unity3d,Assembly-CSharp,Game,SystemEngine
data.unity3d,Assembly-CSharp,Game,SystemErrorCodeManager
data.unity3d,Assembly-CSharp,Game,SystemExceptionManager
data.unity3d,Assembly-CSharp,Game,SystemGalleryManager
data.unity3d,Assembly-CSharp,Game,SystemGalleryUtil
data.unity3d,Assembly-CSharp,Game,SystemInnerUtil
data.unity3d,Assembly-CSharp,Game,SystemProjectSettingManager
data.unity3d,Assembly-CSharp,Game,SystemTimer
data.unity3d,Assembly-CSharp,Game,SystemUICaptureManager
data.unity3d,Assembly-CSharp,Game,SystemUICaptureObject
data.unity3d,Assembly-CSharp,Game,SystemUtil
data.unity3d,Assembly-CSharp,Game,TitleImageReplacer
data.unity3d,Assembly-CSharp,Game,TreasureBoxTestCase
data.unity3d,Assembly-CSharp,Game,TrialScriptableP2PBossKoopaConfig
data.unity3d,Assembly-CSharp,Game,UI2DMapInfo
data.unity3d,Assembly-CSharp,Game,UI2DMapSetting
data.unity3d,Assembly-CSharp,Game,UIActionScoreDynamicMessage
data.unity3d,Assembly-CSharp,Game,UIActiveOnlyEventTutorialComponent
data.unity3d,Assembly-CSharp,Game,UIActivenOnlyTutorialComponent
data.unity3d,Assembly-CSharp,Game,UIAnimationEventCallback
data.unity3d,Assembly-CSharp,Game,UIAnimationIntChangerBase
data.unity3d,Assembly-CSharp,Game,UIApplicationBackAction
data.unity3d,Assembly-CSharp,Game,UIAsyncImageLoader
data.unity3d,Assembly-CSharp,Game,UIAsyncImageLoaderBase
data.unity3d,Assembly-CSharp,Game,UIAudioUtilAction
data.unity3d,Assembly-CSharp,Game,UIAuthorizeAndLinkNintendoAccountAction
data.unity3d,Assembly-CSharp,Game,UIAuthorizeNintendoAccountAction
data.unity3d,Assembly-CSharp,Game,UIAutoModeComponent
data.unity3d,Assembly-CSharp,Game,UIAutoModeShareDlg
data.unity3d,Assembly-CSharp,Game,UIBackAction
data.unity3d,Assembly-CSharp,Game,UIBackButton
data.unity3d,Assembly-CSharp,Game,UIBackButtonDynamicMessage
data.unity3d,Assembly-CSharp,Game,UIBalloonCurrentComponent
data.unity3d,Assembly-CSharp,Game,UIBingoChallengeBuyDynamicMessage
data.unity3d,Assembly-CSharp,Game,UIBingoChallengeCellInfo
data.unity3d,Assembly-CSharp,Game,UIBingoChallengeCellList
data.unity3d,Assembly-CSharp,Game,UIBingoChallengeCellListItem
data.unity3d,Assembly-CSharp,Game,UIBingoChallengeCompleteDynamicMessage
data.unity3d,Assembly-CSharp,Game,UIBingoChallengeSelectedCellDynamicMessage
data.unity3d,Assembly-CSharp,Game,UIBlurCamera
data.unity3d,Assembly-CSharp,Game,UIBreakBalloonEvent
data.unity3d,Assembly-CSharp,Game,UIBtnHatenaBoxComponent
data.unity3d,Assembly-CSharp,Game,UIBtnNetPlayLobbyTxtInfoDynamicMessage
data.unity3d,Assembly-CSharp,Game,UIBtnViewModeComponent
data.unity3d,Assembly-CSharp,Game,UIBuretteList
data.unity3d,Assembly-CSharp,Game,UIBuretteListBase
data.unity3d,Assembly-CSharp,Game,UIBuretteListItem
data.unity3d,Assembly-CSharp,Game,UIButtonBase
data.unity3d,Assembly-CSharp,Game,UIButtonExDisableSetting
data.unity3d,Assembly-CSharp,Game,UIButtonTappedEventActionTrigger
data.unity3d,Assembly-CSharp,Game,UIBuyItemRepeatedly
data.unity3d,Assembly-CSharp,Game,UIBuySpecialOfferRepeatedly
data.unity3d,Assembly-CSharp,Game,UICameraEffect
data.unity3d,Assembly-CSharp,Game,UICanUseLevelUpTicket
data.unity3d,Assembly-CSharp,Game,UICanUseSkillLevelUpTicket
data.unity3d,Assembly-CSharp,Game,UICancelRemoveNintendoAccountAction1
data.unity3d,Assembly-CSharp,Game,UICbtDisableObject
data.unity3d,Assembly-CSharp,Game,UICcDifficultyDynamicMessage
data.unity3d,Assembly-CSharp,Game,UICcList
data.unity3d,Assembly-CSharp,Game,UICcListItem
data.unity3d,Assembly-CSharp,Game,UICelebration
data.unity3d,Assembly-CSharp,Game,UICelebrationDynamicMessage
data.unity3d,Assembly-CSharp,Game,UIChallengeOrPresentItemData
data.unity3d,Assembly-CSharp,Game,UIChallengeRewardAndPresentReceiveAllAction
data.unity3d,Assembly-CSharp,Game,UIChallengeScreen
data.unity3d,Assembly-CSharp,Game,UIChallengeSheetBingo
data.unity3d,Assembly-CSharp,Game,UIChallengeSheetList
data.unity3d,Assembly-CSharp,Game,UIChallengeSheetListBuretteList
data.unity3d,Assembly-CSharp,Game,UIChallengeSheetListItem
data.unity3d,Assembly-CSharp,Game,UIChallengeSheetTotalPoint
data.unity3d,Assembly-CSharp,Game,UIChangeRegionButton
data.unity3d,Assembly-CSharp,Game,UIChangedCanvasScalerEvent
data.unity3d,Assembly-CSharp,Game,UIChangedEnableMainMenuButtonEvent
data.unity3d,Assembly-CSharp,Game,UIChangedEventNewFlagEvent
data.unity3d,Assembly-CSharp,Game,UIChangedEventRaceListEvent
data.unity3d,Assembly-CSharp,Game,UIChangedInitialSettingFlagEvent
data.unity3d,Assembly-CSharp,Game,UIChangedInventoryEvent
data.unity3d,Assembly-CSharp,Game,UIChangedMissionListEvent
data.unity3d,Assembly-CSharp,Game,UIChangedMissionNewFlagEvent
data.unity3d,Assembly-CSharp,Game,UIChangedNominatedProductsEvent
data.unity3d,Assembly-CSharp,Game,UIChangedRatingCacheEvent
data.unity3d,Assembly-CSharp,Game,UIChangedRatingEvent
data.unity3d,Assembly-CSharp,Game,UIChangedSeasonPassEvent
data.unity3d,Assembly-CSharp,Game,UIChangedSeasonRewardRankPointCacheEvent
data.unity3d,Assembly-CSharp,Game,UIChangedSeasonRewardRankPointEvent
data.unity3d,Assembly-CSharp,Game,UIChangedSelectedRankRaceEvent
data.unity3d,Assembly-CSharp,Game,UIChangedSeparateModeEvent
data.unity3d,Assembly-CSharp,Game,UIChangedSpecialOfferEvent
data.unity3d,Assembly-CSharp,Game,UIChangedStockCoinCacheEvent
data.unity3d,Assembly-CSharp,Game,UIChangedStockCoinEvent
data.unity3d,Assembly-CSharp,Game,UIChangedStockVirtualCurrencyCacheEvent
data.unity3d,Assembly-CSharp,Game,UIChangedStockVirtualCurrencyEvent
data.unity3d,Assembly-CSharp,Game,UIChangedVirtualCurrencyBundlesEvent
data.unity3d,Assembly-CSharp,Game,UIChangedWappenNumEvent
data.unity3d,Assembly-CSharp,Game,UIClampScreen
data.unity3d,Assembly-CSharp,Game,UIClearDialogStackAction
data.unity3d,Assembly-CSharp,Game,UIClearIconParent
data.unity3d,Assembly-CSharp,Game,UIClearWebRequestTextureAllAction
data.unity3d,Assembly-CSharp,Game,UICloseDialogAllAction
data.unity3d,Assembly-CSharp,Game,UICloseScreenJumpSetting
data.unity3d,Assembly-CSharp,Game,UICoinBalloon
data.unity3d,Assembly-CSharp,Game,UICoinEventResult
data.unity3d,Assembly-CSharp,Game,UICoinGetEvent
data.unity3d,Assembly-CSharp,Game,UICoinRaceConfirmDynamicMessage
data.unity3d,Assembly-CSharp,Game,UICoinRaceList
data.unity3d,Assembly-CSharp,Game,UICoinRaceListItem
data.unity3d,Assembly-CSharp,Game,UIComboAttackHideComponent
data.unity3d,Assembly-CSharp,Game,UIComboRankData
data.unity3d,Assembly-CSharp,Game,UICommonDialog
data.unity3d,Assembly-CSharp,Game,UICommonDialogSettingLoader
data.unity3d,Assembly-CSharp,Game,UICommonDialogSettings
data.unity3d,Assembly-CSharp,Game,UICommonSequence
data.unity3d,Assembly-CSharp,Game,UIContentScroller
data.unity3d,Assembly-CSharp,Game,UICopyMyFriendIdAction
data.unity3d,Assembly-CSharp,Game,UICoreArea
data.unity3d,Assembly-CSharp,Game,UICoreAreaDrawer
data.unity3d,Assembly-CSharp,Game,UICoroutineManager
data.unity3d,Assembly-CSharp,Game,UICost
data.unity3d,Assembly-CSharp,Game,UICostButton
data.unity3d,Assembly-CSharp,Game,UICostButtonDynamicMessage
data.unity3d,Assembly-CSharp,Game,UICourseData
data.unity3d,Assembly-CSharp,Game,UICourseInEndEvent
data.unity3d,Assembly-CSharp,Game,UICourseInfo
data.unity3d,Assembly-CSharp,Game,UICourseNameDynamicMessage
data.unity3d,Assembly-CSharp,Game,UICourseResultDialogBace
data.unity3d,Assembly-CSharp,Game,UICourseResultDialogEvent
data.unity3d,Assembly-CSharp,Game,UICourseResultDialogRace
data.unity3d,Assembly-CSharp,Game,UICourseTypeDynamicMessage
data.unity3d,Assembly-CSharp,Game,UICrashreportButtonAction
data.unity3d,Assembly-CSharp,Game,UICrashreportmAction
data.unity3d,Assembly-CSharp,Game,UICupCourseInfo
data.unity3d,Assembly-CSharp,Game,UICupCourseList
data.unity3d,Assembly-CSharp,Game,UICupCourseListItem
data.unity3d,Assembly-CSharp,Game,UICupInfo
data.unity3d,Assembly-CSharp,Game,UICupList
data.unity3d,Assembly-CSharp,Game,UICupListBuretteList
data.unity3d,Assembly-CSharp,Game,UICupListItem
data.unity3d,Assembly-CSharp,Game,UICupNameDynamicMessage
data.unity3d,Assembly-CSharp,Game,UICupNormalCourseClearConditionDynamicMessage
data.unity3d,Assembly-CSharp,Game,UICupNotOpenDynamicMessage
data.unity3d,Assembly-CSharp,Game,UICupOpenTicket
data.unity3d,Assembly-CSharp,Game,UICupOpenTicketDynamicMessage
data.unity3d,Assembly-CSharp,Game,UICupOptionButtonDynamicMessage
data.unity3d,Assembly-CSharp,Game,UICupOptionButtonList
data.unity3d,Assembly-CSharp,Game,UICupOptionButtonListItem
data.unity3d,Assembly-CSharp,Game,UICupRaceIndexDynamicMessage
data.unity3d,Assembly-CSharp,Game,UICurrentCoin
data.unity3d,Assembly-CSharp,Game,UICurrentDateTime
data.unity3d,Assembly-CSharp,Game,UICurrentRaceTime
data.unity3d,Assembly-CSharp,Game,UICurrentRankingLeagueRankIcon
data.unity3d,Assembly-CSharp,Game,UICurrentUserNameInput
data.unity3d,Assembly-CSharp,Game,UICurrentValueInputField
data.unity3d,Assembly-CSharp,Game,UICurrentVirtualCurrency
data.unity3d,Assembly-CSharp,Game,UICurrentWappen
data.unity3d,Assembly-CSharp,Game,UICustomizeContentTypeDynamicMessage
data.unity3d,Assembly-CSharp,Game,UICustomizeItemSelectList
data.unity3d,Assembly-CSharp,Game,UICustomizeItemSelectListItem
data.unity3d,Assembly-CSharp,Game,UIDLRaceDynamicMessage
data.unity3d,Assembly-CSharp,Game,UIDailyChallengeInfo
data.unity3d,Assembly-CSharp,Game,UIDamageUIAplhaCallbackComponent
data.unity3d,Assembly-CSharp,Game,UIDataRepairAction
data.unity3d,Assembly-CSharp,Game,UIDateTime
data.unity3d,Assembly-CSharp,Game,UIDaysDynamicMessage
data.unity3d,Assembly-CSharp,Game,UIDebugDrawInputRect
data.unity3d,Assembly-CSharp,Game,UIDebugObject
data.unity3d,Assembly-CSharp,Game,UIDebugPrintAction
data.unity3d,Assembly-CSharp,Game,UIDebugSceneError
data.unity3d,Assembly-CSharp,Game,UIDecideAction
data.unity3d,Assembly-CSharp,Game,UIDefine
data.unity3d,Assembly-CSharp,Game,UIDemoDisableObject
data.unity3d,Assembly-CSharp,Game,UIDescriptionOnceAction
data.unity3d,Assembly-CSharp,Game,UIDescriptionWindow
data.unity3d,Assembly-CSharp,Game,UIDialogBackButtons
data.unity3d,Assembly-CSharp,Game,UIDialogBackground
data.unity3d,Assembly-CSharp,Game,UIDialogButtonSettingBase
data.unity3d,Assembly-CSharp,Game,UIDialogManager
data.unity3d,Assembly-CSharp,Game,UIDialogSetting
data.unity3d,Assembly-CSharp,Game,UIDigitalMeterWithNumber
data.unity3d,Assembly-CSharp,Game,UIDisableDialogPushStackAction
data.unity3d,Assembly-CSharp,Game,UIDisableLeavingTimerColor
data.unity3d,Assembly-CSharp,Game,UIDiscountRateAnimationSynchronize
data.unity3d,Assembly-CSharp,Game,UIDiscountRateAnimationSynchronizeElement
data.unity3d,Assembly-CSharp,Game,UIDiscountRateDynamicMessage
data.unity3d,Assembly-CSharp,Game,UIDlgTutorialBattle
data.unity3d,Assembly-CSharp,Game,UIDlgTutorialDrift
data.unity3d,Assembly-CSharp,Game,UIDotLineSeparator
data.unity3d,Assembly-CSharp,Game,UIDownloadInfo
data.unity3d,Assembly-CSharp,Game,UIDownloadResourceAllAction
data.unity3d,Assembly-CSharp,Game,UIDriverLevelUp
data.unity3d,Assembly-CSharp,Game,UIDriverPartsListItemButton
data.unity3d,Assembly-CSharp,Game,UIDriverSkillInfo
data.unity3d,Assembly-CSharp,Game,UIDynamicAvailableItemIconImageLoader
data.unity3d,Assembly-CSharp,Game,UIDynamicCcImageLoader
data.unity3d,Assembly-CSharp,Game,UIDynamicCelebrationMessageImageLoader
data.unity3d,Assembly-CSharp,Game,UIDynamicClearStatusImageLoader
data.unity3d,Assembly-CSharp,Game,UIDynamicCoinRaceBackgroundLoader
data.unity3d,Assembly-CSharp,Game,UIDynamicCommonIconImageLoader
data.unity3d,Assembly-CSharp,Game,UIDynamicCourseImageLoader
data.unity3d,Assembly-CSharp,Game,UIDynamicCupImageLoader
data.unity3d,Assembly-CSharp,Game,UIDynamicCupOptionButtonImageLoader
data.unity3d,Assembly-CSharp,Game,UIDynamicEventRuleImageLoader
data.unity3d,Assembly-CSharp,Game,UIDynamicExtraCoinImageLoader
data.unity3d,Assembly-CSharp,Game,UIDynamicFeaturedItemRibbonImageLoader
data.unity3d,Assembly-CSharp,Game,UIDynamicFestivalTeamImageLoader
data.unity3d,Assembly-CSharp,Game,UIDynamicImageBoolLoaderBase
data.unity3d,Assembly-CSharp,Game,UIDynamicImageIntLoaderBase
data.unity3d,Assembly-CSharp,Game,UIDynamicImageLoaderBase
data.unity3d,Assembly-CSharp,Game,UIDynamicImageScriptableObjectLoaderBase
data.unity3d,Assembly-CSharp,Game,UIDynamicImageSwitcherBase
data.unity3d,Assembly-CSharp,Game,UIDynamicItemDataImageLoader
data.unity3d,Assembly-CSharp,Game,UIDynamicItemFrameImageLoader
data.unity3d,Assembly-CSharp,Game,UIDynamicLevelMeterStateImageLoader
data.unity3d,Assembly-CSharp,Game,UIDynamicLockImageSwitcher
data.unity3d,Assembly-CSharp,Game,UIDynamicMainMenuEmphasisIconImageLoader
data.unity3d,Assembly-CSharp,Game,UIDynamicMainMenuItemBackgroundImageLoader
data.unity3d,Assembly-CSharp,Game,UIDynamicMenuButtonImageLoader
data.unity3d,Assembly-CSharp,Game,UIDynamicNetPlayLobbyContentBaseImageSwitcher
data.unity3d,Assembly-CSharp,Game,UIDynamicNetPlayResultListImageLoader
data.unity3d,Assembly-CSharp,Game,UIDynamicNotOpenCupImageLoader
data.unity3d,Assembly-CSharp,Game,UIDynamicOneHundredRaceRankImageLoader
data.unity3d,Assembly-CSharp,Game,UIDynamicPassImageLoader
data.unity3d,Assembly-CSharp,Game,UIDynamicPowerUpImageLoader
data.unity3d,Assembly-CSharp,Game,UIDynamicQuickStartIconImageLoader
data.unity3d,Assembly-CSharp,Game,UIDynamicRaceRankImageLoader
data.unity3d,Assembly-CSharp,Game,UIDynamicRankingRankImageLoader
data.unity3d,Assembly-CSharp,Game,UIDynamicRarityImageLoader
data.unity3d,Assembly-CSharp,Game,UIDynamicRetryButtonImageLoader
data.unity3d,Assembly-CSharp,Game,UIDynamicSeasonImageLoader
data.unity3d,Assembly-CSharp,Game,UIDynamicSeasonRewardPointImageLoader
data.unity3d,Assembly-CSharp,Game,UIDynamicSettingToggleItemImageLoader
data.unity3d,Assembly-CSharp,Game,UIDynamicShopTopContentImageLoader
data.unity3d,Assembly-CSharp,Game,UIDynamicSpecialOfferImageLoader
data.unity3d,Assembly-CSharp,Game,UIDynamicSubInfoButtonImageSwitcher
data.unity3d,Assembly-CSharp,Game,UIDynamicSuperWinPinbadgeImageLoader
data.unity3d,Assembly-CSharp,Game,UIDynamicTitleImageLoader
data.unity3d,Assembly-CSharp,Game,UIDynamicToggleItemImageLoader
data.unity3d,Assembly-CSharp,Game,UIDynamicTourGiftIconImageLoader
data.unity3d,Assembly-CSharp,Game,UIDynamicTransactionsLawImageLoader
data.unity3d,Assembly-CSharp,Game,UIDynamicTreasureBoxImageLoader
data.unity3d,Assembly-CSharp,Game,UIDynamicTreasureBoxProductImageLoader
data.unity3d,Assembly-CSharp,Game,UIDynamicTreasureBoxTypeImageLoader
data.unity3d,Assembly-CSharp,Game,UIDynamicTutorialGuideImageLoader
data.unity3d,Assembly-CSharp,Game,UIDynamicUserRankOpenInfoImageLoader
data.unity3d,Assembly-CSharp,Game,UIDynamicWaitPvpImageLoader
data.unity3d,Assembly-CSharp,Game,UIDynamicWeeklyEventRuleImageLoader
data.unity3d,Assembly-CSharp,Game,UIEngine
data.unity3d,Assembly-CSharp,Game,UIEnterRaceAction
data.unity3d,Assembly-CSharp,Game,UIEntry
data.unity3d,Assembly-CSharp,Game,UIErrorDialog
data.unity3d,Assembly-CSharp,Game,UIErrorDialogSettings
data.unity3d,Assembly-CSharp,Game,UIEulaContentDynamicMessage
data.unity3d,Assembly-CSharp,Game,UIEulaDialog
data.unity3d,Assembly-CSharp,Game,UIEulaTitleDynamicMessage
data.unity3d,Assembly-CSharp,Game,UIEventAim
data.unity3d,Assembly-CSharp,Game,UIEventAimDynamicMessage
data.unity3d,Assembly-CSharp,Game,UIEventCategoryChildTitleDynamicMessage
data.unity3d,Assembly-CSharp,Game,UIEventDifficultyInfo
data.unity3d,Assembly-CSharp,Game,UIEventManager
data.unity3d,Assembly-CSharp,Game,UIEventMenuBase
data.unity3d,Assembly-CSharp,Game,UIEventMissDynamicMessage
data.unity3d,Assembly-CSharp,Game,UIEventPageScrollerSetting
data.unity3d,Assembly-CSharp,Game,UIEventParadeSnapConditionDynamicMessage
data.unity3d,Assembly-CSharp,Game,UIEventRaceRemainingTime
data.unity3d,Assembly-CSharp,Game,UIEventRaceScore
data.unity3d,Assembly-CSharp,Game,UIEventRaceTime
data.unity3d,Assembly-CSharp,Game,UIEventResult
data.unity3d,Assembly-CSharp,Game,UIEventRewardList
data.unity3d,Assembly-CSharp,Game,UIEventRewardListItem
data.unity3d,Assembly-CSharp,Game,UIEventRewardTargetLeisureDynamicMessage
data.unity3d,Assembly-CSharp,Game,UIEventRewardTargetRaceDynamicMessage
data.unity3d,Assembly-CSharp,Game,UIEventShopButton
data.unity3d,Assembly-CSharp,Game,UIEventShopCoin
data.unity3d,Assembly-CSharp,Game,UIEventShopConfirm
data.unity3d,Assembly-CSharp,Game,UIEventShopInfo
data.unity3d,Assembly-CSharp,Game,UIEventShopItemList
data.unity3d,Assembly-CSharp,Game,UIEventShopJumpSetting
data.unity3d,Assembly-CSharp,Game,UIEventTitleDynamicMessage
data.unity3d,Assembly-CSharp,Game,UIEventTutorialSequenceManager
data.unity3d,Assembly-CSharp,Game,UIExceptionList
data.unity3d,Assembly-CSharp,Game,UIExceptionListItem
data.unity3d,Assembly-CSharp,Game,UIExceptionManager
data.unity3d,Assembly-CSharp,Game,UIExceptionWindow
data.unity3d,Assembly-CSharp,Game,UIExitRaceAction
data.unity3d,Assembly-CSharp,Game,UIExitResultAction
data.unity3d,Assembly-CSharp,Game,UIExternal
data.unity3d,Assembly-CSharp,Game,UIExternalDebug
data.unity3d,Assembly-CSharp,Game,UIExternalDownload
data.unity3d,Assembly-CSharp,Game,UIExternalEventRace
data.unity3d,Assembly-CSharp,Game,UIExternalP2PRace
data.unity3d,Assembly-CSharp,Game,UIExternalRaceCommon
data.unity3d,Assembly-CSharp,Game,UIExternalRanking
data.unity3d,Assembly-CSharp,Game,UIExternalSystem
data.unity3d,Assembly-CSharp,Game,UIExtraCoinAmountUnknownDynamicMessage
data.unity3d,Assembly-CSharp,Game,UIFade
data.unity3d,Assembly-CSharp,Game,UIFadeBase
data.unity3d,Assembly-CSharp,Game,UIFavoriteDriverList
data.unity3d,Assembly-CSharp,Game,UIFavoritePartsSelectList
data.unity3d,Assembly-CSharp,Game,UIFestivalBalloon
data.unity3d,Assembly-CSharp,Game,UIFestivalEndingScreen
data.unity3d,Assembly-CSharp,Game,UIFestivalTeamConfirmScreen
data.unity3d,Assembly-CSharp,Game,UIFestivalTeamData
data.unity3d,Assembly-CSharp,Game,UIFestivalTeamInfo
data.unity3d,Assembly-CSharp,Game,UIFestivalTeamNameDynamicMessage
data.unity3d,Assembly-CSharp,Game,UIFestivalTeamResultDynamicMessage
data.unity3d,Assembly-CSharp,Game,UIFestivalTeamSelectScreen
data.unity3d,Assembly-CSharp,Game,UIFestivalTeamSetting
data.unity3d,Assembly-CSharp,Game,UIFestivalTeamTotalScore
data.unity3d,Assembly-CSharp,Game,UIFestivalTotalScore
data.unity3d,Assembly-CSharp,Game,UIFeverEndChecker
data.unity3d,Assembly-CSharp,Game,UIFeverEndEvent
data.unity3d,Assembly-CSharp,Game,UIFeverStartChecker
data.unity3d,Assembly-CSharp,Game,UIFeverStartEvent
data.unity3d,Assembly-CSharp,Game,UIFewTimeIcon
data.unity3d,Assembly-CSharp,Game,UIFinalLapStartEvent
data.unity3d,Assembly-CSharp,Game,UIFinishComponent
data.unity3d,Assembly-CSharp,Game,UIFinishCountDown
data.unity3d,Assembly-CSharp,Game,UIFirstMainMenuSequenceAction
data.unity3d,Assembly-CSharp,Game,UIFirstSetting
data.unity3d,Assembly-CSharp,Game,UIFloatingDropdownPosition
data.unity3d,Assembly-CSharp,Game,UIFontLoader
data.unity3d,Assembly-CSharp,Game,UIForceLoginNintendoAccountSequenceAction
data.unity3d,Assembly-CSharp,Game,UIFriendAcceptAction
data.unity3d,Assembly-CSharp,Game,UIFriendAdd
data.unity3d,Assembly-CSharp,Game,UIFriendButton
data.unity3d,Assembly-CSharp,Game,UIFriendChallengeRewardMarkList
data.unity3d,Assembly-CSharp,Game,UIFriendChallengeRewardMarkListItem
data.unity3d,Assembly-CSharp,Game,UIFriendCodeShareDynamicMessage
data.unity3d,Assembly-CSharp,Game,UIFriendConfirm
data.unity3d,Assembly-CSharp,Game,UIFriendConfirmTypeButtonDynamicMessage
data.unity3d,Assembly-CSharp,Game,UIFriendConfirmTypeContentDynamicMessage
data.unity3d,Assembly-CSharp,Game,UIFriendConfirmTypePosiButtonDynamicMessage
data.unity3d,Assembly-CSharp,Game,UIFriendConfirmTypeTitleDynamicMessage
data.unity3d,Assembly-CSharp,Game,UIFriendDeleteAction
data.unity3d,Assembly-CSharp,Game,UIFriendDontAcceptAction
data.unity3d,Assembly-CSharp,Game,UIFriendGiftRewards
data.unity3d,Assembly-CSharp,Game,UIFriendGreetCoinBalloon
data.unity3d,Assembly-CSharp,Game,UIFriendGreetCoinBalloons
data.unity3d,Assembly-CSharp,Game,UIFriendIdInput
data.unity3d,Assembly-CSharp,Game,UIFriendIdRequestButton
data.unity3d,Assembly-CSharp,Game,UIFriendInviteList
data.unity3d,Assembly-CSharp,Game,UIFriendInviteListItem
data.unity3d,Assembly-CSharp,Game,UIFriendList
data.unity3d,Assembly-CSharp,Game,UIFriendListItem
data.unity3d,Assembly-CSharp,Game,UIFriendNewObject
data.unity3d,Assembly-CSharp,Game,UIFriendNoLoopList
data.unity3d,Assembly-CSharp,Game,UIFriendOpenAction
data.unity3d,Assembly-CSharp,Game,UIFriendRequestAction
data.unity3d,Assembly-CSharp,Game,UIGdprTarget
data.unity3d,Assembly-CSharp,Game,UIGetItem
data.unity3d,Assembly-CSharp,Game,UIGetItemList
data.unity3d,Assembly-CSharp,Game,UIGetItemReasonDynamicMessage
data.unity3d,Assembly-CSharp,Game,UIGetItemScreen
data.unity3d,Assembly-CSharp,Game,UIGetItemSequence
data.unity3d,Assembly-CSharp,Game,UIGlobalDecideAction
data.unity3d,Assembly-CSharp,Game,UIGo
data.unity3d,Assembly-CSharp,Game,UIGoEvent
data.unity3d,Assembly-CSharp,Game,UIGoalEventActionTrigger
data.unity3d,Assembly-CSharp,Game,UIGoalPointDynamicMessage
data.unity3d,Assembly-CSharp,Game,UIGoodCourseHeaderDynamicMessage
data.unity3d,Assembly-CSharp,Game,UIGoodCourseIcons
data.unity3d,Assembly-CSharp,Game,UIGoodCourseKartPartsList
data.unity3d,Assembly-CSharp,Game,UIGoodCourseLevelDynamicMessage
data.unity3d,Assembly-CSharp,Game,UIGoodCourseList
data.unity3d,Assembly-CSharp,Game,UIGoodCourseListGood
data.unity3d,Assembly-CSharp,Game,UIGoodCourseListItem
data.unity3d,Assembly-CSharp,Game,UIGoodCourseListLevelUp
data.unity3d,Assembly-CSharp,Game,UIGoodCourseListMoreGood
data.unity3d,Assembly-CSharp,Game,UIGraphicColorSetting
data.unity3d,Assembly-CSharp,Game,UIGraphicTextSettings
data.unity3d,Assembly-CSharp,Game,UIGreetCoinButton
data.unity3d,Assembly-CSharp,Game,UIGreetCoinReceiveAction
data.unity3d,Assembly-CSharp,Game,UIGreetCoinSendAction
data.unity3d,Assembly-CSharp,Game,UIHostIoInspectorRoot
data.unity3d,Assembly-CSharp,Game,UIIMenuHudSetting
data.unity3d,Assembly-CSharp,Game,UIISpriteReference
data.unity3d,Assembly-CSharp,Game,UIImageSetAction
data.unity3d,Assembly-CSharp,Game,UIImageSetTarget
data.unity3d,Assembly-CSharp,Game,UIInfoWindowContentDynamicMessage
data.unity3d,Assembly-CSharp,Game,UIInitializeSequence
data.unity3d,Assembly-CSharp,Game,UIInputLockManager
data.unity3d,Assembly-CSharp,Game,UIInstantiateManager
data.unity3d,Assembly-CSharp,Game,UIItemAlertList
data.unity3d,Assembly-CSharp,Game,UIItemAlertListItem
data.unity3d,Assembly-CSharp,Game,UIItemDamageComponent
data.unity3d,Assembly-CSharp,Game,UIItemDamageEvent
data.unity3d,Assembly-CSharp,Game,UIItemData
data.unity3d,Assembly-CSharp,Game,UIItemDataList
data.unity3d,Assembly-CSharp,Game,UIItemDataScrollLoopList
data.unity3d,Assembly-CSharp,Game,UIItemDetailDynamicMessage
data.unity3d,Assembly-CSharp,Game,UIItemHitComponent
data.unity3d,Assembly-CSharp,Game,UIItemHitEvent
data.unity3d,Assembly-CSharp,Game,UIItemInfo
data.unity3d,Assembly-CSharp,Game,UIItemInfoWindow
data.unity3d,Assembly-CSharp,Game,UIItemLevelMeter
data.unity3d,Assembly-CSharp,Game,UIItemListItem
data.unity3d,Assembly-CSharp,Game,UIItemNameDynamicMessage
data.unity3d,Assembly-CSharp,Game,UIItemSelectAction
data.unity3d,Assembly-CSharp,Game,UIItemSlotInOutCallbackComponent
data.unity3d,Assembly-CSharp,Game,UIItemSlotStartAction
data.unity3d,Assembly-CSharp,Game,UIJugemSeasonReplacer
data.unity3d,Assembly-CSharp,Game,UIJumpButtonDynamicMessage
data.unity3d,Assembly-CSharp,Game,UIKartBalloonList
data.unity3d,Assembly-CSharp,Game,UIKartBalloonListItem
data.unity3d,Assembly-CSharp,Game,UIKartBalloonListScreen
data.unity3d,Assembly-CSharp,Game,UIKartPartsSelect
data.unity3d,Assembly-CSharp,Game,UILanguageDynamicMessage
data.unity3d,Assembly-CSharp,Game,UILapChecker
data.unity3d,Assembly-CSharp,Game,UILapCountUpEventActionTrigger
data.unity3d,Assembly-CSharp,Game,UILeagueIcon
data.unity3d,Assembly-CSharp,Game,UILeagueShopBorderList
data.unity3d,Assembly-CSharp,Game,UILeagueShopInfo
data.unity3d,Assembly-CSharp,Game,UILeagueShopProductList
data.unity3d,Assembly-CSharp,Game,UILeftPlayerNumComponent
data.unity3d,Assembly-CSharp,Game,UILevelMeter
data.unity3d,Assembly-CSharp,Game,UILevelMeterStateDynamicMessage
data.unity3d,Assembly-CSharp,Game,UILinkFacebookAction
data.unity3d,Assembly-CSharp,Game,UILinkTwitterAction
data.unity3d,Assembly-CSharp,Game,UIListDialog
data.unity3d,Assembly-CSharp,Game,UIListDialogDataTable
data.unity3d,Assembly-CSharp,Game,UIListDialogItem
data.unity3d,Assembly-CSharp,Game,UIListDialogList
data.unity3d,Assembly-CSharp,Game,UILoadSettings
data.unity3d,Assembly-CSharp,Game,UILoadSettingsLoader
data.unity3d,Assembly-CSharp,Game,UILoading
data.unity3d,Assembly-CSharp,Game,UILocalizeFont
data.unity3d,Assembly-CSharp,Game,UILocalizeSprite
data.unity3d,Assembly-CSharp,Game,UILoginBonusInfo
data.unity3d,Assembly-CSharp,Game,UILoginBonusList
data.unity3d,Assembly-CSharp,Game,UILoginBonusListItem
data.unity3d,Assembly-CSharp,Game,UILoginBonusTitleDynamicMessage
data.unity3d,Assembly-CSharp,Game,UILoopBuretteList
data.unity3d,Assembly-CSharp,Game,UIMainMenu
data.unity3d,Assembly-CSharp,Game,UIMainMenuEmphasis
data.unity3d,Assembly-CSharp,Game,UIMainMenuEmphasisActiveFriendRoomTypeDynamicMessage
data.unity3d,Assembly-CSharp,Game,UIMainMenuEmphasisTypeDynamicMessage
data.unity3d,Assembly-CSharp,Game,UIMainMenuEndingTreasureStateDynamicMessage
data.unity3d,Assembly-CSharp,Game,UIMainMenuHud
data.unity3d,Assembly-CSharp,Game,UIMainMenuHudButton
data.unity3d,Assembly-CSharp,Game,UIMainMenuItemBalloon
data.unity3d,Assembly-CSharp,Game,UIMainMenuItemBalloons
data.unity3d,Assembly-CSharp,Game,UIMainMenuItemData
data.unity3d,Assembly-CSharp,Game,UIMainMenuItemDataList
data.unity3d,Assembly-CSharp,Game,UIMainMenuItemDataListItem
data.unity3d,Assembly-CSharp,Game,UIMainMenuItemInfo
data.unity3d,Assembly-CSharp,Game,UIMainMenuNetPlayCountDownComponent
data.unity3d,Assembly-CSharp,Game,UIMainMenuNewsList
data.unity3d,Assembly-CSharp,Game,UIMainMenuNewsListItem
data.unity3d,Assembly-CSharp,Game,UIMainMenuSceneJumpSetting
data.unity3d,Assembly-CSharp,Game,UIMainMenuTreasureBoxItemInfo
data.unity3d,Assembly-CSharp,Game,UIMainMenuTreasureBoxRestTimeDynamicMessage
data.unity3d,Assembly-CSharp,Game,UIMainMenuTreasureBoxWaitItemInfo
data.unity3d,Assembly-CSharp,Game,UIMainMenuWindow
data.unity3d,Assembly-CSharp,Game,UIMainSkillHolderDetailDynamicMessage
data.unity3d,Assembly-CSharp,Game,UIMainSkillHolderNameDynamicMessage
data.unity3d,Assembly-CSharp,Game,UIMaintenance
data.unity3d,Assembly-CSharp,Game,UIMaintenanceDynamicMessage
data.unity3d,Assembly-CSharp,Game,UIMaintenancePeriod
data.unity3d,Assembly-CSharp,Game,UIManager
data.unity3d,Assembly-CSharp,Game,UIManagerExtend
data.unity3d,Assembly-CSharp,Game,UIMarkPointComponent
data.unity3d,Assembly-CSharp,Game,UIMarkerComponent
data.unity3d,Assembly-CSharp,Game,UIMaterialHolder
data.unity3d,Assembly-CSharp,Game,UIMenuButtonDynamicMessage
data.unity3d,Assembly-CSharp,Game,UIMenuButtonItem
data.unity3d,Assembly-CSharp,Game,UIMenuButtonItemTourGift
data.unity3d,Assembly-CSharp,Game,UIMenuButtonItemWappen
data.unity3d,Assembly-CSharp,Game,UIMenuHudArea
data.unity3d,Assembly-CSharp,Game,UIMenuHudSetting
data.unity3d,Assembly-CSharp,Game,UIMessage
data.unity3d,Assembly-CSharp,Game,UIMessages
data.unity3d,Assembly-CSharp,Game,UIMeterWithMax
data.unity3d,Assembly-CSharp,Game,UIMiiAdd
data.unity3d,Assembly-CSharp,Game,UIMiiCodeInput
data.unity3d,Assembly-CSharp,Game,UIMiiCommon
data.unity3d,Assembly-CSharp,Game,UIMiiCommonButtonDynamicMessage
data.unity3d,Assembly-CSharp,Game,UIMiiCommonDescriptionDynamicMessage
data.unity3d,Assembly-CSharp,Game,UIMiiManagement
data.unity3d,Assembly-CSharp,Game,UIMiiManagementList
data.unity3d,Assembly-CSharp,Game,UIMiiSelect
data.unity3d,Assembly-CSharp,Game,UIMiiSelectConfirm
data.unity3d,Assembly-CSharp,Game,UIMiiShareCapture
data.unity3d,Assembly-CSharp,Game,UIMiiSuitPointUpList
data.unity3d,Assembly-CSharp,Game,UIMiiSuitPointUpListItem
data.unity3d,Assembly-CSharp,Game,UIMiiSuitPointUpScreen
data.unity3d,Assembly-CSharp,Game,UIMiiSuitSelectList
data.unity3d,Assembly-CSharp,Game,UIMiiSuitShopInfo
data.unity3d,Assembly-CSharp,Game,UIMiiSuitShopNominatedProductList
data.unity3d,Assembly-CSharp,Game,UIMiiSuitShopSpecialOfferList
data.unity3d,Assembly-CSharp,Game,UIMiiSuitShopSpecialOfferListItem
data.unity3d,Assembly-CSharp,Game,UIMiiTutorial
data.unity3d,Assembly-CSharp,Game,UIMiniMessage
data.unity3d,Assembly-CSharp,Game,UIMiniMessage1
data.unity3d,Assembly-CSharp,Game,UIMissionDetailDynamicMessage
data.unity3d,Assembly-CSharp,Game,UIMissionDynamicMessageBase
data.unity3d,Assembly-CSharp,Game,UIMissionPageTitleDynamicMessage
data.unity3d,Assembly-CSharp,Game,UIMissionTitleDynamicMessage
data.unity3d,Assembly-CSharp,Game,UIMk8LinkAction
data.unity3d,Assembly-CSharp,Game,UIMk8UserOnlyObjects
data.unity3d,Assembly-CSharp,Game,UIMultiLinePrefabList
data.unity3d,Assembly-CSharp,Game,UIMultiLineStarList
data.unity3d,Assembly-CSharp,Game,UIMultiPlayLobbyInAction
data.unity3d,Assembly-CSharp,Game,UIMultiPlayQuitSessionAction
data.unity3d,Assembly-CSharp,Game,UINASettingScreen
data.unity3d,Assembly-CSharp,Game,UINetPlayBase
data.unity3d,Assembly-CSharp,Game,UINetPlayDlgRuleComponent
data.unity3d,Assembly-CSharp,Game,UINetPlayEntryList
data.unity3d,Assembly-CSharp,Game,UINetPlayEntryListItem
data.unity3d,Assembly-CSharp,Game,UINetPlayListItemBase
data.unity3d,Assembly-CSharp,Game,UINetPlayLobbyComponent
data.unity3d,Assembly-CSharp,Game,UINetPlayLobbyList1
data.unity3d,Assembly-CSharp,Game,UINetPlayLobbyListItem
data.unity3d,Assembly-CSharp,Game,UINetPlayPinSetComponent
data.unity3d,Assembly-CSharp,Game,UINetPlayResult
data.unity3d,Assembly-CSharp,Game,UINetPlayResultList
data.unity3d,Assembly-CSharp,Game,UINetPlayResultListItem
data.unity3d,Assembly-CSharp,Game,UINetPlayTopComponent
data.unity3d,Assembly-CSharp,Game,UINetPlayWaitCoinComponent
data.unity3d,Assembly-CSharp,Game,UINetPlayWaitCoinContentComponent
data.unity3d,Assembly-CSharp,Game,UINetPlayWaitComponent
data.unity3d,Assembly-CSharp,Game,UINewMark
data.unity3d,Assembly-CSharp,Game,UINewObjectBase
data.unity3d,Assembly-CSharp,Game,UINewsCategoryDynamicMessage
data.unity3d,Assembly-CSharp,Game,UINewsDescriptionDynamicMessage
data.unity3d,Assembly-CSharp,Game,UINewsInfo
data.unity3d,Assembly-CSharp,Game,UINewsList
data.unity3d,Assembly-CSharp,Game,UINewsListDummy
data.unity3d,Assembly-CSharp,Game,UINewsListItem
data.unity3d,Assembly-CSharp,Game,UINewsMiniDynamicMessage
data.unity3d,Assembly-CSharp,Game,UINextPowerUpInfoDynamicMessage
data.unity3d,Assembly-CSharp,Game,UINoBackAction
data.unity3d,Assembly-CSharp,Game,UINominatedProductBuyDynamicMessage
data.unity3d,Assembly-CSharp,Game,UINominatedProductsShopInfo
data.unity3d,Assembly-CSharp,Game,UINotActiveAction
data.unity3d,Assembly-CSharp,Game,UINotActivenInTutorialComponent
data.unity3d,Assembly-CSharp,Game,UINotActivenInViewModeGoalComponent
data.unity3d,Assembly-CSharp,Game,UINotificationHandler
data.unity3d,Assembly-CSharp,Game,UINotificationInfo
data.unity3d,Assembly-CSharp,Game,UINotificationScreen
data.unity3d,Assembly-CSharp,Game,UINotificationTypeDynamicMessage
data.unity3d,Assembly-CSharp,Game,UINotifyDialogDisplayChangeAction
data.unity3d,Assembly-CSharp,Game,UINotifyDialogHelpAction
data.unity3d,Assembly-CSharp,Game,UINotifyDialogSortAction
data.unity3d,Assembly-CSharp,Game,UINumWithMax
data.unity3d,Assembly-CSharp,Game,UINumberOfWinDynamicMessage
data.unity3d,Assembly-CSharp,Game,UIObjectPool
data.unity3d,Assembly-CSharp,Game,UIOnOffDropdownMessage
data.unity3d,Assembly-CSharp,Game,UIOpenAchievementsAction
data.unity3d,Assembly-CSharp,Game,UIOpenCoinRaceListAction
data.unity3d,Assembly-CSharp,Game,UIOpenCommonDialogAction
data.unity3d,Assembly-CSharp,Game,UIOpenDialogAction
data.unity3d,Assembly-CSharp,Game,UIOpenKartPartsListAction
data.unity3d,Assembly-CSharp,Game,UIOpenListDialogAction
data.unity3d,Assembly-CSharp,Game,UIOpenMaintenancePageAction
data.unity3d,Assembly-CSharp,Game,UIOpenMultiPlayRuleDialogAction
data.unity3d,Assembly-CSharp,Game,UIOpenNetPlayTopFromMainMenuEventAction
data.unity3d,Assembly-CSharp,Game,UIOpenNintendoAccountSettingAction
data.unity3d,Assembly-CSharp,Game,UIOpenScheduledRestartDialogAction
data.unity3d,Assembly-CSharp,Game,UIOverlapItemInfoList
data.unity3d,Assembly-CSharp,Game,UIOverlapItemsDetail
data.unity3d,Assembly-CSharp,Game,UIP2PErrorAction
data.unity3d,Assembly-CSharp,Game,UIP2PEventRaceInfo
data.unity3d,Assembly-CSharp,Game,UIP2PEventTitleDynamicMessage
data.unity3d,Assembly-CSharp,Game,UIP2PForceFinish
data.unity3d,Assembly-CSharp,Game,UIP2PQuitSessionAction
data.unity3d,Assembly-CSharp,Game,UIP2PRaceLobbyListItem
data.unity3d,Assembly-CSharp,Game,UIP2PRaceLobbyUserListItem
data.unity3d,Assembly-CSharp,Game,UIP2PRacePreloadAction
data.unity3d,Assembly-CSharp,Game,UIP2PRaceRuleSetting
data.unity3d,Assembly-CSharp,Game,UIP2PSearchPinLobbyAction
data.unity3d,Assembly-CSharp,Game,UIParadeFilterNameDynamicMessage
data.unity3d,Assembly-CSharp,Game,UIParadeSnapShutterEvent
data.unity3d,Assembly-CSharp,Game,UIParameterDescriptionDynamicMessage
data.unity3d,Assembly-CSharp,Game,UIPartsItemSkillDetailDynamicMessage
data.unity3d,Assembly-CSharp,Game,UIPartsItemSkillLevelUpDynamicMessage
data.unity3d,Assembly-CSharp,Game,UIPartsItemSkillList
data.unity3d,Assembly-CSharp,Game,UIPartsItemSkillListItem
data.unity3d,Assembly-CSharp,Game,UIPartsItemSkillNameDynamicMessage
data.unity3d,Assembly-CSharp,Game,UIPartsItemSpecialSkillList
data.unity3d,Assembly-CSharp,Game,UIPartsItemSpecialSkillListItem
data.unity3d,Assembly-CSharp,Game,UIPartsPowerUp
data.unity3d,Assembly-CSharp,Game,UIPartsPowerUpContent
data.unity3d,Assembly-CSharp,Game,UIPartsPowerUpContentDynamicMessage
data.unity3d,Assembly-CSharp,Game,UIPartsPowerUpContentTitleDynamicMessage
data.unity3d,Assembly-CSharp,Game,UIPartsPowerUpTitleDynamicMessage
data.unity3d,Assembly-CSharp,Game,UIPartsSelectTutorialAction
data.unity3d,Assembly-CSharp,Game,UIPartsSkillLevel
data.unity3d,Assembly-CSharp,Game,UIPartsSortSelectList
data.unity3d,Assembly-CSharp,Game,UIPartsSortSelectListItem
data.unity3d,Assembly-CSharp,Game,UIPartsSortTypeNameDynamicMessage
data.unity3d,Assembly-CSharp,Game,UIPeriod
data.unity3d,Assembly-CSharp,Game,UIPickUpShopInfo
data.unity3d,Assembly-CSharp,Game,UIPickUpShopNominatedProductList
data.unity3d,Assembly-CSharp,Game,UIPickUpShopSpecialOfferList
data.unity3d,Assembly-CSharp,Game,UIPickUpShopSpecialOfferListItem
data.unity3d,Assembly-CSharp,Game,UIPickupInfo
data.unity3d,Assembly-CSharp,Game,UIPickupProductBorderList
data.unity3d,Assembly-CSharp,Game,UIPickupProductList
data.unity3d,Assembly-CSharp,Game,UIPickupProductListItem
data.unity3d,Assembly-CSharp,Game,UIPickupProductListItem2
data.unity3d,Assembly-CSharp,Game,UIPlayerEntryList
data.unity3d,Assembly-CSharp,Game,UIPlayerInfo
data.unity3d,Assembly-CSharp,Game,UIPlayerListItem
data.unity3d,Assembly-CSharp,Game,UIPlayerName
data.unity3d,Assembly-CSharp,Game,UIPlayerNameList
data.unity3d,Assembly-CSharp,Game,UIPointContentCharaList
data.unity3d,Assembly-CSharp,Game,UIPointContentCharaListItem
data.unity3d,Assembly-CSharp,Game,UIPointContentList
data.unity3d,Assembly-CSharp,Game,UIPointContentListItem
data.unity3d,Assembly-CSharp,Game,UIPointWithMeter
data.unity3d,Assembly-CSharp,Game,UIPrefabList
data.unity3d,Assembly-CSharp,Game,UIPremiumPassAttention00DynamicMessage
data.unity3d,Assembly-CSharp,Game,UIPremiumPassAttention01DynamicMessage
data.unity3d,Assembly-CSharp,Game,UIPremiumPassBannerDescriptionDynamicMessage
data.unity3d,Assembly-CSharp,Game,UIPremiumPassButton
data.unity3d,Assembly-CSharp,Game,UIPremiumPassContinuedReward
data.unity3d,Assembly-CSharp,Game,UIPremiumPassDisableObject
data.unity3d,Assembly-CSharp,Game,UIPremiumPassPurchaseConfirm
data.unity3d,Assembly-CSharp,Game,UIPrepareRemoveNintendoAccountAction1
data.unity3d,Assembly-CSharp,Game,UIPrepareRemoveNintendoAccountAction2
data.unity3d,Assembly-CSharp,Game,UIPresentList
data.unity3d,Assembly-CSharp,Game,UIPresentListItem
data.unity3d,Assembly-CSharp,Game,UIPresentNewObject
data.unity3d,Assembly-CSharp,Game,UIPresentReceiveAction
data.unity3d,Assembly-CSharp,Game,UIPresentTitleDynamicMessage
data.unity3d,Assembly-CSharp,Game,UIPrivateAnnouncementNewObject
data.unity3d,Assembly-CSharp,Game,UIProductBuyErrorDynamicMessage
data.unity3d,Assembly-CSharp,Game,UIProductSceneError
data.unity3d,Assembly-CSharp,Game,UIProfileRecordHeadDynamicMessage
data.unity3d,Assembly-CSharp,Game,UIProfileRecordInvalidValueDynamicMessage
data.unity3d,Assembly-CSharp,Game,UIProfileRecordList
data.unity3d,Assembly-CSharp,Game,UIProfileRecordListItem
data.unity3d,Assembly-CSharp,Game,UIProfileScreen
data.unity3d,Assembly-CSharp,Game,UIProfileTitleDynamicMessage
data.unity3d,Assembly-CSharp,Game,UIProgressBar
data.unity3d,Assembly-CSharp,Game,UIProgressBarDynamicMessage
data.unity3d,Assembly-CSharp,Game,UIPromotionCourseNumDynamicMessage
data.unity3d,Assembly-CSharp,Game,UIPurchaseCompleteAction
data.unity3d,Assembly-CSharp,Game,UIPurchaseNominatedProductAction
data.unity3d,Assembly-CSharp,Game,UIPurchasePremiumPassRewardList
data.unity3d,Assembly-CSharp,Game,UIPurchasePremiumPassRewardListItem
data.unity3d,Assembly-CSharp,Game,UIPurchasePremiumPassRewardScrollLoopList
data.unity3d,Assembly-CSharp,Game,UIPurchaseSpecialOfferAction
data.unity3d,Assembly-CSharp,Game,UIPurchaseTreasureBoxProductAction
data.unity3d,Assembly-CSharp,Game,UIPvPForceFinishDynamicMessage
data.unity3d,Assembly-CSharp,Game,UIPvPPremiumPassExplanationDynamicMessage
data.unity3d,Assembly-CSharp,Game,UIPvPPremiumPassExplanationScreen
data.unity3d,Assembly-CSharp,Game,UIPvPRaceNumBeltDynamicMessage
data.unity3d,Assembly-CSharp,Game,UIPvPRuleBalloonNumDynamicMessage
data.unity3d,Assembly-CSharp,Game,UIPvPRuleBattleNumDynamicMessage
data.unity3d,Assembly-CSharp,Game,UIPvPRuleCOMKartActivityDynamicMessage
data.unity3d,Assembly-CSharp,Game,UIPvPRuleCheckCategoryDynamicMessage
data.unity3d,Assembly-CSharp,Game,UIPvPRuleCheckItemDynamicMessage
data.unity3d,Assembly-CSharp,Game,UIPvPRuleCheckRaceOrBattleNumDynamicMessage
data.unity3d,Assembly-CSharp,Game,UIPvPRuleCheckRaceOrBattleNumTitleDynamicMessage
data.unity3d,Assembly-CSharp,Game,UIPvPRuleCheckSpeedOrBalloonDynamicMessage
data.unity3d,Assembly-CSharp,Game,UIPvPRuleItemSlotNumDynamicMessage
data.unity3d,Assembly-CSharp,Game,UIPvPRuleJoinAcceptTypeDynamicMessage
data.unity3d,Assembly-CSharp,Game,UIPvPRuleLimitedToItemDynamicMessage
data.unity3d,Assembly-CSharp,Game,UIPvPRuleRaceNumDynamicMessage
data.unity3d,Assembly-CSharp,Game,UIPvPRuleTeamNumDynamicMessage
data.unity3d,Assembly-CSharp,Game,UIPvPTreasureInfo
data.unity3d,Assembly-CSharp,Game,UIPvPTreasureScreen
data.unity3d,Assembly-CSharp,Game,UIPvpBattleRandomMatchRuleDynamicMessage
data.unity3d,Assembly-CSharp,Game,UIPvpEntryWinCountDynamicMessage
data.unity3d,Assembly-CSharp,Game,UIPvpPinCodePlaceHolderDynamicMessage
data.unity3d,Assembly-CSharp,Game,UIPvpPinCodeShareDynamicMessage
data.unity3d,Assembly-CSharp,Game,UIPvpPinInput
data.unity3d,Assembly-CSharp,Game,UIPvpRandomMatchRuleDynamicMessage
data.unity3d,Assembly-CSharp,Game,UIPvpResultWinCountDynamicMessage
data.unity3d,Assembly-CSharp,Game,UIPvpTopWinCountDynamicMessage
data.unity3d,Assembly-CSharp,Game,UIPvpWaitPlayerEntryListDynamicMessage
data.unity3d,Assembly-CSharp,Game,UIPvpWaitPlayerEntryListTipsDynamicMessage
data.unity3d,Assembly-CSharp,Game,UIPvpWaitUIDynamicMessage
data.unity3d,Assembly-CSharp,Game,UIPvpWaitUIForLobbyMatchDynamicMessage
data.unity3d,Assembly-CSharp,Game,UIPvpWaitUITipsLobbyMatchDynamicMessage
data.unity3d,Assembly-CSharp,Game,UIPvpWaitUITipsRandomMatchDynamicMessage
data.unity3d,Assembly-CSharp,Game,UIQuickStartInfo
data.unity3d,Assembly-CSharp,Game,UIQuickStartRewardList
data.unity3d,Assembly-CSharp,Game,UIQuickStartRewardListItem
data.unity3d,Assembly-CSharp,Game,UIRaceBackAction
data.unity3d,Assembly-CSharp,Game,UIRaceCoinAndLap
data.unity3d,Assembly-CSharp,Game,UIRaceEntrySequence
data.unity3d,Assembly-CSharp,Game,UIRaceHud
data.unity3d,Assembly-CSharp,Game,UIRaceHudBase
data.unity3d,Assembly-CSharp,Game,UIRaceHudCameraButton
data.unity3d,Assembly-CSharp,Game,UIRaceHudDLRace
data.unity3d,Assembly-CSharp,Game,UIRaceHudHundleButton
data.unity3d,Assembly-CSharp,Game,UIRaceHudScores
data.unity3d,Assembly-CSharp,Game,UIRaceHundleButtonDynamicMessage
data.unity3d,Assembly-CSharp,Game,UIRaceItemSlotAnimData
data.unity3d,Assembly-CSharp,Game,UIRaceItemSlotAnimationController
data.unity3d,Assembly-CSharp,Game,UIRaceItemSlotEffectMesh
data.unity3d,Assembly-CSharp,Game,UIRaceItemSlotEffects
data.unity3d,Assembly-CSharp,Game,UIRaceItemSlotEventTrigger
data.unity3d,Assembly-CSharp,Game,UIRaceItemSlotFrame
data.unity3d,Assembly-CSharp,Game,UIRaceItemSlotItemMesh
data.unity3d,Assembly-CSharp,Game,UIRaceItemSlotMaskCircle
data.unity3d,Assembly-CSharp,Game,UIRaceItemSlotParts
data.unity3d,Assembly-CSharp,Game,UIRaceLapColorChanger
data.unity3d,Assembly-CSharp,Game,UIRaceManagerEvent
data.unity3d,Assembly-CSharp,Game,UIRaceMap
data.unity3d,Assembly-CSharp,Game,UIRaceMapIcon
data.unity3d,Assembly-CSharp,Game,UIRaceMapLoader
data.unity3d,Assembly-CSharp,Game,UIRaceOneHundredRaceDynamicMessage
data.unity3d,Assembly-CSharp,Game,UIRacePauseWindowWatcher
data.unity3d,Assembly-CSharp,Game,UIRacePlayEvent
data.unity3d,Assembly-CSharp,Game,UIRacePlayItem
data.unity3d,Assembly-CSharp,Game,UIRacePlaySteer
data.unity3d,Assembly-CSharp,Game,UIRacePrepare
data.unity3d,Assembly-CSharp,Game,UIRacePreparePowerUpContent
data.unity3d,Assembly-CSharp,Game,UIRacePreparePowerUpPoint
data.unity3d,Assembly-CSharp,Game,UIRacePreparePowerUpSkill
data.unity3d,Assembly-CSharp,Game,UIRacePvPErrorManager
data.unity3d,Assembly-CSharp,Game,UIRacePvPSequence
data.unity3d,Assembly-CSharp,Game,UIRaceRankComponent
data.unity3d,Assembly-CSharp,Game,UIRaceRankResultList
data.unity3d,Assembly-CSharp,Game,UIRaceResultSequence
data.unity3d,Assembly-CSharp,Game,UIRaceScoreList
data.unity3d,Assembly-CSharp,Game,UIRaceScoreListItem
data.unity3d,Assembly-CSharp,Game,UIRaceSpeedDynamicMessage
data.unity3d,Assembly-CSharp,Game,UIRaceStartButton
data.unity3d,Assembly-CSharp,Game,UIRaceTeamOrderList
data.unity3d,Assembly-CSharp,Game,UIRaceTeamOrderListItem
data.unity3d,Assembly-CSharp,Game,UIRaceTitleArea
data.unity3d,Assembly-CSharp,Game,UIRaceYposAdjuster
data.unity3d,Assembly-CSharp,Game,UIRankRaceEntry
data.unity3d,Assembly-CSharp,Game,UIRankRaceEntryLandscape
data.unity3d,Assembly-CSharp,Game,UIRankRaceResult
data.unity3d,Assembly-CSharp,Game,UIRankRaceResultPoint
data.unity3d,Assembly-CSharp,Game,UIRankRaceRewardSequenceAction
data.unity3d,Assembly-CSharp,Game,UIRanking
data.unity3d,Assembly-CSharp,Game,UIRankingBalloon
data.unity3d,Assembly-CSharp,Game,UIRankingCantGetDetailDynamicMessage
data.unity3d,Assembly-CSharp,Game,UIRankingCustomizeItem
data.unity3d,Assembly-CSharp,Game,UIRankingDescription
data.unity3d,Assembly-CSharp,Game,UIRankingDetailConfirm
data.unity3d,Assembly-CSharp,Game,UIRankingDetailCourse
data.unity3d,Assembly-CSharp,Game,UIRankingHeaderDynamicMessage
data.unity3d,Assembly-CSharp,Game,UIRankingInfo
data.unity3d,Assembly-CSharp,Game,UIRankingLeagueChangeDynamicMessage
data.unity3d,Assembly-CSharp,Game,UIRankingPlayerList
data.unity3d,Assembly-CSharp,Game,UIRankingPlayerListItem
data.unity3d,Assembly-CSharp,Game,UIRankingSeparatorDynamicMessage
data.unity3d,Assembly-CSharp,Game,UIRarityDynamicMessage
data.unity3d,Assembly-CSharp,Game,UIReEnterRaceEvent
data.unity3d,Assembly-CSharp,Game,UIRebootAction
data.unity3d,Assembly-CSharp,Game,UIRefreshNominatedProductListAction
data.unity3d,Assembly-CSharp,Game,UIRefreshNominatedProductsScreen
data.unity3d,Assembly-CSharp,Game,UIRefreshPickUpShopScreen
data.unity3d,Assembly-CSharp,Game,UIRegionAndLangudageTitleDymamicMessage
data.unity3d,Assembly-CSharp,Game,UIRegionDynamicMessage
data.unity3d,Assembly-CSharp,Game,UIRemoveDialogStackTopAction
data.unity3d,Assembly-CSharp,Game,UIRemoveNintendoAccountAction
data.unity3d,Assembly-CSharp,Game,UIRequestRetryAction
data.unity3d,Assembly-CSharp,Game,UIResetCurrentCustomizeNewFlagAction
data.unity3d,Assembly-CSharp,Game,UIResetFriendListNewFlagAction
data.unity3d,Assembly-CSharp,Game,UIResetLeagueShopNewFlagAction
data.unity3d,Assembly-CSharp,Game,UIResetMiiSuitShopNewFlagAction
data.unity3d,Assembly-CSharp,Game,UIResetNominatedProductListNewFlagAction
data.unity3d,Assembly-CSharp,Game,UIResetPickUpShopNewFlagAction
data.unity3d,Assembly-CSharp,Game,UIResetPresentListNewFlagAction
data.unity3d,Assembly-CSharp,Game,UIResetPrivateAnnouncementNewFlagAction
data.unity3d,Assembly-CSharp,Game,UIResetSpecialOfferNewFlagForBalloonAction
data.unity3d,Assembly-CSharp,Game,UIResetTreasureBoxAction
data.unity3d,Assembly-CSharp,Game,UIResetTreasureBoxListNewFlagAction
data.unity3d,Assembly-CSharp,Game,UIResetTreasureBoxNewFlagForBalloonAction
data.unity3d,Assembly-CSharp,Game,UIResetWeeklyEventShopNewFlagAction
data.unity3d,Assembly-CSharp,Game,UIResources
data.unity3d,Assembly-CSharp,Game,UIRestBackKeyHandler
data.unity3d,Assembly-CSharp,Game,UIRestCountCostButtonDynamicMessage
data.unity3d,Assembly-CSharp,Game,UIRestCountDynamicMessage
data.unity3d,Assembly-CSharp,Game,UIRestCountSpecialOfferDynamicMessage
data.unity3d,Assembly-CSharp,Game,UIRestTime
data.unity3d,Assembly-CSharp,Game,UIRestTimeBase
data.unity3d,Assembly-CSharp,Game,UIRestTimeSetTarget
data.unity3d,Assembly-CSharp,Game,UIResultActionDialog
data.unity3d,Assembly-CSharp,Game,UIResultActionDialogItem
data.unity3d,Assembly-CSharp,Game,UIResultBase
data.unity3d,Assembly-CSharp,Game,UIResultCoinMaxDynamicMessage
data.unity3d,Assembly-CSharp,Game,UIResultFestivalCoinBonusDynamicMessage
data.unity3d,Assembly-CSharp,Game,UIResultItem
data.unity3d,Assembly-CSharp,Game,UIResultPartsExpMaxDynamicMessage
data.unity3d,Assembly-CSharp,Game,UIResultPartsPointUpDynamicMessage
data.unity3d,Assembly-CSharp,Game,UIRetryRaceAction
data.unity3d,Assembly-CSharp,Game,UIRewardListItem
data.unity3d,Assembly-CSharp,Game,UISaveDeleteConfirm
data.unity3d,Assembly-CSharp,Game,UISaveSettingAction
data.unity3d,Assembly-CSharp,Game,UISceneJumpManager
data.unity3d,Assembly-CSharp,Game,UIScheduledRestartEvent
data.unity3d,Assembly-CSharp,Game,UIScreen
data.unity3d,Assembly-CSharp,Game,UIScreenBackAction
data.unity3d,Assembly-CSharp,Game,UIScreenCloseAction
data.unity3d,Assembly-CSharp,Game,UIScreenClosedChildEventActionTrigger
data.unity3d,Assembly-CSharp,Game,UIScreenClosedEventActionTrigger
data.unity3d,Assembly-CSharp,Game,UIScreenClosingEventActionTrigger
data.unity3d,Assembly-CSharp,Game,UIScreenDebugCloseAction
data.unity3d,Assembly-CSharp,Game,UIScreenDestroyEvent
data.unity3d,Assembly-CSharp,Game,UIScreenEvent
data.unity3d,Assembly-CSharp,Game,UIScreenJumpSetting
data.unity3d,Assembly-CSharp,Game,UIScreenLoader
data.unity3d,Assembly-CSharp,Game,UIScreenManager
data.unity3d,Assembly-CSharp,Game,UIScreenManagerBase
data.unity3d,Assembly-CSharp,Game,UIScreenOpenAction
data.unity3d,Assembly-CSharp,Game,UIScreenOpenedEventActionTrigger
data.unity3d,Assembly-CSharp,Game,UIScreenOpeningEventActionTrigger
data.unity3d,Assembly-CSharp,Game,UIScreenPathTable
data.unity3d,Assembly-CSharp,Game,UIScreenPathTableLoader
data.unity3d,Assembly-CSharp,Game,UIScreenshotShareDynamicMessage
data.unity3d,Assembly-CSharp,Game,UIScrollArrows
data.unity3d,Assembly-CSharp,Game,UIScrollKeepOnChangedResolution
data.unity3d,Assembly-CSharp,Game,UIScrollToTopComponent
data.unity3d,Assembly-CSharp,Game,UIScrollToTopReactionComponent
data.unity3d,Assembly-CSharp,Game,UIScrollViewFooter
data.unity3d,Assembly-CSharp,Game,UIScrollerPageChangeItem
data.unity3d,Assembly-CSharp,Game,UISeasonExtraXSetting
data.unity3d,Assembly-CSharp,Game,UISeasonInfo
data.unity3d,Assembly-CSharp,Game,UISeasonNameDynamicMessage
data.unity3d,Assembly-CSharp,Game,UISeasonNumberDynamicMessage
data.unity3d,Assembly-CSharp,Game,UISeasonPassPurchaseAction
data.unity3d,Assembly-CSharp,Game,UISeasonRankRewardInfo
data.unity3d,Assembly-CSharp,Game,UISeasonRewardList
data.unity3d,Assembly-CSharp,Game,UISeasonRewardListItem
data.unity3d,Assembly-CSharp,Game,UISeasonRewardRankList
data.unity3d,Assembly-CSharp,Game,UISeasonRewardRankListItem
data.unity3d,Assembly-CSharp,Game,UISeasonRewardRankPointChanger
data.unity3d,Assembly-CSharp,Game,UISelectMiiList
data.unity3d,Assembly-CSharp,Game,UISelectMiiListItem
data.unity3d,Assembly-CSharp,Game,UISelectPvPRoomTypeScreen
data.unity3d,Assembly-CSharp,Game,UISendButtonAnalyticsAction
data.unity3d,Assembly-CSharp,Game,UISendStoreReviewAnalyticsAction
data.unity3d,Assembly-CSharp,Game,UISequence
data.unity3d,Assembly-CSharp,Game,UISetActiveTutorialSequenceComponent
data.unity3d,Assembly-CSharp,Game,UISetDriftModeAction
data.unity3d,Assembly-CSharp,Game,UISetNameEntryInteractable
data.unity3d,Assembly-CSharp,Game,UISetResolutionAction
data.unity3d,Assembly-CSharp,Game,UISetScreenOrientationAction
data.unity3d,Assembly-CSharp,Game,UISetUnscaledAnimAction
data.unity3d,Assembly-CSharp,Game,UISetting
data.unity3d,Assembly-CSharp,Game,UISettingHelpScreen
data.unity3d,Assembly-CSharp,Game,UISettingSeparateDynamicMessage
data.unity3d,Assembly-CSharp,Game,UISettingToggleItem
data.unity3d,Assembly-CSharp,Game,UISettingToggleItemDynamicMessage
data.unity3d,Assembly-CSharp,Game,UISettingToggleItemSetting
data.unity3d,Assembly-CSharp,Game,UISettingToggleItemTitleOnlyDynamicMessage
data.unity3d,Assembly-CSharp,Game,UIShopItemListItem
data.unity3d,Assembly-CSharp,Game,UIShopNewObject
data.unity3d,Assembly-CSharp,Game,UIShopTopContentList
data.unity3d,Assembly-CSharp,Game,UIShopTopContentListBuretteList
data.unity3d,Assembly-CSharp,Game,UIShopTopContentListItem
data.unity3d,Assembly-CSharp,Game,UIShopTopContentTypeDynamicMessage
data.unity3d,Assembly-CSharp,Game,UIShopTopContentsInfo
data.unity3d,Assembly-CSharp,Game,UIShowMiniMessageAction
data.unity3d,Assembly-CSharp,Game,UISkillHolderDetailDynamicMessage
data.unity3d,Assembly-CSharp,Game,UISkillLevelAnimationSynchronize
data.unity3d,Assembly-CSharp,Game,UISkillLevelInfo
data.unity3d,Assembly-CSharp,Game,UISkillLevelMaxDynamicMessage
data.unity3d,Assembly-CSharp,Game,UISkillLevelUpInfo
data.unity3d,Assembly-CSharp,Game,UISkillOwnerList
data.unity3d,Assembly-CSharp,Game,UISkipAction
data.unity3d,Assembly-CSharp,Game,UISnsLinkList
data.unity3d,Assembly-CSharp,Game,UISnsLinkListItem
data.unity3d,Assembly-CSharp,Game,UISnsLinkStatusDynamicMessage
data.unity3d,Assembly-CSharp,Game,UISpecialOfferContentList
data.unity3d,Assembly-CSharp,Game,UISpecialOfferData
data.unity3d,Assembly-CSharp,Game,UISpecialOfferDescriptionDynamicMessage
data.unity3d,Assembly-CSharp,Game,UISpecialOfferInfo
data.unity3d,Assembly-CSharp,Game,UISpecialOfferTitleDynamicMessage
data.unity3d,Assembly-CSharp,Game,UISpecialSkillLevelUpInfo
data.unity3d,Assembly-CSharp,Game,UISpriteIntDictionary
data.unity3d,Assembly-CSharp,Game,UISpriteList
data.unity3d,Assembly-CSharp,Game,UISpriteListsHolder
data.unity3d,Assembly-CSharp,Game,UISpriteListsHolderLoader
data.unity3d,Assembly-CSharp,Game,UISpriteLoader
data.unity3d,Assembly-CSharp,Game,UIStaminaGauge
data.unity3d,Assembly-CSharp,Game,UIStaminaItemList
data.unity3d,Assembly-CSharp,Game,UIStaminaItemListItem
data.unity3d,Assembly-CSharp,Game,UIStaminaProductInfo
data.unity3d,Assembly-CSharp,Game,UIStaminaShopTitleDynamicMessage
data.unity3d,Assembly-CSharp,Game,UIStarInfo
data.unity3d,Assembly-CSharp,Game,UIStarList
data.unity3d,Assembly-CSharp,Game,UIStarListItem
data.unity3d,Assembly-CSharp,Game,UIStatus
data.unity3d,Assembly-CSharp,Game,UIStockWappenList
data.unity3d,Assembly-CSharp,Game,UIStockWappenListItem
data.unity3d,Assembly-CSharp,Game,UIStoreJumpAction
data.unity3d,Assembly-CSharp,Game,UISubEngine
data.unity3d,Assembly-CSharp,Game,UISubInfoButton
data.unity3d,Assembly-CSharp,Game,UISubInfoButtonDynamicMessage
data.unity3d,Assembly-CSharp,Game,UISubMenu
data.unity3d,Assembly-CSharp,Game,UISubMenuSceneJumpSetting
data.unity3d,Assembly-CSharp,Game,UISubscriptionAnalyticsLogAction
data.unity3d,Assembly-CSharp,Game,UISubscriptionWarning
data.unity3d,Assembly-CSharp,Game,UISubscriptionWarningDynamicMessage
data.unity3d,Assembly-CSharp,Game,UISuperWinAchievementInfo
data.unity3d,Assembly-CSharp,Game,UISuperWinBeltComponent
data.unity3d,Assembly-CSharp,Game,UISuperWinInfo
data.unity3d,Assembly-CSharp,Game,UISwitchNintendoAccountAction
data.unity3d,Assembly-CSharp,Game,UISwitchNintendoAccountActionForTrophyTerm1
data.unity3d,Assembly-CSharp,Game,UITakeoverSceneAction
data.unity3d,Assembly-CSharp,Game,UITeamColor
data.unity3d,Assembly-CSharp,Game,UITeamSetting
data.unity3d,Assembly-CSharp,Game,UITemporarilyDisableExceptionWindowAction
data.unity3d,Assembly-CSharp,Game,UITestScreen
data.unity3d,Assembly-CSharp,Game,UITicketButtonList
data.unity3d,Assembly-CSharp,Game,UITicketButtonListItem
data.unity3d,Assembly-CSharp,Game,UITicketContentInfoDynamicMessage
data.unity3d,Assembly-CSharp,Game,UITicketContentList
data.unity3d,Assembly-CSharp,Game,UITicketContentListItem
data.unity3d,Assembly-CSharp,Game,UITicketContentTitleDynamicMessage
data.unity3d,Assembly-CSharp,Game,UITicketNum
data.unity3d,Assembly-CSharp,Game,UITicketNumSetting
data.unity3d,Assembly-CSharp,Game,UITicketTargetTypeDynamicMessage
data.unity3d,Assembly-CSharp,Game,UITimerBase
data.unity3d,Assembly-CSharp,Game,UITips
data.unity3d,Assembly-CSharp,Game,UITipsDynamicMessage
data.unity3d,Assembly-CSharp,Game,UITitle
data.unity3d,Assembly-CSharp,Game,UIToggleGroupComponent
data.unity3d,Assembly-CSharp,Game,UIToggleItemList
data.unity3d,Assembly-CSharp,Game,UIToggleItemListItem
data.unity3d,Assembly-CSharp,Game,UITotalPointChallengeCellList
data.unity3d,Assembly-CSharp,Game,UITotalPointChallengeCellListItem
data.unity3d,Assembly-CSharp,Game,UITotalPointChallengeRewardList
data.unity3d,Assembly-CSharp,Game,UITotalPointChallengeRewardListItem
data.unity3d,Assembly-CSharp,Game,UITourEndingParade
data.unity3d,Assembly-CSharp,Game,UITourEndingParadeDynamicMessage
data.unity3d,Assembly-CSharp,Game,UITourTop
data.unity3d,Assembly-CSharp,Game,UITourTopHeaderDynamicMessage
data.unity3d,Assembly-CSharp,Game,UITourTopTitleDynamicMessage
data.unity3d,Assembly-CSharp,Game,UITransactionsLawDynamicMessage
data.unity3d,Assembly-CSharp,Game,UITreasureBox
data.unity3d,Assembly-CSharp,Game,UITreasureBoxAnalyticsLogAction
data.unity3d,Assembly-CSharp,Game,UITreasureBoxDescriptionDynamicMessage
data.unity3d,Assembly-CSharp,Game,UITreasureBoxExplanationDynamicMessage
data.unity3d,Assembly-CSharp,Game,UITreasureBoxInfo
data.unity3d,Assembly-CSharp,Game,UITreasureBoxList
data.unity3d,Assembly-CSharp,Game,UITreasureBoxListItem
data.unity3d,Assembly-CSharp,Game,UITreasureBoxNameDynamicMessage
data.unity3d,Assembly-CSharp,Game,UITreasureBoxNewObject
data.unity3d,Assembly-CSharp,Game,UITreasureBoxPickupList
data.unity3d,Assembly-CSharp,Game,UITreasureBoxPickupListItem
data.unity3d,Assembly-CSharp,Game,UITreasureBoxProductDynamicMessage
data.unity3d,Assembly-CSharp,Game,UITreasureBoxProductInfo
data.unity3d,Assembly-CSharp,Game,UITreasureBoxProductList
data.unity3d,Assembly-CSharp,Game,UITreasureBoxProductListItem
data.unity3d,Assembly-CSharp,Game,UITreasureBoxReasonDynamicMessage
data.unity3d,Assembly-CSharp,Game,UITreasureBoxScale
data.unity3d,Assembly-CSharp,Game,UITreasureBoxShopInfo
data.unity3d,Assembly-CSharp,Game,UITreasureOpen
data.unity3d,Assembly-CSharp,Game,UITrophyMaintenance
data.unity3d,Assembly-CSharp,Game,UITutorialBalloonBasePosition
data.unity3d,Assembly-CSharp,Game,UITutorialBalloonSettings
data.unity3d,Assembly-CSharp,Game,UITutorialDriverSelectAnim
data.unity3d,Assembly-CSharp,Game,UITutorialGood
data.unity3d,Assembly-CSharp,Game,UITutorialSeparateSequenceManager
data.unity3d,Assembly-CSharp,Game,UITutorialSequenceManager
data.unity3d,Assembly-CSharp,Game,UIUnlinkFacebookAction
data.unity3d,Assembly-CSharp,Game,UIUnlinkTwitterAction
data.unity3d,Assembly-CSharp,Game,UIUnlockDetailDynamicMessage
data.unity3d,Assembly-CSharp,Game,UIUpdateLapCountEvent
data.unity3d,Assembly-CSharp,Game,UIUpdateRaceRankEvent
data.unity3d,Assembly-CSharp,Game,UIUrlSet
data.unity3d,Assembly-CSharp,Game,UIUserNetPlayRank
data.unity3d,Assembly-CSharp,Game,UIUserRankChanger
data.unity3d,Assembly-CSharp,Game,UIUserRankChangerMulti
data.unity3d,Assembly-CSharp,Game,UIUserRankChangerSingle
data.unity3d,Assembly-CSharp,Game,UIUserRankData
data.unity3d,Assembly-CSharp,Game,UIUserRankIcon
data.unity3d,Assembly-CSharp,Game,UIUserRankIconSetTarget
data.unity3d,Assembly-CSharp,Game,UIUserRankInfo
data.unity3d,Assembly-CSharp,Game,UIUserRankOpenInfoDynamicMessage
data.unity3d,Assembly-CSharp,Game,UIUserRankSeasonPointList
data.unity3d,Assembly-CSharp,Game,UIUtil
data.unity3d,Assembly-CSharp,Game,UIUtilP2P
data.unity3d,Assembly-CSharp,Game,UIVariableTagManager
data.unity3d,Assembly-CSharp,Game,UIViewModeBtnBalloonDynamicMessage
data.unity3d,Assembly-CSharp,Game,UIVirtualCurrencyAgeCheckResult
data.unity3d,Assembly-CSharp,Game,UIVirtualCurrencyShopInfo
data.unity3d,Assembly-CSharp,Game,UIVirtualCurrencyShopItem
data.unity3d,Assembly-CSharp,Game,UIVirtualCurrencyShopItemList
data.unity3d,Assembly-CSharp,Game,UIVisibleSetter
data.unity3d,Assembly-CSharp,Game,UIVolumeSetTarget
data.unity3d,Assembly-CSharp,Game,UIWaitTipsDynamicMessageBase
data.unity3d,Assembly-CSharp,Game,UIWaitingCoinForEntryComponent
data.unity3d,Assembly-CSharp,Game,UIWaitingTipsUpdater
data.unity3d,Assembly-CSharp,Game,UIWappenCelebration
data.unity3d,Assembly-CSharp,Game,UIWappenEquipAction
data.unity3d,Assembly-CSharp,Game,UIWappenListItem
data.unity3d,Assembly-CSharp,Game,UIWappenListPageRewardDynamicMessage
data.unity3d,Assembly-CSharp,Game,UIWappenListPageTitleDynamicMessage
data.unity3d,Assembly-CSharp,Game,UIWappenSheetNewObject
data.unity3d,Assembly-CSharp,Game,UIWebViewOpenAction
data.unity3d,Assembly-CSharp,Game,UIWebViewOpenSakashoUrlAction
data.unity3d,Assembly-CSharp,Game,UIWebViewOpenTreasureBoxDescriptionAction
data.unity3d,Assembly-CSharp,Game,UIWebViewScreen
data.unity3d,Assembly-CSharp,Game,UIWeeklyEventInfo
data.unity3d,Assembly-CSharp,Game,UIWeeklyEventShopBorderList
data.unity3d,Assembly-CSharp,Game,UIWeeklyEventShopDescriptionDynamicMessage
data.unity3d,Assembly-CSharp,Game,UIWeeklyEventShopInfo
data.unity3d,Assembly-CSharp,Game,UIWeeklyEventShopList
data.unity3d,Assembly-CSharp,Game,UIWeeklyEventShopProductList
data.unity3d,Assembly-CSharp,Game,UIWeeklyEventTitleDynamicMessage
data.unity3d,Assembly-CSharp,Game,UIWipe
data.unity3d,Assembly-CSharp,Game,UnityApiAdapterAnimator
data.unity3d,Assembly-CSharp,Game,UnityApiAdapterCamera
data.unity3d,Assembly-CSharp,Game,UnityApiAdapterDefine
data.unity3d,Assembly-CSharp,Game,UnityApiAdapterGameObject
data.unity3d,Assembly-CSharp,Game,UnityApiAdapterGameObjectBuffer
data.unity3d,Assembly-CSharp,Game,UnityApiAdapterTransform
data.unity3d,Assembly-CSharp,Game,UniversalLinksUtil
data.unity3d,Assembly-CSharp,Game,UserProfileData
data.unity3d,Assembly-CSharp,Game,UtilExtension
data.unity3d,Assembly-CSharp,Game,UtilGalleryRenderer
data.unity3d,Assembly-CSharp,Game,UtilMesh
data.unity3d,Assembly-CSharp,Game,Version
data.unity3d,Assembly-CSharp,Game,VfrFloat
data.unity3d,Assembly-CSharp,Game,VfrFrameCounter
data.unity3d,Assembly-CSharp,Game,VfrMtxT
data.unity3d,Assembly-CSharp,Game,VfrQuat
data.unity3d,Assembly-CSharp,Game,VfrRailUpdater
data.unity3d,Assembly-CSharp,Game,VfrRigidBody
data.unity3d,Assembly-CSharp,Game,VfrSecondCounter
data.unity3d,Assembly-CSharp,Game,VfrVector3
data.unity3d,Assembly-CSharp,Game,WappenTestCase
data.unity3d,Assembly-CSharp,Game,WhiteListValueSource
data.unity3d,Assembly-CSharp,Game,WwiseApiAdapterEvent
data.unity3d,Assembly-CSharp,Game,WwiseApiAdapterEventBuffer
data.unity3d,Assembly-CSharp,Game.Analytics,AutoRace
data.unity3d,Assembly-CSharp,Game.Analytics,BattleLog
data.unity3d,Assembly-CSharp,Game.Analytics,ClearMission
data.unity3d,Assembly-CSharp,Game.Analytics,CommonLog
data.unity3d,Assembly-CSharp,Game.Analytics,CommonLogRace
data.unity3d,Assembly-CSharp,Game.Analytics,CupClearLog
data.unity3d,Assembly-CSharp,Game.Analytics,DtPartsUnit
data.unity3d,Assembly-CSharp,Game.Analytics,EndRace
data.unity3d,Assembly-CSharp,Game.Analytics,EventRaceEndRace
data.unity3d,Assembly-CSharp,Game.Analytics,FPSMeasurement
data.unity3d,Assembly-CSharp,Game.Analytics,FriendGiftLog
data.unity3d,Assembly-CSharp,Game.Analytics,FriendLog
data.unity3d,Assembly-CSharp,Game.Analytics,GetItem
data.unity3d,Assembly-CSharp,Game.Analytics,GetSeasonRankReward
data.unity3d,Assembly-CSharp,Game.Analytics,ItemAmount
data.unity3d,Assembly-CSharp,Game.Analytics,LeagueShopPurchaseLog
data.unity3d,Assembly-CSharp,Game.Analytics,MatchingBeforeRaceBaseLog
data.unity3d,Assembly-CSharp,Game.Analytics,MatchingLog
data.unity3d,Assembly-CSharp,Game.Analytics,NominatedProductPurchase
data.unity3d,Assembly-CSharp,Game.Analytics,OSAchievementLog
data.unity3d,Assembly-CSharp,Game.Analytics,P2PMatchingLog
data.unity3d,Assembly-CSharp,Game.Analytics,P2PRaceDetail
data.unity3d,Assembly-CSharp,Game.Analytics,P2PRaceEndRace
data.unity3d,Assembly-CSharp,Game.Analytics,P2PTreasureLog
data.unity3d,Assembly-CSharp,Game.Analytics,QuickStartClearLog
data.unity3d,Assembly-CSharp,Game.Analytics,RankRaceEndRace
data.unity3d,Assembly-CSharp,Game.Analytics,RankRaceItem
data.unity3d,Assembly-CSharp,Game.Analytics,SakashoAnalyticsAutoRaceManager
data.unity3d,Assembly-CSharp,Game.Analytics,SakashoAnalyticsDelayPoster
data.unity3d,Assembly-CSharp,Game.Analytics,SakashoAnalyticsFirstPlaySequence
data.unity3d,Assembly-CSharp,Game.Analytics,SakashoAnalyticsLoginBonus
data.unity3d,Assembly-CSharp,Game.Analytics,SakashoAnalyticsManager
data.unity3d,Assembly-CSharp,Game.Analytics,SakashoAnalyticsMii
data.unity3d,Assembly-CSharp,Game.Analytics,SakashoAnalyticsMultiPlay
data.unity3d,Assembly-CSharp,Game.Analytics,SakashoAnalyticsRaceTimeLogger
data.unity3d,Assembly-CSharp,Game.Analytics,SakashoAnalyticsStorageChecker
data.unity3d,Assembly-CSharp,Game.Analytics,SakashoAnalyticsTimeRecorder
data.unity3d,Assembly-CSharp,Game.Analytics,SakashoAnalyticsTourSummary
data.unity3d,Assembly-CSharp,Game.Analytics,SakashoAnalyticsUserInfo
data.unity3d,Assembly-CSharp,Game.Analytics,SakashoAnalyticsUtil
data.unity3d,Assembly-CSharp,Game.Analytics,SlotVCProductItem
data.unity3d,Assembly-CSharp,Game.Analytics,SpecialOfferPurchase
data.unity3d,Assembly-CSharp,Game.Analytics,SubscriptionLog
data.unity3d,Assembly-CSharp,Game.Analytics,SuperWinSequenceLog
data.unity3d,Assembly-CSharp,Game.Analytics,SystemInit
data.unity3d,Assembly-CSharp,Game.Analytics,TeamRaceLog
data.unity3d,Assembly-CSharp,Game.Analytics,TotalPointChallengeLog
data.unity3d,Assembly-CSharp,Game.Analytics,TutorialCourseinTime
data.unity3d,Assembly-CSharp,Game.Analytics,UIButtonLog
data.unity3d,Assembly-CSharp,Game.Analytics,UserRankLog
data.unity3d,Assembly-CSharp,Game.Analytics,UtilErrorCodeLog
data.unity3d,Assembly-CSharp,Game.Analytics,WebViewErrorLog
data.unity3d,Assembly-CSharp,Game.Analytics,WeeklyEventEndRace
data.unity3d,Assembly-CSharp,Game.Announcement,BannerSceneJumpInfo
data.unity3d,Assembly-CSharp,Game.Announcement,Define
data.unity3d,Assembly-CSharp,Game.Announcement,InquiryNewFlag
data.unity3d,Assembly-CSharp,Game.Announcement,PublicAnnouncementPager
data.unity3d,Assembly-CSharp,Game.Announcement,SerializableExtra
data.unity3d,Assembly-CSharp,Game.Audio.MapObj,E
data.unity3d,Assembly-CSharp,Game.DailyChallenge,DailyChallenge
data.unity3d,Assembly-CSharp,Game.Debug,DebugWebView
data.unity3d,Assembly-CSharp,Game.Develop,CountGameObject
data.unity3d,Assembly-CSharp,Game.Develop,CustomizerSettings
data.unity3d,Assembly-CSharp,Game.Develop,DebugCourseCapture
data.unity3d,Assembly-CSharp,Game.Develop,SceneObjectChecker
data.unity3d,Assembly-CSharp,Game.Editor,CustomInspectorAttribute
data.unity3d,Assembly-CSharp,Game.Editor,InspectorButtonAttribute
data.unity3d,Assembly-CSharp,Game.Editor,ResourceId
data.unity3d,Assembly-CSharp,Game.Editor,UIMenuItem
data.unity3d,Assembly-CSharp,Game.Festival,FestivalBonusMedalSettings
data.unity3d,Assembly-CSharp,Game.Festival,FestivalFinishResult
data.unity3d,Assembly-CSharp,Game.Festival,FestivalRewardSettings
data.unity3d,Assembly-CSharp,Game.Festival,FestivalStatistics
data.unity3d,Assembly-CSharp,Game.Festival,FestivalTeamGrouping
data.unity3d,Assembly-CSharp,Game.Festival,FestivalTeamSetting
data.unity3d,Assembly-CSharp,Game.Friend,FriendCandidatesPager
data.unity3d,Assembly-CSharp,Game.Friend,FriendData
data.unity3d,Assembly-CSharp,Game.Friend,FriendPager
data.unity3d,Assembly-CSharp,Game.Friend,NewFlag
data.unity3d,Assembly-CSharp,Game.Friend,PvpActiveList
data.unity3d,Assembly-CSharp,Game.Friend,ReceivedRequestPager
data.unity3d,Assembly-CSharp,Game.Friend,RequestData
data.unity3d,Assembly-CSharp,Game.Friend,SentRequestPager
data.unity3d,Assembly-CSharp,Game.GreetCoin,GreetCoin
data.unity3d,Assembly-CSharp,Game.GreetCoin,NewFlag
data.unity3d,Assembly-CSharp,Game.Inventory,Define
data.unity3d,Assembly-CSharp,Game.Inventory,InventoryContent
data.unity3d,Assembly-CSharp,Game.Inventory,InventoryContentItem
data.unity3d,Assembly-CSharp,Game.Inventory,InventoryContentSelectable
data.unity3d,Assembly-CSharp,Game.Inventory,InventoryContentTreasure
data.unity3d,Assembly-CSharp,Game.Inventory,InventoryContentTreasureTicket
data.unity3d,Assembly-CSharp,Game.Inventory,InventoryData
data.unity3d,Assembly-CSharp,Game.Inventory,InventoryPager
data.unity3d,Assembly-CSharp,Game.Inventory,InventoryReceiveResult
data.unity3d,Assembly-CSharp,Game.Inventory,NewFlag
data.unity3d,Assembly-CSharp,Game.LoginBonus,Bonus
data.unity3d,Assembly-CSharp,Game.LoginBonus,CountUpResult
data.unity3d,Assembly-CSharp,Game.LoginBonus,Step
data.unity3d,Assembly-CSharp,Game.LoginBonus.Internal,LoginBonusPrizeDataLocal
data.unity3d,Assembly-CSharp,Game.Master,ColorVariationEntry
data.unity3d,Assembly-CSharp,Game.Master,ConvertingDefine
data.unity3d,Assembly-CSharp,Game.Master,CourseAdvantage
data.unity3d,Assembly-CSharp,Game.Master,DescriptionAttribute
data.unity3d,Assembly-CSharp,Game.Master,FunctionEnableSetting
data.unity3d,Assembly-CSharp,Game.Master,GMToolDescriptionList
data.unity3d,Assembly-CSharp,Game.Master,Language
data.unity3d,Assembly-CSharp,Game.Master,MasterDataHolder
data.unity3d,Assembly-CSharp,Game.Master,MiiSuitBonusBasePoint
data.unity3d,Assembly-CSharp,Game.Master,PartsBaseScoreLevelTable
data.unity3d,Assembly-CSharp,Game.Master,PartsSkillLevelTable
data.unity3d,Assembly-CSharp,Game.Master,Region
data.unity3d,Assembly-CSharp,Game.Master,TourExtraCoinEvent
data.unity3d,Assembly-CSharp,Game.Master,TourExtraEventCoinEvent
data.unity3d,Assembly-CSharp,Game.MemoryProfiler,MemorySnapShot
data.unity3d,Assembly-CSharp,Game.MemoryProfiler.Assets.Editor.Treemap,ITreemapRenderable
data.unity3d,Assembly-CSharp,Game.MemoryProfiler.Assets.Editor.Treemap,Item
data.unity3d,Assembly-CSharp,Game.MemoryProfiler.MemoryProfilerWindow,ArrayTools
data.unity3d,Assembly-CSharp,Game.MemoryProfiler.MemoryProfilerWindow,BytesAndOffset
data.unity3d,Assembly-CSharp,Game.MemoryProfiler.MemoryProfilerWindow,CrawlDataUnpacker
data.unity3d,Assembly-CSharp,Game.MemoryProfiler.MemoryProfilerWindow,CrawledMemorySnapshot
data.unity3d,Assembly-CSharp,Game.MemoryProfiler.MemoryProfilerWindow,Crawler
data.unity3d,Assembly-CSharp,Game.MemoryProfiler.MemoryProfilerWindow,ManagedHeapExtensions
data.unity3d,Assembly-CSharp,Game.MemoryProfiler.MemoryProfilerWindow,PackedManagedObject
data.unity3d,Assembly-CSharp,Game.MemoryProfiler.MemoryProfilerWindow,StringTools
data.unity3d,Assembly-CSharp,Game.MemoryProfiler.MemoryProfilerWindow,TypeTools
data.unity3d,Assembly-CSharp,Game.MemoryProfiler.Treemap,Group
data.unity3d,Assembly-CSharp,Game.MemoryProfiler.Treemap,Utility
data.unity3d,Assembly-CSharp,Game.PlayerStorage,Cache
data.unity3d,Assembly-CSharp,Game.PlayerStorage,CupCourseListStorageUtil
data.unity3d,Assembly-CSharp,Game.PlayerStorage,Customize
data.unity3d,Assembly-CSharp,Game.PlayerStorage,CustomizeFactory
data.unity3d,Assembly-CSharp,Game.PlayerStorage,CustomizeList
data.unity3d,Assembly-CSharp,Game.PlayerStorage,Define
data.unity3d,Assembly-CSharp,Game.PlayerStorage,Define
data.unity3d,Assembly-CSharp,Game.PlayerStorage,DriveMetricPathData
data.unity3d,Assembly-CSharp,Game.PlayerStorage,DummyDataFactory
data.unity3d,Assembly-CSharp,Game.PlayerStorage,Header
data.unity3d,Assembly-CSharp,Game.PlayerStorage,ICustomizeKart
data.unity3d,Assembly-CSharp,Game.PlayerStorage,ILevelable
data.unity3d,Assembly-CSharp,Game.PlayerStorage,INewFlag
data.unity3d,Assembly-CSharp,Game.PlayerStorage,IRootAccessor
data.unity3d,Assembly-CSharp,Game.PlayerStorage,IStorage
data.unity3d,Assembly-CSharp,Game.PlayerStorage,KeyList
data.unity3d,Assembly-CSharp,Game.PlayerStorage,MiiData
data.unity3d,Assembly-CSharp,Game.PlayerStorage,MiiIconData
data.unity3d,Assembly-CSharp,Game.PlayerStorage,MiscFlags
data.unity3d,Assembly-CSharp,Game.PlayerStorage,MissionProgressList
data.unity3d,Assembly-CSharp,Game.PlayerStorage,PrivateAccount
data.unity3d,Assembly-CSharp,Game.PlayerStorage,PublicAccount
data.unity3d,Assembly-CSharp,Game.PlayerStorage,RaceStatistic
data.unity3d,Assembly-CSharp,Game.PlayerStorage,SakashoStorageSaver
data.unity3d,Assembly-CSharp,Game.PlayerStorage,SakashoStorageUdemaeRestorer
data.unity3d,Assembly-CSharp,Game.PlayerStorage,SeasonEndingParadeAccessor
data.unity3d,Assembly-CSharp,Game.PlayerStorage,SeasonRankInfo
data.unity3d,Assembly-CSharp,Game.PlayerStorage,SerializableMatchCharacteristic
data.unity3d,Assembly-CSharp,Game.PlayerStorage,ServerSpecified
data.unity3d,Assembly-CSharp,Game.PlayerStorage,SpecialOffer
data.unity3d,Assembly-CSharp,Game.PlayerStorage,StaminaInfo
data.unity3d,Assembly-CSharp,Game.PlayerStorage,StockBoostTicket
data.unity3d,Assembly-CSharp,Game.PlayerStorage,StockCoinRaceTicket
data.unity3d,Assembly-CSharp,Game.PlayerStorage,StockCupConstructTicket
data.unity3d,Assembly-CSharp,Game.PlayerStorage,StockDriver
data.unity3d,Assembly-CSharp,Game.PlayerStorage,StockItem
data.unity3d,Assembly-CSharp,Game.PlayerStorage,StockItemList
data.unity3d,Assembly-CSharp,Game.PlayerStorage,StockItemSlotTicket
data.unity3d,Assembly-CSharp,Game.PlayerStorage,StockKartBalloon
data.unity3d,Assembly-CSharp,Game.PlayerStorage,StockKartMachine
data.unity3d,Assembly-CSharp,Game.PlayerStorage,StockKartPartsBase
data.unity3d,Assembly-CSharp,Game.PlayerStorage,StockKartWing
data.unity3d,Assembly-CSharp,Game.PlayerStorage,StockPartsScoreUpTicket
data.unity3d,Assembly-CSharp,Game.PlayerStorage,StockPartsSkillUpTicket
data.unity3d,Assembly-CSharp,Game.PlayerStorage,StockScoreLevelUnlockTicket
data.unity3d,Assembly-CSharp,Game.PlayerStorage,StockSeasonRankPointTicket
data.unity3d,Assembly-CSharp,Game.PlayerStorage,StockWappen
data.unity3d,Assembly-CSharp,Game.PlayerStorage,StockWappenSheetPageRight
data.unity3d,Assembly-CSharp,Game.PlayerStorage,Storage
data.unity3d,Assembly-CSharp,Game.PlayerStorage,StorageAccessorBase
data.unity3d,Assembly-CSharp,Game.PlayerStorage,StorageFactory
data.unity3d,Assembly-CSharp,Game.PlayerStorage,StoragePlacesHolder
data.unity3d,Assembly-CSharp,Game.PlayerStorage,StorageSettingList
data.unity3d,Assembly-CSharp,Game.PlayerStorage,TransactionSaver
data.unity3d,Assembly-CSharp,Game.PlayerStorage,UdemaeRestoreList
data.unity3d,Assembly-CSharp,Game.PlayerStorage,UserRankAccessor
data.unity3d,Assembly-CSharp,Game.PlayerStorage,UserRankInfo
data.unity3d,Assembly-CSharp,Game.PlayerStorage.Internal,SerializableCustomize
data.unity3d,Assembly-CSharp,Game.PlayerStorage.Mii,IconCacheBase
data.unity3d,Assembly-CSharp,Game.PlayerStorage.Mii,IconCacheEntry
data.unity3d,Assembly-CSharp,Game.PlayerStorage.Mii,LocalStorageIconCache
data.unity3d,Assembly-CSharp,Game.PlayerStorage.Mii,PlayerMiiData
data.unity3d,Assembly-CSharp,Game.PlayerStorage.Mii,PlayerStorageIconCache
data.unity3d,Assembly-CSharp,Game.Product,EventShopCurrencyItem
data.unity3d,Assembly-CSharp,Game.Product,EventShopManager
data.unity3d,Assembly-CSharp,Game.Product,IBoost
data.unity3d,Assembly-CSharp,Game.Product,IPurchasable
data.unity3d,Assembly-CSharp,Game.Product,ITreasureBox
data.unity3d,Assembly-CSharp,Game.Product,LeagueShopList
data.unity3d,Assembly-CSharp,Game.Product,LeagueShopSlotNewFlag
data.unity3d,Assembly-CSharp,Game.Product,NominatedProductList
data.unity3d,Assembly-CSharp,Game.Product,NominatedProductSlotNewFlag
data.unity3d,Assembly-CSharp,Game.Product,ReceivedReason
data.unity3d,Assembly-CSharp,Game.Product,SakashoProductLeagueShopManager
data.unity3d,Assembly-CSharp,Game.Product,SakashoProductNominatedProductManager
data.unity3d,Assembly-CSharp,Game.Product,SakashoProductP2PTreasureManager
data.unity3d,Assembly-CSharp,Game.Product,SakashoProductSpecialOfferManager
data.unity3d,Assembly-CSharp,Game.Product,SakashoProductTreasureBoxManager
data.unity3d,Assembly-CSharp,Game.Product,SakashoProductVCNominatedProduct
data.unity3d,Assembly-CSharp,Game.Product,SakashoProductVCNominatedProductManager
data.unity3d,Assembly-CSharp,Game.Product,SeasonPass
data.unity3d,Assembly-CSharp,Game.Product,SpecialOffer
data.unity3d,Assembly-CSharp,Game.Product,SpecialOfferConditionChecker
data.unity3d,Assembly-CSharp,Game.Product,SpecialOfferNewFlag
data.unity3d,Assembly-CSharp,Game.Product,SpecialOfferStorageController
data.unity3d,Assembly-CSharp,Game.Product,StaminaRecovery
data.unity3d,Assembly-CSharp,Game.Product,TreasureBoxContent
data.unity3d,Assembly-CSharp,Game.Product,TreasureNewFlag
data.unity3d,Assembly-CSharp,Game.Product,TreasureProduct
data.unity3d,Assembly-CSharp,Game.Product.Internal,RarityTreasureBoxLocal
data.unity3d,Assembly-CSharp,Game.ProfanityWord,CheckNGWordResult
data.unity3d,Assembly-CSharp,Game.PvPRule,AllPvPBattleRuleSchedules
data.unity3d,Assembly-CSharp,Game.PvPRule,AllPvPRuleSchedules
data.unity3d,Assembly-CSharp,Game.PvPRule,PvPBattleRuleSchedule
data.unity3d,Assembly-CSharp,Game.PvPRule,PvPBattleRuleSetting
data.unity3d,Assembly-CSharp,Game.PvPRule,PvPRuleSchedule
data.unity3d,Assembly-CSharp,Game.PvPRule,PvPRuleSetting
data.unity3d,Assembly-CSharp,Game.Race,CommonRaceResult
data.unity3d,Assembly-CSharp,Game.Race,CourseSelector
data.unity3d,Assembly-CSharp,Game.Race,Define
data.unity3d,Assembly-CSharp,Game.Race,EndRaceArg
data.unity3d,Assembly-CSharp,Game.Race,EventCategory
data.unity3d,Assembly-CSharp,Game.Race,EventRaceManager
data.unity3d,Assembly-CSharp,Game.Race,EventRaceResult
data.unity3d,Assembly-CSharp,Game.Race,FestivalTeamStockPartsUpdater
data.unity3d,Assembly-CSharp,Game.Race,GraphicPostEffect
data.unity3d,Assembly-CSharp,Game.Race,GraphicPostEffectNewCount
data.unity3d,Assembly-CSharp,Game.Race,P2PRaceResult
data.unity3d,Assembly-CSharp,Game.Race,RaceTaskPlan
data.unity3d,Assembly-CSharp,Game.Race,RankRaceResult
data.unity3d,Assembly-CSharp,Game.Race,SakashoCupClearRewardReceiver
data.unity3d,Assembly-CSharp,Game.Race,SakashoMatchingManager
data.unity3d,Assembly-CSharp,Game.Race,Season
data.unity3d,Assembly-CSharp,Game.Race,SeasonCup
data.unity3d,Assembly-CSharp,Game.Race,SeasonCupCourse
data.unity3d,Assembly-CSharp,Game.Race,SeasonCupCourseClearCondition
data.unity3d,Assembly-CSharp,Game.Race,SeasonCupCourseScoreReward
data.unity3d,Assembly-CSharp,Game.Race,SeasonEndingTreasure
data.unity3d,Assembly-CSharp,Game.Race,SeasonRankPointRewardOneItem
data.unity3d,Assembly-CSharp,Game.Race,SeasonRankPointRewardReceiver
data.unity3d,Assembly-CSharp,Game.Race,SeasonRankPointTreasure
data.unity3d,Assembly-CSharp,Game.Race,WeeklyEvent
data.unity3d,Assembly-CSharp,Game.Ranking,CourseScore
data.unity3d,Assembly-CSharp,Game.Ranking,CourseScoreMetaData
data.unity3d,Assembly-CSharp,Game.Ranking,Player
data.unity3d,Assembly-CSharp,Game.Ranking,RankingAI
data.unity3d,Assembly-CSharp,Game.Ranking,RankingFinishResult
data.unity3d,Assembly-CSharp,Game.Ranking,RankingTerm
data.unity3d,Assembly-CSharp,Game.SeasonSummary,NewFlag
data.unity3d,Assembly-CSharp,Game.Subscription,ContinuationBonus
data.unity3d,Assembly-CSharp,Game.Subscription,SubscriptionStatus
data.unity3d,Assembly-CSharp,Game.SuperWin,SuperWinEvent
data.unity3d,Assembly-CSharp,Game.VirtualCurrency,Define
data.unity3d,Assembly-CSharp,Game.VirtualCurrency,RecoverResult
data.unity3d,Assembly-CSharp,Game.VirtualCurrency,Util
data.unity3d,Assembly-CSharp,Game.WappenSheet,ReceivedReward
data.unity3d,Assembly-CSharp,Game.WappenSheet,SheetList
data.unity3d,Assembly-CSharp,Game.WebView,TreasureBoxPageInjectionData
data.unity3d,Assembly-CSharp,Game.WebView,UnityWebViewWrapper
data.unity3d,Assembly-CSharp,Gear,Actor
data.unity3d,Assembly-CSharp,Gear,ActorDebugManager
data.unity3d,Assembly-CSharp,Gear,ActorVisitor
data.unity3d,Assembly-CSharp,Gear,AttT
data.unity3d,Assembly-CSharp,Gear,AutoProfileXmlRuntimeInfo
data.unity3d,Assembly-CSharp,Gear,ByamlHeader
data.unity3d,Assembly-CSharp,Gear,ByamlIter
data.unity3d,Assembly-CSharp,Gear,ByamlUtil
data.unity3d,Assembly-CSharp,Gear,FrameworkDefine
data.unity3d,Assembly-CSharp,Gear,GearUtilProfileCpuMeter
data.unity3d,Assembly-CSharp,Gear,GearUtilProfileObjectBase
data.unity3d,Assembly-CSharp,Gear,GearUtilProfileObjectEarliest
data.unity3d,Assembly-CSharp,Gear,GearUtilProfileObjectLatest
data.unity3d,Assembly-CSharp,Gear,IActorOnPostRender
data.unity3d,Assembly-CSharp,Gear,Math
data.unity3d,Assembly-CSharp,Gear,MinMax
data.unity3d,Assembly-CSharp,Gear,MtxT
data.unity3d,Assembly-CSharp,Gear,Profile
data.unity3d,Assembly-CSharp,Gear,ProfileTime
data.unity3d,Assembly-CSharp,Gear,Random
data.unity3d,Assembly-CSharp,Gear,RenderDefine
data.unity3d,Assembly-CSharp,Gear,Resource
data.unity3d,Assembly-CSharp,Gear,ResourceCollection
data.unity3d,Assembly-CSharp,Gear,RigidBody
data.unity3d,Assembly-CSharp,Gear,StateObserverBase
data.unity3d,Assembly-CSharp,MessagePackGame.Resolvers,GeneratedResolver
data.unity3d,Assembly-CSharp,MessagePackSakasho.Resolvers,GeneratedResolver
data.unity3d,Assembly-CSharp,MessagePackSakashoMaster.Resolvers,GeneratedResolver
data.unity3d,Assembly-CSharp,Nintendo.MessageStudio.Lib,BinFlwFile
data.unity3d,Assembly-CSharp,Nintendo.MessageStudio.Lib,BinLibmsFileBase
data.unity3d,Assembly-CSharp,Nintendo.MessageStudio.Lib,BinMsgFile
data.unity3d,Assembly-CSharp,Nintendo.MessageStudio.Lib,BinPrjFile
data.unity3d,Assembly-CSharp,Nintendo.MessageStudio.Lib,ITagInfo
data.unity3d,Assembly-CSharp,Nintendo.MessageStudio.Lib,Libms
data.unity3d,Assembly-CSharp,Nintendo.MessageStudio.Lib,TagProcessorBase
data.unity3d,Assembly-CSharp,Sead,Assert
data.unity3d,Assembly-CSharp,Sead,BitFlagUtil
data.unity3d,Assembly-CSharp,Sead,CoreInfo
data.unity3d,Assembly-CSharp,Sead,CurveDataInfo
data.unity3d,Assembly-CSharp,Sead,CurveFunc
data.unity3d,Assembly-CSharp,Sead,Disposer
data.unity3d,Assembly-CSharp,Sead,FaderTaskBase
data.unity3d,Assembly-CSharp,Sead,Framework
data.unity3d,Assembly-CSharp,Sead,FrameworkUnityUpdateThread
data.unity3d,Assembly-CSharp,Sead,Geometry
data.unity3d,Assembly-CSharp,Sead,HashCrc32
data.unity3d,Assembly-CSharp,Sead,HostIO
data.unity3d,Assembly-CSharp,Sead,HostIO
data.unity3d,Assembly-CSharp,Sead,HostIO
data.unity3d,Assembly-CSharp,Sead,HostIO
data.unity3d,Assembly-CSharp,Sead,HostIO
data.unity3d,Assembly-CSharp,Sead,IFaderable
data.unity3d,Assembly-CSharp,Sead,IMethodTreeNode
data.unity3d,Assembly-CSharp,Sead,KCol
data.unity3d,Assembly-CSharp,Sead,KCol
data.unity3d,Assembly-CSharp,Sead,KCol
data.unity3d,Assembly-CSharp,Sead,KCol
data.unity3d,Assembly-CSharp,Sead,Line3f
data.unity3d,Assembly-CSharp,Sead,ListNode
data.unity3d,Assembly-CSharp,Sead,Mathf
data.unity3d,Assembly-CSharp,Sead,MethodTreeMgr
data.unity3d,Assembly-CSharp,Sead,Namable
data.unity3d,Assembly-CSharp,Sead,Plane3f
data.unity3d,Assembly-CSharp,Sead,Print
data.unity3d,Assembly-CSharp,Sead,Quat
data.unity3d,Assembly-CSharp,Sead,QuatCalcCommon
data.unity3d,Assembly-CSharp,Sead,Random
data.unity3d,Assembly-CSharp,Sead,RawPrint
data.unity3d,Assembly-CSharp,Sead,SeadVector2CalcCommon
data.unity3d,Assembly-CSharp,Sead,SingleScreenMethodTreeMgr
data.unity3d,Assembly-CSharp,Sead,Task
data.unity3d,Assembly-CSharp,Sead,TaskBase
data.unity3d,Assembly-CSharp,Sead,TaskConstructArg
data.unity3d,Assembly-CSharp,Sead,TaskEvent
data.unity3d,Assembly-CSharp,Sead,TaskMgr
data.unity3d,Assembly-CSharp,Sead,TaskParameter
data.unity3d,Assembly-CSharp,Sead,Thread
data.unity3d,Assembly-CSharp,Sead,TickSpan
data.unity3d,Assembly-CSharp,Sead,TickTime
data.unity3d,Assembly-CSharp,Sead,TreeNode
data.unity3d,Assembly-CSharp,Sead,UnityUpdateThreadMethodTreeMgr
data.unity3d,Assembly-CSharp,Sead,UnityUpdateThreadTask
data.unity3d,Assembly-CSharp,Sead,Vector2
data.unity3d,Assembly-CSharp,Sead,Vector3
data.unity3d,Assembly-CSharp,Sead,Vector3CalcCommon
data.unity3d,Assembly-CSharp,Sead,Vector3i
data.unity3d,Assembly-CSharp,Sead,Vector4
data.unity3d,Assembly-CSharp,Sead,Warning
data.unity3d,Assembly-CSharp,Sead.RuntimeTypeInfo,ObjectExtension
data.unity3d,Assembly-CSharp,Shelp,AccessorBase
data.unity3d,Assembly-CSharp,Shelp,Accessors
data.unity3d,Assembly-CSharp,Shelp,ApiCallArg
data.unity3d,Assembly-CSharp,Shelp,ApiQueue
data.unity3d,Assembly-CSharp,Shelp,Assert
data.unity3d,Assembly-CSharp,Shelp,Config
data.unity3d,Assembly-CSharp,Shelp,Define
data.unity3d,Assembly-CSharp,Shelp,Error
data.unity3d,Assembly-CSharp,Shelp,IApiResultInvoker
data.unity3d,Assembly-CSharp,Shelp,InnerUtil
data.unity3d,Assembly-CSharp,Shelp,NoValue
data.unity3d,Assembly-CSharp,Shelp,PageInfo
data.unity3d,Assembly-CSharp,Shelp,ResultSpecificErrorCode
data.unity3d,Assembly-CSharp,Shelp,SerializingBuffer
data.unity3d,Assembly-CSharp,Shelp,SystemManager
data.unity3d,Assembly-CSharp,Shelp.Achievement,Accessor
data.unity3d,Assembly-CSharp,Shelp.Announcement,Accessor
data.unity3d,Assembly-CSharp,Shelp.Asset,Accessor
data.unity3d,Assembly-CSharp,Shelp.DebugPlayer,Accessor
data.unity3d,Assembly-CSharp,Shelp.EventRace,Accessor
data.unity3d,Assembly-CSharp,Shelp.EventRace,PlayerTermSituation
data.unity3d,Assembly-CSharp,Shelp.EventRace,Product
data.unity3d,Assembly-CSharp,Shelp.EventRace,PurchaseResult
data.unity3d,Assembly-CSharp,Shelp.EventRace,Term
data.unity3d,Assembly-CSharp,Shelp.EventRace,TermStatistic
data.unity3d,Assembly-CSharp,Shelp.Friend,FriendCandidateData
data.unity3d,Assembly-CSharp,Shelp.Friend,FriendInfo
data.unity3d,Assembly-CSharp,Shelp.Friend,RequestInfo
data.unity3d,Assembly-CSharp,Shelp.Friend,SendRequestResultHandler
data.unity3d,Assembly-CSharp,Shelp.Friend,SnsManager
data.unity3d,Assembly-CSharp,Shelp.GiftablePlayerResource,Accessor
data.unity3d,Assembly-CSharp,Shelp.GiftablePlayerResource,Gift
data.unity3d,Assembly-CSharp,Shelp.Inquery,InqueryStatus
data.unity3d,Assembly-CSharp,Shelp.IntentionalPushNotification,Accessor
data.unity3d,Assembly-CSharp,Shelp.Internal,ApiCaller
data.unity3d,Assembly-CSharp,Shelp.Inventory,Accessor
data.unity3d,Assembly-CSharp,Shelp.Inventory,IInventoryItemData
data.unity3d,Assembly-CSharp,Shelp.Inventory,InventoryPager
data.unity3d,Assembly-CSharp,Shelp.Inventory,SelectableKey
data.unity3d,Assembly-CSharp,Shelp.Inventory,ServerControlledResource
data.unity3d,Assembly-CSharp,Shelp.Izumo,Accessor
data.unity3d,Assembly-CSharp,Shelp.LoginBonus,Accessor
data.unity3d,Assembly-CSharp,Shelp.LoginBonus,LoginBonusStepData
data.unity3d,Assembly-CSharp,Shelp.Master,MasterDataInfo
data.unity3d,Assembly-CSharp,Shelp.Mii,Accessor
data.unity3d,Assembly-CSharp,Shelp.Mk8dx,Accessor
data.unity3d,Assembly-CSharp,Shelp.NintendoAccount,Accessor
data.unity3d,Assembly-CSharp,Shelp.NintendoAccount,Birthday
data.unity3d,Assembly-CSharp,Shelp.Payment,VcmPurchaseExtraBonus
data.unity3d,Assembly-CSharp,Shelp.Player,CreateSearchTokenResultHandler
data.unity3d,Assembly-CSharp,Shelp.Product,IProductData
data.unity3d,Assembly-CSharp,Shelp.Product,PurchaseProductResult
data.unity3d,Assembly-CSharp,Shelp.ProfanityWord,Accessor
data.unity3d,Assembly-CSharp,Shelp.RankRace,Accessor
data.unity3d,Assembly-CSharp,Shelp.RankRace,JoinResult
data.unity3d,Assembly-CSharp,Shelp.RankRace,ListPlayerSituationResult
data.unity3d,Assembly-CSharp,Shelp.RankRace,PlayerCourseScoreSummary
data.unity3d,Assembly-CSharp,Shelp.RarityBoxLottery,Accessor
data.unity3d,Assembly-CSharp,Shelp.RarityBoxLottery,Lottery
data.unity3d,Assembly-CSharp,Shelp.SeasonSummary,Accessor
data.unity3d,Assembly-CSharp,Shelp.SeasonSummary,Summary
data.unity3d,Assembly-CSharp,Shelp.Security,Accessor
data.unity3d,Assembly-CSharp,Shelp.ServerControlledConstant,Accessor
data.unity3d,Assembly-CSharp,Shelp.Storage,Acccessor
data.unity3d,Assembly-CSharp,Shelp.Storage,FixedArrayAttribute
data.unity3d,Assembly-CSharp,Shelp.Storage,ISaveStorageEntry
data.unity3d,Assembly-CSharp,Shelp.Storage,ISerializable
data.unity3d,Assembly-CSharp,Shelp.Storage,UserDataInfo
data.unity3d,Assembly-CSharp,Shelp.Subscription,Accessor
data.unity3d,Assembly-CSharp,Shelp.Subscription,Entitlement
data.unity3d,Assembly-CSharp,Shelp.Subscription,LimitedPurchase
data.unity3d,Assembly-CSharp,Shelp.Subscription,Product
data.unity3d,Assembly-CSharp,Shelp.Subscription,Purchase
data.unity3d,Assembly-CSharp,Shelp.Subscription,SubscriptionContinuation
data.unity3d,Assembly-CSharp,Shelp.V2Security,Accessor
data.unity3d,Assembly-CSharp,Shelp.VC,IVCBundle
data.unity3d,Assembly-CSharp,Shelp.VC,RecoverResult
data.unity3d,Assembly-CSharp,SocialPlatforms,AchievementsDefine
data.unity3d,Assembly-CSharp,SocialPlatforms,GPGSIds
data.unity3d,Assembly-CSharp,SocialPlatforms,Wrapper
data.unity3d,Assembly-CSharp,Uge,Action
data.unity3d,Assembly-CSharp,Uge,ActionList
data.unity3d,Assembly-CSharp,Uge,ActionListAction
data.unity3d,Assembly-CSharp,Uge,ActiveSetterAction
data.unity3d,Assembly-CSharp,Uge,AnimationColorValue
data.unity3d,Assembly-CSharp,Uge,AnimationControllerResetAction
data.unity3d,Assembly-CSharp,Uge,AnimationControllerTriggerAction
data.unity3d,Assembly-CSharp,Uge,AnimationFloatStartValue
data.unity3d,Assembly-CSharp,Uge,AnimationFloatUpdateValue
data.unity3d,Assembly-CSharp,Uge,AnimationFloatValue
data.unity3d,Assembly-CSharp,Uge,AnimationIntChangerBase
data.unity3d,Assembly-CSharp,Uge,AnimationLevelChangerBase
data.unity3d,Assembly-CSharp,Uge,AnimationPlayEndEventActionTrigger
data.unity3d,Assembly-CSharp,Uge,AnimationSetController
data.unity3d,Assembly-CSharp,Uge,AnimationSpriteChanger
data.unity3d,Assembly-CSharp,Uge,AnimationSpriteChangerSetTarget
data.unity3d,Assembly-CSharp,Uge,AnimationStartAndUpdateVector2Value
data.unity3d,Assembly-CSharp,Uge,AnimationStartAndUpdateVector3Value
data.unity3d,Assembly-CSharp,Uge,AnimationValueChangerBase
data.unity3d,Assembly-CSharp,Uge,AnimatorInitFrameTime
data.unity3d,Assembly-CSharp,Uge,AnimatorSet
data.unity3d,Assembly-CSharp,Uge,AnimatorTester
data.unity3d,Assembly-CSharp,Uge,ApplicationExitAction
data.unity3d,Assembly-CSharp,Uge,AreaLimit
data.unity3d,Assembly-CSharp,Uge,AssetHolder
data.unity3d,Assembly-CSharp,Uge,AssetHolderBaseData
data.unity3d,Assembly-CSharp,Uge,AssetIntDictionary
data.unity3d,Assembly-CSharp,Uge,AssetIntDictionaryBaseData
data.unity3d,Assembly-CSharp,Uge,AssetList
data.unity3d,Assembly-CSharp,Uge,AssetListBaseData
data.unity3d,Assembly-CSharp,Uge,AssetStringDictionary
data.unity3d,Assembly-CSharp,Uge,AssetStringDictionaryBaseData
data.unity3d,Assembly-CSharp,Uge,BackEventActionTrigger
data.unity3d,Assembly-CSharp,Uge,BackgroundCapture
data.unity3d,Assembly-CSharp,Uge,BaseInputEx
data.unity3d,Assembly-CSharp,Uge,BoolChangeEvent
data.unity3d,Assembly-CSharp,Uge,BoolDropdownDynamicMessageBase
data.unity3d,Assembly-CSharp,Uge,ButtonEx
data.unity3d,Assembly-CSharp,Uge,CanvasGroupAlphaSetTarget
data.unity3d,Assembly-CSharp,Uge,CaptureImage
data.unity3d,Assembly-CSharp,Uge,CaptureSet
data.unity3d,Assembly-CSharp,Uge,ChangeToFalseEvent
data.unity3d,Assembly-CSharp,Uge,ChangeToTrueEvent
data.unity3d,Assembly-CSharp,Uge,ChildCapture
data.unity3d,Assembly-CSharp,Uge,ChildComponentIterator
data.unity3d,Assembly-CSharp,Uge,ChildComponentValueSource
data.unity3d,Assembly-CSharp,Uge,CircleShape
data.unity3d,Assembly-CSharp,Uge,ClassNameAttribute
data.unity3d,Assembly-CSharp,Uge,ColorTintButtonEx
data.unity3d,Assembly-CSharp,Uge,ComponentIterator
data.unity3d,Assembly-CSharp,Uge,CoroutineObject
data.unity3d,Assembly-CSharp,Uge,DataHolderValueSource
data.unity3d,Assembly-CSharp,Uge,DebugPrintSetterAction
data.unity3d,Assembly-CSharp,Uge,DebugTouchEffect
data.unity3d,Assembly-CSharp,Uge,DigitalMeter
data.unity3d,Assembly-CSharp,Uge,DirectMessageSetterAction
data.unity3d,Assembly-CSharp,Uge,DisableButtonTappedEvent
data.unity3d,Assembly-CSharp,Uge,DisableLayoutGroup
data.unity3d,Assembly-CSharp,Uge,DoubleBufferedSimpleShapeBase
data.unity3d,Assembly-CSharp,Uge,Drag
data.unity3d,Assembly-CSharp,Uge,DropdownDynamicMessageBase
data.unity3d,Assembly-CSharp,Uge,DynamicMessageBase
data.unity3d,Assembly-CSharp,Uge,DynamicMessageSetTarget
data.unity3d,Assembly-CSharp,Uge,DynamicSingleMessageSetterBase
data.unity3d,Assembly-CSharp,Uge,Effect
data.unity3d,Assembly-CSharp,Uge,EnableButtonTappedEvent
data.unity3d,Assembly-CSharp,Uge,EnumPriorityAttribute
data.unity3d,Assembly-CSharp,Uge,Event
data.unity3d,Assembly-CSharp,Uge,EventAction
data.unity3d,Assembly-CSharp,Uge,EventActionBase
data.unity3d,Assembly-CSharp,Uge,EventSystems
data.unity3d,Assembly-CSharp,Uge,EventValueSource
data.unity3d,Assembly-CSharp,Uge,ExpandImageKeepAspect
data.unity3d,Assembly-CSharp,Uge,FloatSliderChangedEvent
data.unity3d,Assembly-CSharp,Uge,GenerateParticleSystemAction
data.unity3d,Assembly-CSharp,Uge,GenericDynamicMessage
data.unity3d,Assembly-CSharp,Uge,GraphicEnableSetTarget
data.unity3d,Assembly-CSharp,Uge,GridShape
data.unity3d,Assembly-CSharp,Uge,GyroAttitude
data.unity3d,Assembly-CSharp,Uge,GyroBackgroundMoveBase
data.unity3d,Assembly-CSharp,Uge,GyroBackgroundPositionMove
data.unity3d,Assembly-CSharp,Uge,GyroBackgroundUvMove
data.unity3d,Assembly-CSharp,Uge,GyroMove
data.unity3d,Assembly-CSharp,Uge,GyroResetAction
data.unity3d,Assembly-CSharp,Uge,HorizontalLayoutGroupEx
data.unity3d,Assembly-CSharp,Uge,HorizontalOrVerticalLayoutGroupEx
data.unity3d,Assembly-CSharp,Uge,IBackAction
data.unity3d,Assembly-CSharp,Uge,IDataHolder
data.unity3d,Assembly-CSharp,Uge,IDynamicMessage
data.unity3d,Assembly-CSharp,Uge,ILazyLoad
data.unity3d,Assembly-CSharp,Uge,ILocalizeComponent
data.unity3d,Assembly-CSharp,Uge,IOverrideMessageId
data.unity3d,Assembly-CSharp,Uge,IPause
data.unity3d,Assembly-CSharp,Uge,IPrefabInstantiater
data.unity3d,Assembly-CSharp,Uge,IPreload
data.unity3d,Assembly-CSharp,Uge,IReset
data.unity3d,Assembly-CSharp,Uge,IResourceBuildEvent
data.unity3d,Assembly-CSharp,Uge,ISceneJump
data.unity3d,Assembly-CSharp,Uge,IScrollLoopItem
data.unity3d,Assembly-CSharp,Uge,IStateMachineBehaviourReceiver
data.unity3d,Assembly-CSharp,Uge,ITestCase
data.unity3d,Assembly-CSharp,Uge,IUpdate
data.unity3d,Assembly-CSharp,Uge,ImageEx
data.unity3d,Assembly-CSharp,Uge,ImageExReduceRebuild
data.unity3d,Assembly-CSharp,Uge,ImageReverse
data.unity3d,Assembly-CSharp,Uge,ImageSetActionBase
data.unity3d,Assembly-CSharp,Uge,ImageSetTarget
data.unity3d,Assembly-CSharp,Uge,ImageSpriteResetAction
data.unity3d,Assembly-CSharp,Uge,Images
data.unity3d,Assembly-CSharp,Uge,InputAction
data.unity3d,Assembly-CSharp,Uge,InputFieldSetterAction
data.unity3d,Assembly-CSharp,Uge,InputModuleEx
data.unity3d,Assembly-CSharp,Uge,IntSliderChangedEvent
data.unity3d,Assembly-CSharp,Uge,InteractableSetterAction
data.unity3d,Assembly-CSharp,Uge,InvisibleRaycastTarget
data.unity3d,Assembly-CSharp,Uge,ItalicVertex
data.unity3d,Assembly-CSharp,Uge,ItemListBase
data.unity3d,Assembly-CSharp,Uge,ItemListElementBase
data.unity3d,Assembly-CSharp,Uge,ItemListPageScroller
data.unity3d,Assembly-CSharp,Uge,LayoutElementSizeCopy
data.unity3d,Assembly-CSharp,Uge,LayoutGroupEx
data.unity3d,Assembly-CSharp,Uge,Log
data.unity3d,Assembly-CSharp,Uge,MailAddressTextCutterFittingRect
data.unity3d,Assembly-CSharp,Uge,MaterialPair
data.unity3d,Assembly-CSharp,Uge,MemberId
data.unity3d,Assembly-CSharp,Uge,MemberIdList
data.unity3d,Assembly-CSharp,Uge,MemberValueSource
data.unity3d,Assembly-CSharp,Uge,MergeInput
data.unity3d,Assembly-CSharp,Uge,MessageId
data.unity3d,Assembly-CSharp,Uge,MessageInfoVisualizer
data.unity3d,Assembly-CSharp,Uge,MessageInfoVisualizerItem
data.unity3d,Assembly-CSharp,Uge,MessageMsTextAllLaunguageReader
data.unity3d,Assembly-CSharp,Uge,MessageMsTextReader
data.unity3d,Assembly-CSharp,Uge,MessageSetter
data.unity3d,Assembly-CSharp,Uge,MessageSetterAction
data.unity3d,Assembly-CSharp,Uge,MessageSetterOrTextNumberTextureComponent
data.unity3d,Assembly-CSharp,Uge,MessageSetterOverride
data.unity3d,Assembly-CSharp,Uge,MessageStudioData
data.unity3d,Assembly-CSharp,Uge,MessageStudioTagProcessor
data.unity3d,Assembly-CSharp,Uge,Meter
data.unity3d,Assembly-CSharp,Uge,MeterMaxVertexColors
data.unity3d,Assembly-CSharp,Uge,MeterTarget
data.unity3d,Assembly-CSharp,Uge,MonoBehaviourEvent
data.unity3d,Assembly-CSharp,Uge,MoveToTarget
data.unity3d,Assembly-CSharp,Uge,NotificationText
data.unity3d,Assembly-CSharp,Uge,NotificationTextTarget
data.unity3d,Assembly-CSharp,Uge,ObjectCounter
data.unity3d,Assembly-CSharp,Uge,OpenCloseObject
data.unity3d,Assembly-CSharp,Uge,OpenCloseObjectChildrenSync
data.unity3d,Assembly-CSharp,Uge,OpenCloseObjectCloseAction
data.unity3d,Assembly-CSharp,Uge,OpenCloseObjectClosedEvent
data.unity3d,Assembly-CSharp,Uge,OpenCloseObjectClosingEvent
data.unity3d,Assembly-CSharp,Uge,OpenCloseObjectEvent
data.unity3d,Assembly-CSharp,Uge,OpenCloseObjectOpenAction
data.unity3d,Assembly-CSharp,Uge,OpenCloseObjectOpenedEvent
data.unity3d,Assembly-CSharp,Uge,OpenCloseObjectOpeningEvent
data.unity3d,Assembly-CSharp,Uge,OutputLabelInfo
data.unity3d,Assembly-CSharp,Uge,OutputStyleInfo
data.unity3d,Assembly-CSharp,Uge,OutputStyleInfoList
data.unity3d,Assembly-CSharp,Uge,OverrideMessage
data.unity3d,Assembly-CSharp,Uge,PageScroller
data.unity3d,Assembly-CSharp,Uge,PageScrollerBase
data.unity3d,Assembly-CSharp,Uge,ParentComponentValueSource
data.unity3d,Assembly-CSharp,Uge,PartsSelector
data.unity3d,Assembly-CSharp,Uge,PauseFlag
data.unity3d,Assembly-CSharp,Uge,PlatformDynamicMessage
data.unity3d,Assembly-CSharp,Uge,QuadShape
data.unity3d,Assembly-CSharp,Uge,RectMask2DEx
data.unity3d,Assembly-CSharp,Uge,RectShape
data.unity3d,Assembly-CSharp,Uge,RepeatImage
data.unity3d,Assembly-CSharp,Uge,ResetNeverSleepAction
data.unity3d,Assembly-CSharp,Uge,ReverseCircleShape
data.unity3d,Assembly-CSharp,Uge,ReverseRectShape
data.unity3d,Assembly-CSharp,Uge,SafeAreaDrawer
data.unity3d,Assembly-CSharp,Uge,SafeAreaTouchFilter
data.unity3d,Assembly-CSharp,Uge,SceneJumpAction
data.unity3d,Assembly-CSharp,Uge,SceneJumpManager
data.unity3d,Assembly-CSharp,Uge,SceneJumpSetting
data.unity3d,Assembly-CSharp,Uge,ScriptEventActionTrigger
data.unity3d,Assembly-CSharp,Uge,ScriptInput
data.unity3d,Assembly-CSharp,Uge,ScrollBarEdgeColor
data.unity3d,Assembly-CSharp,Uge,ScrollDragWatcher
data.unity3d,Assembly-CSharp,Uge,ScrollFader
data.unity3d,Assembly-CSharp,Uge,ScrollLoopLayoutGroup
data.unity3d,Assembly-CSharp,Uge,ScrollLoopPageScroller
data.unity3d,Assembly-CSharp,Uge,ScrollRectEx
data.unity3d,Assembly-CSharp,Uge,ScrollText
data.unity3d,Assembly-CSharp,Uge,SetAnchorComponent
data.unity3d,Assembly-CSharp,Uge,SetNeverSleepAction
data.unity3d,Assembly-CSharp,Uge,SimpleDigitalMeterShape
data.unity3d,Assembly-CSharp,Uge,SimpleShape
data.unity3d,Assembly-CSharp,Uge,SimpleShapeBase
data.unity3d,Assembly-CSharp,Uge,SimpleShapeWithLifeTime
data.unity3d,Assembly-CSharp,Uge,SingedNumberSetTarget
data.unity3d,Assembly-CSharp,Uge,SingleBufferedSimpleShapeBase
data.unity3d,Assembly-CSharp,Uge,SingleDataHolder
data.unity3d,Assembly-CSharp,Uge,SingletonValueSource
data.unity3d,Assembly-CSharp,Uge,SizeToScale
data.unity3d,Assembly-CSharp,Uge,SleepDebugInfo
data.unity3d,Assembly-CSharp,Uge,SliderSetAction
data.unity3d,Assembly-CSharp,Uge,SpriteChanger
data.unity3d,Assembly-CSharp,Uge,SpriteListResourceLoadObject
data.unity3d,Assembly-CSharp,Uge,SpritePair
data.unity3d,Assembly-CSharp,Uge,SpriteResourceLoadObject
data.unity3d,Assembly-CSharp,Uge,StateMachineBehaviourEnterEvent
data.unity3d,Assembly-CSharp,Uge,StateMachineBehaviourEvent
data.unity3d,Assembly-CSharp,Uge,StateMachineBehaviourEventLog
data.unity3d,Assembly-CSharp,Uge,StateMachineBehaviourEventSender
data.unity3d,Assembly-CSharp,Uge,StateMachineBehaviourExitEvent
data.unity3d,Assembly-CSharp,Uge,StateMachineBehaviourUpdateEvent
data.unity3d,Assembly-CSharp,Uge,StaticMethodValueSource
data.unity3d,Assembly-CSharp,Uge,SurrogateFilter
data.unity3d,Assembly-CSharp,Uge,SwipeEvent
data.unity3d,Assembly-CSharp,Uge,SynchronizedAnimation
data.unity3d,Assembly-CSharp,Uge,SynchronizedAnimationImage
data.unity3d,Assembly-CSharp,Uge,SynchronizedAnimationImageManager
data.unity3d,Assembly-CSharp,Uge,SynchronizedAnimationImageManagerSettings
data.unity3d,Assembly-CSharp,Uge,SynchronizedScaleAnimation
data.unity3d,Assembly-CSharp,Uge,SynchronizedScaleAnimationManager
data.unity3d,Assembly-CSharp,Uge,SynchronizedScaleAnimationManagerSettings
data.unity3d,Assembly-CSharp,Uge,TapGameObjectAction
data.unity3d,Assembly-CSharp,Uge,TargetCaptureBase
data.unity3d,Assembly-CSharp,Uge,TextAnimation
data.unity3d,Assembly-CSharp,Uge,TextAnimationBasic
data.unity3d,Assembly-CSharp,Uge,TextAnimationController
data.unity3d,Assembly-CSharp,Uge,TextAnimationPlayEndEventTrigger
data.unity3d,Assembly-CSharp,Uge,TextCounter
data.unity3d,Assembly-CSharp,Uge,TextCutterFittingRect
data.unity3d,Assembly-CSharp,Uge,TextDecoration
data.unity3d,Assembly-CSharp,Uge,TextModifier
data.unity3d,Assembly-CSharp,Uge,TextNumberList
data.unity3d,Assembly-CSharp,Uge,TextNumberTextureComponent
data.unity3d,Assembly-CSharp,Uge,TextNumberTextureDebugComponent
data.unity3d,Assembly-CSharp,Uge,TextNumberTextureImage
data.unity3d,Assembly-CSharp,Uge,TextSetPerCharacter
data.unity3d,Assembly-CSharp,Uge,TextSetPerCharacter2
data.unity3d,Assembly-CSharp,Uge,TextSetterAction
data.unity3d,Assembly-CSharp,Uge,ToggleActive
data.unity3d,Assembly-CSharp,Uge,ToggleChangedEvent
data.unity3d,Assembly-CSharp,Uge,ToggleColors
data.unity3d,Assembly-CSharp,Uge,ToggleEx
data.unity3d,Assembly-CSharp,Uge,ToggleMessageSetterOverride
data.unity3d,Assembly-CSharp,Uge,ToggleSetterAction
data.unity3d,Assembly-CSharp,Uge,ToggleVariableSync
data.unity3d,Assembly-CSharp,Uge,TouchEffectBase
data.unity3d,Assembly-CSharp,Uge,TransformClone
data.unity3d,Assembly-CSharp,Uge,TriangleShape
data.unity3d,Assembly-CSharp,Uge,UIBoolDynamicSingleMessageSetterBase
data.unity3d,Assembly-CSharp,Uge,UIToggleActionInRace
data.unity3d,Assembly-CSharp,Uge,UiParticleSystem
data.unity3d,Assembly-CSharp,Uge,UnRegisterGraphicRegistry
data.unity3d,Assembly-CSharp,Uge,UpdateItemListAction
data.unity3d,Assembly-CSharp,Uge,UpdateRule
data.unity3d,Assembly-CSharp,Uge,UvScrollImage
data.unity3d,Assembly-CSharp,Uge,ValueChangedEventActionTrigger
data.unity3d,Assembly-CSharp,Uge,ValueNotChangeEvent
data.unity3d,Assembly-CSharp,Uge,ValueSetAction
data.unity3d,Assembly-CSharp,Uge,ValueSetActionBase
data.unity3d,Assembly-CSharp,Uge,ValueSetTarget
data.unity3d,Assembly-CSharp,Uge,ValueSource
data.unity3d,Assembly-CSharp,Uge,VertexColors
data.unity3d,Assembly-CSharp,Uge,VerticalLayoutGroupEx
data.unity3d,Assembly-CSharp,Uge,WaitAction
data.unity3d,Assembly-CSharp,Uge.Data,FloatRange
data.unity3d,Assembly-CSharp,Uge.Data,FloatValueWithMax
data.unity3d,Assembly-CSharp,Uge.Util,Animation
data.unity3d,Assembly-CSharp,Uge.Util,Array
data.unity3d,Assembly-CSharp,Uge.Util,Asset
data.unity3d,Assembly-CSharp,Uge.Util,Command
data.unity3d,Assembly-CSharp,Uge.Util,DataHolder
data.unity3d,Assembly-CSharp,Uge.Util,DateTime
data.unity3d,Assembly-CSharp,Uge.Util,EditorGuiLayout
data.unity3d,Assembly-CSharp,Uge.Util,Environment
data.unity3d,Assembly-CSharp,Uge.Util,Error
data.unity3d,Assembly-CSharp,Uge.Util,Hierarchy
data.unity3d,Assembly-CSharp,Uge.Util,Localize
data.unity3d,Assembly-CSharp,Uge.Util,Math
data.unity3d,Assembly-CSharp,Uge.Util,MessageStudioConsole
data.unity3d,Assembly-CSharp,Uge.Util,NumberMaching
data.unity3d,Assembly-CSharp,Uge.Util,Prefab
data.unity3d,Assembly-CSharp,Uge.Util,Random
data.unity3d,Assembly-CSharp,Uge.Util,Rect
data.unity3d,Assembly-CSharp,Uge.Util,Reflection
data.unity3d,Assembly-CSharp,Uge.Util,Scroll
data.unity3d,Assembly-CSharp,Uge.Util,SelectableEx
data.unity3d,Assembly-CSharp,Uge.Util,Sequence
data.unity3d,Assembly-CSharp,Uge.Util,Sleep
data.unity3d,Assembly-CSharp,Uge.Util,String
data.unity3d,Assembly-CSharp,Uge.Util,Style
data.unity3d,Assembly-CSharp,Uge.Util,Transform
data.unity3d,Assembly-CSharp,Uge.Util,Type
data.unity3d,Assembly-CSharp,Uge.Util,UnityMessageTag
data.unity3d,Assembly-CSharp,Uge.Util,UnityObject
data.unity3d,Assembly-CSharp,Uge.Util,UserInput
data.unity3d,Assembly-CSharp,Uge.Util,ValueConvert
data.unity3d,Assembly-CSharp,Uge.Util,Vertices
data.unity3d,Assembly-CSharp,Uge.Util,Warning
data.unity3d,Assembly-CSharp,UnityEngine.Rendering.PostProcessing,AmbientOcclusion
data.unity3d,Assembly-CSharp,UnityEngine.Rendering.PostProcessing,AutoExposure
data.unity3d,Assembly-CSharp,UnityEngine.Rendering.PostProcessing,Bloom
data.unity3d,Assembly-CSharp,UnityEngine.Rendering.PostProcessing,ChromaticAberration
data.unity3d,Assembly-CSharp,UnityEngine.Rendering.PostProcessing,ColorGrading
data.unity3d,Assembly-CSharp,UnityEngine.Rendering.PostProcessing,ColorUtilities
data.unity3d,Assembly-CSharp,UnityEngine.Rendering.PostProcessing,DepthOfField
data.unity3d,Assembly-CSharp,UnityEngine.Rendering.PostProcessing,DisplayNameAttribute
data.unity3d,Assembly-CSharp,UnityEngine.Rendering.PostProcessing,Dithering
data.unity3d,Assembly-CSharp,UnityEngine.Rendering.PostProcessing,FastApproximateAntialiasing
data.unity3d,Assembly-CSharp,UnityEngine.Rendering.PostProcessing,Fog
data.unity3d,Assembly-CSharp,UnityEngine.Rendering.PostProcessing,Grain
data.unity3d,Assembly-CSharp,UnityEngine.Rendering.PostProcessing,HableCurve
data.unity3d,Assembly-CSharp,UnityEngine.Rendering.PostProcessing,Halftone
data.unity3d,Assembly-CSharp,UnityEngine.Rendering.PostProcessing,HaltonSeq
data.unity3d,Assembly-CSharp,UnityEngine.Rendering.PostProcessing,HistogramMonitor
data.unity3d,Assembly-CSharp,UnityEngine.Rendering.PostProcessing,LensDistortion
data.unity3d,Assembly-CSharp,UnityEngine.Rendering.PostProcessing,LightMeterMonitor
data.unity3d,Assembly-CSharp,UnityEngine.Rendering.PostProcessing,LogHistogram
data.unity3d,Assembly-CSharp,UnityEngine.Rendering.PostProcessing,MaxAttribute
data.unity3d,Assembly-CSharp,UnityEngine.Rendering.PostProcessing,MeshUtilities
data.unity3d,Assembly-CSharp,UnityEngine.Rendering.PostProcessing,MinAttribute
data.unity3d,Assembly-CSharp,UnityEngine.Rendering.PostProcessing,MinMaxAttribute
data.unity3d,Assembly-CSharp,UnityEngine.Rendering.PostProcessing,Monitor
data.unity3d,Assembly-CSharp,UnityEngine.Rendering.PostProcessing,MotionBlur
data.unity3d,Assembly-CSharp,UnityEngine.Rendering.PostProcessing,MultiScaleVO
data.unity3d,Assembly-CSharp,UnityEngine.Rendering.PostProcessing,OilPainting
data.unity3d,Assembly-CSharp,UnityEngine.Rendering.PostProcessing,Outline
data.unity3d,Assembly-CSharp,UnityEngine.Rendering.PostProcessing,ParameterOverride
data.unity3d,Assembly-CSharp,UnityEngine.Rendering.PostProcessing,PostProcessAttribute
data.unity3d,Assembly-CSharp,UnityEngine.Rendering.PostProcessing,PostProcessBundle
data.unity3d,Assembly-CSharp,UnityEngine.Rendering.PostProcessing,PostProcessDebug
data.unity3d,Assembly-CSharp,UnityEngine.Rendering.PostProcessing,PostProcessDebugLayer
data.unity3d,Assembly-CSharp,UnityEngine.Rendering.PostProcessing,PostProcessEffectRenderer
data.unity3d,Assembly-CSharp,UnityEngine.Rendering.PostProcessing,PostProcessEffectSettings
data.unity3d,Assembly-CSharp,UnityEngine.Rendering.PostProcessing,PostProcessEventComparer
data.unity3d,Assembly-CSharp,UnityEngine.Rendering.PostProcessing,PostProcessLayer
data.unity3d,Assembly-CSharp,UnityEngine.Rendering.PostProcessing,PostProcessManager
data.unity3d,Assembly-CSharp,UnityEngine.Rendering.PostProcessing,PostProcessProfile
data.unity3d,Assembly-CSharp,UnityEngine.Rendering.PostProcessing,PostProcessRenderContext
data.unity3d,Assembly-CSharp,UnityEngine.Rendering.PostProcessing,PostProcessResources
data.unity3d,Assembly-CSharp,UnityEngine.Rendering.PostProcessing,PostProcessVolume
data.unity3d,Assembly-CSharp,UnityEngine.Rendering.PostProcessing,PropertySheet
data.unity3d,Assembly-CSharp,UnityEngine.Rendering.PostProcessing,PropertySheetFactory
data.unity3d,Assembly-CSharp,UnityEngine.Rendering.PostProcessing,RadialBlur
data.unity3d,Assembly-CSharp,UnityEngine.Rendering.PostProcessing,RuntimeUtilities
data.unity3d,Assembly-CSharp,UnityEngine.Rendering.PostProcessing,ScalableAO
data.unity3d,Assembly-CSharp,UnityEngine.Rendering.PostProcessing,ScreenSpaceReflections
data.unity3d,Assembly-CSharp,UnityEngine.Rendering.PostProcessing,ShaderIDs
data.unity3d,Assembly-CSharp,UnityEngine.Rendering.PostProcessing,Silhouette
data.unity3d,Assembly-CSharp,UnityEngine.Rendering.PostProcessing,Spline
data.unity3d,Assembly-CSharp,UnityEngine.Rendering.PostProcessing,SubpixelMorphologicalAntialiasing
data.unity3d,Assembly-CSharp,UnityEngine.Rendering.PostProcessing,TargetPool
data.unity3d,Assembly-CSharp,UnityEngine.Rendering.PostProcessing,TemporalAntialiasing
data.unity3d,Assembly-CSharp,UnityEngine.Rendering.PostProcessing,TextureFormatUtilities
data.unity3d,Assembly-CSharp,UnityEngine.Rendering.PostProcessing,TextureLerper
data.unity3d,Assembly-CSharp,UnityEngine.Rendering.PostProcessing,TilingSubtractiveColor
data.unity3d,Assembly-CSharp,UnityEngine.Rendering.PostProcessing,TilingTextureColor
data.unity3d,Assembly-CSharp,UnityEngine.Rendering.PostProcessing,TrackballAttribute
data.unity3d,Assembly-CSharp,UnityEngine.Rendering.PostProcessing,VectorscopeMonitor
data.unity3d,Assembly-CSharp,UnityEngine.Rendering.PostProcessing,Vignette
data.unity3d,Assembly-CSharp,UnityEngine.Rendering.PostProcessing,WaveformMonitor
data.unity3d,Assembly-CSharp,Util,CoroutineResetter
data.unity3d,Assembly-CSharp,Util,ErrorCodeAppDebugBase
data.unity3d,Assembly-CSharp,Util,ErrorCodeAppDebugStandard
data.unity3d,Assembly-CSharp,Util,ErrorCodeAppDebugStandardIterator
data.unity3d,Assembly-CSharp,Util,ErrorCodeAppProductBase
data.unity3d,Assembly-CSharp,Util,ErrorCodeAppProductStandard
data.unity3d,Assembly-CSharp,Util,ErrorCodeAppProductStandardIterator
data.unity3d,Assembly-CSharp,Util,ErrorCodeBase
data.unity3d,Assembly-CSharp,Util,ErrorCodeCSharpException
data.unity3d,Assembly-CSharp,Util,ErrorCodeCSharpExceptionHashGenerator
data.unity3d,Assembly-CSharp,Util,ErrorCodeCSharpExceptionIterator
data.unity3d,Assembly-CSharp,Util,ErrorCodeDefine
data.unity3d,Assembly-CSharp,Util,ErrorCodeFake
data.unity3d,Assembly-CSharp,Util,ErrorCodeIterotor
data.unity3d,Assembly-CSharp,Util,ErrorCodeNabe
data.unity3d,Assembly-CSharp,Util,ErrorCodeNabeCommonIterator
data.unity3d,Assembly-CSharp,Util,ErrorCodeNabeUniqueIterator
data.unity3d,Assembly-CSharp,Util,ErrorCodeNum
data.unity3d,Assembly-CSharp,Util,ErrorCodePia
data.unity3d,Assembly-CSharp,Util,ErrorCodePiaIterator
data.unity3d,Assembly-CSharp,Util,ErrorCodeSakashoCommonIterator
data.unity3d,Assembly-CSharp,Util,ErrorCodeSakashoCommonMapping
data.unity3d,Assembly-CSharp,Util,ErrorCodeSakashoSpecificModuleMapping
data.unity3d,Assembly-CSharp,Util,ErrorCodeShelp
data.unity3d,Assembly-CSharp,Util,ErrorCodeShelpIterator
data.unity3d,Assembly-CSharp,Util,ErrorCodeShelpMapping
data.unity3d,Assembly-CSharp,Util,ErrorCodeVideoPlayer
data.unity3d,Assembly-CSharp,Util,ErrorCodeVideoPlayerIterator
data.unity3d,Assembly-CSharp,Util,UtilErrorCodeNumberingAttribute
data.unity3d,Assembly-CSharp,Util,UtilErrorCodeUtil
data.unity3d,Assembly-CSharp,un.mii,Adjustment
data.unity3d,Assembly-CSharp,un.mii,Assert
data.unity3d,Assembly-CSharp,un.mii,CharInfo
data.unity3d,Assembly-CSharp,un.mii,CharModel
data.unity3d,Assembly-CSharp,un.mii,CharModelImpl
data.unity3d,Assembly-CSharp,un.mii,CharModelInfo
data.unity3d,Assembly-CSharp,un.mii,ColorTable
data.unity3d,Assembly-CSharp,un.mii,Colors
data.unity3d,Assembly-CSharp,un.mii,Common
data.unity3d,Assembly-CSharp,un.mii,Database
data.unity3d,Assembly-CSharp,un.mii,DefaultMii
data.unity3d,Assembly-CSharp,un.mii,DrawParam
data.unity3d,Assembly-CSharp,un.mii,Faceline
data.unity3d,Assembly-CSharp,un.mii,FacelineTextureRenderer
data.unity3d,Assembly-CSharp,un.mii,Factory
data.unity3d,Assembly-CSharp,un.mii,HeadPartsTransform
data.unity3d,Assembly-CSharp,un.mii,HeadwearTransform
data.unity3d,Assembly-CSharp,un.mii,Mask
data.unity3d,Assembly-CSharp,un.mii,Mask
data.unity3d,Assembly-CSharp,un.mii,MaskTextureRenderer
data.unity3d,Assembly-CSharp,un.mii,MeshLoader
data.unity3d,Assembly-CSharp,un.mii,MeshResource
data.unity3d,Assembly-CSharp,un.mii,MiiController
data.unity3d,Assembly-CSharp,un.mii,ParamCharInfoAccessor
data.unity3d,Assembly-CSharp,un.mii,RandomMii
data.unity3d,Assembly-CSharp,un.mii,Resource
data.unity3d,Assembly-CSharp,un.mii,StoreDataLoadException
data.unity3d,Assembly-CSharp,un.mii,TextureRenderer
data.unity3d,Assembly-CSharp,un.mii,Ver3Common
data.unity3d,Assembly-CSharp,un.mii,Ver3StoreDataRaw
data.unity3d,Assembly-CSharp-firstpass,,WebViewObject
data.unity3d,Assembly-CSharp-firstpass,MiniJSON,Json
data.unity3d,BugsnagUnity,BugsnagNetworking,BugsnagUnityWebRequest
data.unity3d,BugsnagUnity,BugsnagUnity,AutomaticDataCollector
data.unity3d,BugsnagUnity,BugsnagUnity,Breadcrumbs
data.unity3d,BugsnagUnity,BugsnagUnity,Bugsnag
data.unity3d,BugsnagUnity,BugsnagUnity,BugsnagAutoInit
data.unity3d,BugsnagUnity,BugsnagUnity,BugsnagSettingsObject
data.unity3d,BugsnagUnity,BugsnagUnity,CacheManager
data.unity3d,BugsnagUnity,BugsnagUnity,Client
data.unity3d,BugsnagUnity,BugsnagUnity,Configuration
data.unity3d,BugsnagUnity,BugsnagUnity,Delivery
data.unity3d,BugsnagUnity,BugsnagUnity,EndpointConfiguration
data.unity3d,BugsnagUnity,BugsnagUnity,IBreadcrumbs
data.unity3d,BugsnagUnity,BugsnagUnity,ICacheManager
data.unity3d,BugsnagUnity,BugsnagUnity,IClient
data.unity3d,BugsnagUnity,BugsnagUnity,IDevice
data.unity3d,BugsnagUnity,BugsnagUnity,IEvent
data.unity3d,BugsnagUnity,BugsnagUnity,IFeatureFlagStore
data.unity3d,BugsnagUnity,BugsnagUnity,IFilterable
data.unity3d,BugsnagUnity,BugsnagUnity,IMetadataEditor
data.unity3d,BugsnagUnity,BugsnagUnity,INativeClient
data.unity3d,BugsnagUnity,BugsnagUnity,ISession
data.unity3d,BugsnagUnity,BugsnagUnity,IUser
data.unity3d,BugsnagUnity,BugsnagUnity,IUserEditor
data.unity3d,BugsnagUnity,BugsnagUnity,Il2cppUtils
data.unity3d,BugsnagUnity,BugsnagUnity,LastRunInfo
data.unity3d,BugsnagUnity,BugsnagUnity,LoadedImage
data.unity3d,BugsnagUnity,BugsnagUnity,LogTypeExtensions
data.unity3d,BugsnagUnity,BugsnagUnity,LogTypeSeverityMapping
data.unity3d,BugsnagUnity,BugsnagUnity,MainThreadDispatchBehaviour
data.unity3d,BugsnagUnity,BugsnagUnity,MaximumLogTypeCounter
data.unity3d,BugsnagUnity,BugsnagUnity,NativeClient
data.unity3d,BugsnagUnity,BugsnagUnity,PayloadManager
data.unity3d,BugsnagUnity,BugsnagUnity,PerformanceHelper
data.unity3d,BugsnagUnity,BugsnagUnity,PostProcessBuild
data.unity3d,BugsnagUnity,BugsnagUnity,SessionTracker
data.unity3d,BugsnagUnity,BugsnagUnity,SimpleJson
data.unity3d,BugsnagUnity,BugsnagUnity,Time
data.unity3d,BugsnagUnity,BugsnagUnity,TimingTrackerBehaviour
data.unity3d,BugsnagUnity,BugsnagUnity,TypeNameHelper
data.unity3d,BugsnagUnity,BugsnagUnity,UniqueLogThrottle
data.unity3d,BugsnagUnity,BugsnagUnity,UnityLogMessage
data.unity3d,BugsnagUnity,BugsnagUnity.Payload,App
data.unity3d,BugsnagUnity,BugsnagUnity.Payload,AppWithState
data.unity3d,BugsnagUnity,BugsnagUnity.Payload,Breadcrumb
data.unity3d,BugsnagUnity,BugsnagUnity.Payload,Correlation
data.unity3d,BugsnagUnity,BugsnagUnity.Payload,Device
data.unity3d,BugsnagUnity,BugsnagUnity.Payload,DeviceWithState
data.unity3d,BugsnagUnity,BugsnagUnity.Payload,Error
data.unity3d,BugsnagUnity,BugsnagUnity.Payload,ErrorBuilder
data.unity3d,BugsnagUnity,BugsnagUnity.Payload,Event
data.unity3d,BugsnagUnity,BugsnagUnity.Payload,FeatureFlag
data.unity3d,BugsnagUnity,BugsnagUnity.Payload,HandledState
data.unity3d,BugsnagUnity,BugsnagUnity.Payload,IApp
data.unity3d,BugsnagUnity,BugsnagUnity.Payload,IAppWithState
data.unity3d,BugsnagUnity,BugsnagUnity.Payload,IBreadcrumb
data.unity3d,BugsnagUnity,BugsnagUnity.Payload,IDeviceWithState
data.unity3d,BugsnagUnity,BugsnagUnity.Payload,IError
data.unity3d,BugsnagUnity,BugsnagUnity.Payload,IPayload
data.unity3d,BugsnagUnity,BugsnagUnity.Payload,IStackframe
data.unity3d,BugsnagUnity,BugsnagUnity.Payload,IThread
data.unity3d,BugsnagUnity,BugsnagUnity.Payload,Metadata
data.unity3d,BugsnagUnity,BugsnagUnity.Payload,Method
data.unity3d,BugsnagUnity,BugsnagUnity.Payload,MethodParameter
data.unity3d,BugsnagUnity,BugsnagUnity.Payload,NotifierInfo
data.unity3d,BugsnagUnity,BugsnagUnity.Payload,PayloadContainer
data.unity3d,BugsnagUnity,BugsnagUnity.Payload,PayloadExtensions
data.unity3d,BugsnagUnity,BugsnagUnity.Payload,Report
data.unity3d,BugsnagUnity,BugsnagUnity.Payload,Session
data.unity3d,BugsnagUnity,BugsnagUnity.Payload,SessionReport
data.unity3d,BugsnagUnity,BugsnagUnity.Payload,StackTraceLine
data.unity3d,BugsnagUnity,BugsnagUnity.Payload,User
data.unity3d,BugsnagUnity,BugsnagUnity.Polyfills,String
data.unity3d,Firebase.Platform.dll,Firebase.Platform,FirebaseMonoBehaviour
data.unity3d,Firebase.Platform.dll,Firebase.Unity,SynchronizationContextBehavoir
data.unity3d,Google.Play.Common,Google.Play.Common,UnityPlayerHelper
data.unity3d,Google.Play.Common,Google.Play.Common,VoidResult
data.unity3d,Google.Play.Common,Google.Play.Common.Internal,AndroidConstants
data.unity3d,Google.Play.Common,Google.Play.Common.LoadingScreen,LoadingBar
data.unity3d,Google.Play.Common,Google.Play.Common.LoadingScreen,LoadingScreen
data.unity3d,Google.Play.Common,Google.Play.Common.LoadingScreen,ScrollingFillAnimator
data.unity3d,Google.Play.Core,Google.Play.Core.Internal,ActivityResult
data.unity3d,Google.Play.Core,Google.Play.Core.Internal,PlayCoreConstants
data.unity3d,Google.Play.Core,Google.Play.Core.Internal,PlayCoreEventHandler
data.unity3d,Google.Play.Core,Google.Play.Core.Internal,PlayCoreHelper
data.unity3d,Google.Play.Core,Google.Play.Core.Internal,PlayCoreOnFailureListener
data.unity3d,Google.Play.Core,Google.Play.Core.Internal,TaskOnFailureListener
data.unity3d,Google.Play.Games,GooglePlayGames,GameInfo
data.unity3d,Google.Play.Games,GooglePlayGames,NearbyConnectionClientFactory
data.unity3d,Google.Play.Games,GooglePlayGames,PlayGamesAchievement
data.unity3d,Google.Play.Games,GooglePlayGames,PlayGamesClientFactory
data.unity3d,Google.Play.Games,GooglePlayGames,PlayGamesLeaderboard
data.unity3d,Google.Play.Games,GooglePlayGames,PlayGamesLocalUser
data.unity3d,Google.Play.Games,GooglePlayGames,PlayGamesPlatform
data.unity3d,Google.Play.Games,GooglePlayGames,PlayGamesScore
data.unity3d,Google.Play.Games,GooglePlayGames,PlayGamesUserProfile
data.unity3d,Google.Play.Games,GooglePlayGames,PluginVersion
data.unity3d,Google.Play.Games,GooglePlayGames.Android,AndroidClient
data.unity3d,Google.Play.Games,GooglePlayGames.Android,AndroidEventsClient
data.unity3d,Google.Play.Games,GooglePlayGames.Android,AndroidHelperFragment
data.unity3d,Google.Play.Games,GooglePlayGames.Android,AndroidJavaConverter
data.unity3d,Google.Play.Games,GooglePlayGames.Android,AndroidNearbyConnectionClient
data.unity3d,Google.Play.Games,GooglePlayGames.Android,AndroidSavedGameClient
data.unity3d,Google.Play.Games,GooglePlayGames.Android,AndroidSnapshotMetadata
data.unity3d,Google.Play.Games,GooglePlayGames.Android,AndroidTaskUtils
data.unity3d,Google.Play.Games,GooglePlayGames.BasicApi,Achievement
data.unity3d,Google.Play.Games,GooglePlayGames.BasicApi,CommonTypesUtil
data.unity3d,Google.Play.Games,GooglePlayGames.BasicApi,DummyClient
data.unity3d,Google.Play.Games,GooglePlayGames.BasicApi,IPlayGamesClient
data.unity3d,Google.Play.Games,GooglePlayGames.BasicApi,LeaderboardScoreData
data.unity3d,Google.Play.Games,GooglePlayGames.BasicApi,Player
data.unity3d,Google.Play.Games,GooglePlayGames.BasicApi,PlayerProfile
data.unity3d,Google.Play.Games,GooglePlayGames.BasicApi,PlayerStats
data.unity3d,Google.Play.Games,GooglePlayGames.BasicApi,ScorePageToken
data.unity3d,Google.Play.Games,GooglePlayGames.BasicApi.Events,Event
data.unity3d,Google.Play.Games,GooglePlayGames.BasicApi.Events,IEvent
data.unity3d,Google.Play.Games,GooglePlayGames.BasicApi.Events,IEventsClient
data.unity3d,Google.Play.Games,GooglePlayGames.BasicApi.Nearby,AdvertisingResult
data.unity3d,Google.Play.Games,GooglePlayGames.BasicApi.Nearby,ConnectionRequest
data.unity3d,Google.Play.Games,GooglePlayGames.BasicApi.Nearby,ConnectionResponse
data.unity3d,Google.Play.Games,GooglePlayGames.BasicApi.Nearby,DummyNearbyConnectionClient
data.unity3d,Google.Play.Games,GooglePlayGames.BasicApi.Nearby,EndpointDetails
data.unity3d,Google.Play.Games,GooglePlayGames.BasicApi.Nearby,INearbyConnectionClient
data.unity3d,Google.Play.Games,GooglePlayGames.BasicApi.Nearby,NearbyConnectionConfiguration
data.unity3d,Google.Play.Games,GooglePlayGames.BasicApi.SavedGame,ISavedGameClient
data.unity3d,Google.Play.Games,GooglePlayGames.BasicApi.SavedGame,ISavedGameMetadata
data.unity3d,Google.Play.Games,GooglePlayGames.BasicApi.SavedGame,SavedGameMetadataUpdate
data.unity3d,Google.Play.Games,GooglePlayGames.OurUtils,Logger
data.unity3d,Google.Play.Games,GooglePlayGames.OurUtils,Misc
data.unity3d,Google.Play.Games,GooglePlayGames.OurUtils,NearbyHelperObject
data.unity3d,Google.Play.Games,GooglePlayGames.OurUtils,PlatformUtils
data.unity3d,Google.Play.Games,GooglePlayGames.OurUtils,PlayGamesHelperObject
data.unity3d,Google.Play.Integrity,Google.Play.Integrity,IntegrityManager
data.unity3d,Google.Play.Integrity,Google.Play.Integrity,IntegrityTokenRequest
data.unity3d,Google.Play.Integrity,Google.Play.Integrity,IntegrityTokenResponse
data.unity3d,Google.Play.Integrity,Google.Play.Integrity,PrepareIntegrityTokenRequest
data.unity3d,Google.Play.Integrity,Google.Play.Integrity,StandardIntegrityManager
data.unity3d,Google.Play.Integrity,Google.Play.Integrity,StandardIntegrityToken
data.unity3d,Google.Play.Integrity,Google.Play.Integrity,StandardIntegrityTokenProvider
data.unity3d,Google.Play.Integrity,Google.Play.Integrity,StandardIntegrityTokenRequest
data.unity3d,Google.Play.Integrity,Google.Play.Integrity.Internal,PlayCoreIntegrityManager
data.unity3d,Google.Play.Integrity,Google.Play.Integrity.Internal,PlayCoreStandardIntegrityManager
data.unity3d,Google.Play.Integrity,Google.Play.Integrity.Internal,PlayCoreStandardIntegrityTokenProvider
data.unity3d,Google.Play.Integrity,Google.Play.Integrity.Internal,PlayCoreTranslator
data.unity3d,NPFSDK.dll,NPF,NPFSDK
data.unity3d,NPFSDK.dll,NPF,NPFSDK
data.unity3d,NPFSDK.dll,NPF,NPFSDK
data.unity3d,Nabe,MessagePackNabe.Resolvers,GeneratedResolver
data.unity3d,Nabe,Nabe,Cargo
data.unity3d,Nabe,Nabe,Error
data.unity3d,Nabe,Nabe,Exception
data.unity3d,Nabe,Nabe,Holder
data.unity3d,Nabe,Nabe,ILoadCallback
data.unity3d,Nabe,Nabe,Nabe
data.unity3d,Nabe,Nabe,SipHash
data.unity3d,Nabe,Nabe,XXHash
data.unity3d,Nabe,Nabe.Editor,AddressDictionary
data.unity3d,Nabe,Nabe.Editor,Config
data.unity3d,Nabe,Nabe.Internal,Assert
data.unity3d,Nabe,Nabe.Internal,Batch
data.unity3d,Nabe,Nabe.Internal,Cargo
data.unity3d,Nabe,Nabe.Internal,Catalog
data.unity3d,Nabe,Nabe.Internal,Content
data.unity3d,Nabe,Nabe.Internal,ContentAsset
data.unity3d,Nabe,Nabe.Internal,ContentScene
data.unity3d,Nabe,Nabe.Internal,Debug
data.unity3d,Nabe,Nabe.Internal,Downloader
data.unity3d,Nabe,Nabe.Internal,File
data.unity3d,Nabe,Nabe.Internal,FileAsset
data.unity3d,Nabe,Nabe.Internal,FileBinary
data.unity3d,Nabe,Nabe.Internal,FileScene
data.unity3d,Nabe,Nabe.Internal,IHolder
data.unity3d,Nabe,Nabe.Internal,Loader
data.unity3d,Nabe,Nabe.Internal,Pack
data.unity3d,Nabe,Nabe.Internal,Proxy
data.unity3d,Nabe,Nabe.Internal,TimeoutScope
data.unity3d,Nabe,Nabe.Internal,Waiter
data.unity3d,NativeGallery.Runtime,,NativeGallery
data.unity3d,NativeGallery.Runtime,NativeGalleryNamespace,NGCallbackHelper
data.unity3d,NativeGallery.Runtime,NativeGalleryNamespace,NGMediaReceiveCallbackAndroid
data.unity3d,NativeGallery.Runtime,NativeGalleryNamespace,NGMediaReceiveCallbackiOS
data.unity3d,NativeGallery.Runtime,NativeGalleryNamespace,NGMediaSaveCallbackiOS
data.unity3d,NativeGallery.Runtime,NativeGalleryNamespace,NGPermissionCallbackAndroid
data.unity3d,Plugins,AndroidPlugin,ATrace
data.unity3d,Plugins,IosPlugin,Stdio
data.unity3d,Plugins,IosPlugin,SystemInfo
data.unity3d,Sns.Twitter,Sns.Twitter,AccessToken
data.unity3d,Sns.Twitter,Sns.Twitter,AuthHeader
data.unity3d,Sns.Twitter,Sns.Twitter,JsonBearerToken
data.unity3d,Sns.Twitter,Sns.Twitter,JsonIds
data.unity3d,Sns.Twitter,Sns.Twitter,JsonUser
data.unity3d,Sns.Twitter,Sns.Twitter,RequestToken
data.unity3d,Sns.Twitter,Sns.Twitter,TokenBase
data.unity3d,Sns.Twitter,Sns.Twitter,Twitter
data.unity3d,Sns.Twitter,Sns.Twitter,TwitterException
data.unity3d,Sns.Twitter,Sns.Twitter,UserData
data.unity3d,Unity.AI.Navigation,Unity.AI.Navigation,HelpUrls
data.unity3d,Unity.AI.Navigation,Unity.AI.Navigation,NavMeshLink
data.unity3d,Unity.AI.Navigation,Unity.AI.Navigation,NavMeshModifier
data.unity3d,Unity.AI.Navigation,Unity.AI.Navigation,NavMeshModifierVolume
data.unity3d,Unity.AI.Navigation,Unity.AI.Navigation,NavMeshSurface
data.unity3d,Unity.MemoryProfiler,Unity.MemoryProfiler,MetadataInjector
data.unity3d,Unity.Notifications.Android,Unity.Notifications.Android,AndroidNotification
data.unity3d,Unity.Notifications.Android,Unity.Notifications.Android,AndroidNotificationCenter
data.unity3d,Unity.Notifications.Android,Unity.Notifications.Android,AndroidNotificationChannel
data.unity3d,Unity.Notifications.Android,Unity.Notifications.Android,AndroidNotificationExtensions
data.unity3d,Unity.Notifications.Android,Unity.Notifications.Android,AndroidNotificationIntentData
data.unity3d,Unity.Notifications.Android,Unity.Notifications.Android,AndroidReceivedNotificationMainThreadDispatcher
data.unity3d,Unity.Notifications.Android,Unity.Notifications.Android,NotificationCallback
data.unity3d,Unity.Notifications.Android,Unity.Notifications.Android,PermissionRequest
data.unity3d,Unity.Notifications.Unified,Unity.Notifications,Notification
data.unity3d,Unity.Notifications.Unified,Unity.Notifications,NotificationCenter
data.unity3d,Unity.Notifications.Unified,Unity.Notifications,NotificationSchedule
data.unity3d,Unity.Notifications.Unified,Unity.Notifications,NotificationsPermissionRequest
data.unity3d,Unity.TextMeshPro,TMPro,CodePoint
data.unity3d,Unity.TextMeshPro,TMPro,FaceInfo_Legacy
data.unity3d,Unity.TextMeshPro,TMPro,FastAction
data.unity3d,Unity.TextMeshPro,TMPro,ITextPreprocessor
data.unity3d,Unity.TextMeshPro,TMPro,ITweenValue
data.unity3d,Unity.TextMeshPro,TMPro,MaterialReferenceManager
data.unity3d,Unity.TextMeshPro,TMPro,ShaderUtilities
data.unity3d,Unity.TextMeshPro,TMPro,TMP_Asset
data.unity3d,Unity.TextMeshPro,TMPro,TMP_Character
data.unity3d,Unity.TextMeshPro,TMPro,TMP_CharacterInfo
data.unity3d,Unity.TextMeshPro,TMPro,TMP_ColorGradient
data.unity3d,Unity.TextMeshPro,TMPro,TMP_Compatibility
data.unity3d,Unity.TextMeshPro,TMPro,TMP_DefaultControls
data.unity3d,Unity.TextMeshPro,TMPro,TMP_Dropdown
data.unity3d,Unity.TextMeshPro,TMPro,TMP_EditorResourceManager
data.unity3d,Unity.TextMeshPro,TMPro,TMP_FontAsset
data.unity3d,Unity.TextMeshPro,TMPro,TMP_FontAssetUtilities
data.unity3d,Unity.TextMeshPro,TMPro,TMP_FontFeatureTable
data.unity3d,Unity.TextMeshPro,TMPro,TMP_FontStyleStack
data.unity3d,Unity.TextMeshPro,TMPro,TMP_GlyphValueRecord
data.unity3d,Unity.TextMeshPro,TMPro,TMP_InputField
data.unity3d,Unity.TextMeshPro,TMPro,TMP_InputValidator
data.unity3d,Unity.TextMeshPro,TMPro,TMP_LineInfo
data.unity3d,Unity.TextMeshPro,TMPro,TMP_MaterialManager
data.unity3d,Unity.TextMeshPro,TMPro,TMP_MeshInfo
data.unity3d,Unity.TextMeshPro,TMPro,TMP_PackageResourceImporter
data.unity3d,Unity.TextMeshPro,TMPro,TMP_ResourceManager
data.unity3d,Unity.TextMeshPro,TMPro,TMP_ScrollbarEventHandler
data.unity3d,Unity.TextMeshPro,TMPro,TMP_SelectionCaret
data.unity3d,Unity.TextMeshPro,TMPro,TMP_Settings
data.unity3d,Unity.TextMeshPro,TMPro,TMP_Sprite
data.unity3d,Unity.TextMeshPro,TMPro,TMP_SpriteAnimator
data.unity3d,Unity.TextMeshPro,TMPro,TMP_SpriteAsset
data.unity3d,Unity.TextMeshPro,TMPro,TMP_SpriteCharacter
data.unity3d,Unity.TextMeshPro,TMPro,TMP_SpriteGlyph
data.unity3d,Unity.TextMeshPro,TMPro,TMP_Style
data.unity3d,Unity.TextMeshPro,TMPro,TMP_StyleSheet
data.unity3d,Unity.TextMeshPro,TMPro,TMP_SubMesh
data.unity3d,Unity.TextMeshPro,TMPro,TMP_SubMeshUI
data.unity3d,Unity.TextMeshPro,TMPro,TMP_Text
data.unity3d,Unity.TextMeshPro,TMPro,TMP_TextElement
data.unity3d,Unity.TextMeshPro,TMPro,TMP_TextElement_Legacy
data.unity3d,Unity.TextMeshPro,TMPro,TMP_TextInfo
data.unity3d,Unity.TextMeshPro,TMPro,TMP_TextParsingUtilities
data.unity3d,Unity.TextMeshPro,TMPro,TMP_TextUtilities
data.unity3d,Unity.TextMeshPro,TMPro,TMP_UpdateManager
data.unity3d,Unity.TextMeshPro,TMPro,TMP_UpdateRegistry
data.unity3d,Unity.TextMeshPro,TMPro,TMPro_EventManager
data.unity3d,Unity.TextMeshPro,TMPro,TMPro_ExtensionMethods
data.unity3d,Unity.TextMeshPro,TMPro,TextContainer
data.unity3d,Unity.TextMeshPro,TMPro,TextMeshPro
data.unity3d,Unity.TextMeshPro,TMPro,TextMeshProUGUI
data.unity3d,Unity.TextMeshPro,TMPro,VertexGradient
data.unity3d,Unity.TextMeshPro,TMPro.SpriteAssetUtilities,TexturePacker_JsonArray
data.unity3d,Unity.Timeline,UnityEngine.Timeline,ActivationControlPlayable
data.unity3d,Unity.Timeline,UnityEngine.Timeline,ActivationMixerPlayable
data.unity3d,Unity.Timeline,UnityEngine.Timeline,ActivationPlayableAsset
data.unity3d,Unity.Timeline,UnityEngine.Timeline,ActivationTrack
data.unity3d,Unity.Timeline,UnityEngine.Timeline,AnimationOutputWeightProcessor
data.unity3d,Unity.Timeline,UnityEngine.Timeline,AnimationPlayableAsset
data.unity3d,Unity.Timeline,UnityEngine.Timeline,AnimationPreviewUpdateCallback
data.unity3d,Unity.Timeline,UnityEngine.Timeline,AnimationPreviewUtilities
data.unity3d,Unity.Timeline,UnityEngine.Timeline,AnimationTrack
data.unity3d,Unity.Timeline,UnityEngine.Timeline,AnimatorBindingCache
data.unity3d,Unity.Timeline,UnityEngine.Timeline,AudioClipProperties
data.unity3d,Unity.Timeline,UnityEngine.Timeline,AudioMixerProperties
data.unity3d,Unity.Timeline,UnityEngine.Timeline,AudioPlayableAsset
data.unity3d,Unity.Timeline,UnityEngine.Timeline,AudioTrack
data.unity3d,Unity.Timeline,UnityEngine.Timeline,BasicPlayableBehaviour
data.unity3d,Unity.Timeline,UnityEngine.Timeline,ControlPlayableAsset
data.unity3d,Unity.Timeline,UnityEngine.Timeline,ControlTrack
data.unity3d,Unity.Timeline,UnityEngine.Timeline,CustomSignalEventDrawer
data.unity3d,Unity.Timeline,UnityEngine.Timeline,DirectorControlPlayable
data.unity3d,Unity.Timeline,UnityEngine.Timeline,DiscreteTime
data.unity3d,Unity.Timeline,UnityEngine.Timeline,Extrapolation
data.unity3d,Unity.Timeline,UnityEngine.Timeline,GroupTrack
data.unity3d,Unity.Timeline,UnityEngine.Timeline,HashUtility
data.unity3d,Unity.Timeline,UnityEngine.Timeline,ICurvesOwner
data.unity3d,Unity.Timeline,UnityEngine.Timeline,IInterval
data.unity3d,Unity.Timeline,UnityEngine.Timeline,ILayerable
data.unity3d,Unity.Timeline,UnityEngine.Timeline,IMarker
data.unity3d,Unity.Timeline,UnityEngine.Timeline,INotificationOptionProvider
data.unity3d,Unity.Timeline,UnityEngine.Timeline,IPropertyCollector
data.unity3d,Unity.Timeline,UnityEngine.Timeline,IPropertyPreview
data.unity3d,Unity.Timeline,UnityEngine.Timeline,ITimeControl
data.unity3d,Unity.Timeline,UnityEngine.Timeline,InfiniteRuntimeClip
data.unity3d,Unity.Timeline,UnityEngine.Timeline,Marker
data.unity3d,Unity.Timeline,UnityEngine.Timeline,MarkerList
data.unity3d,Unity.Timeline,UnityEngine.Timeline,MarkerTrack
data.unity3d,Unity.Timeline,UnityEngine.Timeline,NotificationUtilities
data.unity3d,Unity.Timeline,UnityEngine.Timeline,ParticleControlPlayable
data.unity3d,Unity.Timeline,UnityEngine.Timeline,PlayableTrack
data.unity3d,Unity.Timeline,UnityEngine.Timeline,PrefabControlPlayable
data.unity3d,Unity.Timeline,UnityEngine.Timeline,RuntimeClip
data.unity3d,Unity.Timeline,UnityEngine.Timeline,RuntimeClipBase
data.unity3d,Unity.Timeline,UnityEngine.Timeline,RuntimeElement
data.unity3d,Unity.Timeline,UnityEngine.Timeline,ScheduleRuntimeClip
data.unity3d,Unity.Timeline,UnityEngine.Timeline,SignalAsset
data.unity3d,Unity.Timeline,UnityEngine.Timeline,SignalEmitter
data.unity3d,Unity.Timeline,UnityEngine.Timeline,SignalReceiver
data.unity3d,Unity.Timeline,UnityEngine.Timeline,SignalTrack
data.unity3d,Unity.Timeline,UnityEngine.Timeline,TimeControlPlayable
data.unity3d,Unity.Timeline,UnityEngine.Timeline,TimeNotificationBehaviour
data.unity3d,Unity.Timeline,UnityEngine.Timeline,TimeUtility
data.unity3d,Unity.Timeline,UnityEngine.Timeline,TimelineAsset
data.unity3d,Unity.Timeline,UnityEngine.Timeline,TimelineClip
data.unity3d,Unity.Timeline,UnityEngine.Timeline,TimelineClip
data.unity3d,Unity.Timeline,UnityEngine.Timeline,TimelineClipCapsExtensions
data.unity3d,Unity.Timeline,UnityEngine.Timeline,TimelineClipExtensions
data.unity3d,Unity.Timeline,UnityEngine.Timeline,TimelineCreateUtilities
data.unity3d,Unity.Timeline,UnityEngine.Timeline,TimelineHelpURLAttribute
data.unity3d,Unity.Timeline,UnityEngine.Timeline,TimelinePlayable
data.unity3d,Unity.Timeline,UnityEngine.Timeline,TimelineUndo
data.unity3d,Unity.Timeline,UnityEngine.Timeline,TrackAsset
data.unity3d,Unity.Timeline,UnityEngine.Timeline,TrackAssetExtensions
data.unity3d,Unity.Timeline,UnityEngine.Timeline,TrackClipTypeAttribute
data.unity3d,Unity.Timeline,UnityEngine.Timeline,TrackColorAttribute
data.unity3d,Unity.Timeline,UnityEngine.Timeline,WeightUtility
unity default resources,UnityEngine,UnityEngine,GUISkin
unity default resources,UnityEngine,UnityEngine.TextCore.Text,FontAsset
unity default resources,UnityEngine,UnityEngine.TextCore.Text,SpriteAsset
unity default resources,UnityEngine,UnityEngine.TextCore.Text,TextColorGradient
unity default resources,UnityEngine,UnityEngine.TextCore.Text,TextSettings
unity default resources,UnityEngine,UnityEngine.TextCore.Text,TextStyleSheet
unity default resources,UnityEngine,UnityEngine.Tilemaps,Tile
unity default resources,UnityEngine,UnityEngine.Tilemaps,TileBase
unity default resources,UnityEngine,UnityEngine.UIElements,PanelSettings
unity default resources,UnityEngine,UnityEngine.UIElements,PanelTextSettings
unity default resources,UnityEngine,UnityEngine.UIElements,StyleSheet
unity default resources,UnityEngine,UnityEngine.UIElements,TemplateAsset
unity default resources,UnityEngine,UnityEngine.UIElements,ThemeStyleSheet
unity default resources,UnityEngine,UnityEngine.UIElements,UIDocument
unity default resources,UnityEngine,UnityEngine.UIElements,VectorImage
unity default resources,UnityEngine,UnityEngine.UIElements,VisualTreeAsset
data.unity3d,UnityEngine.TestRunner,UnityEngine.TestRunner,ITestRunCallback
data.unity3d,UnityEngine.TestRunner,UnityEngine.TestRunner,TestRunCallbackAttribute
data.unity3d,UnityEngine.TestRunner,UnityEngine.TestRunner.NUnitExtensions,ITestSuiteModifier
data.unity3d,UnityEngine.TestRunner,UnityEngine.TestRunner.NUnitExtensions,OrderedTestSuiteModifier
data.unity3d,UnityEngine.TestRunner,UnityEngine.TestRunner.NUnitExtensions,TestExtensions
data.unity3d,UnityEngine.TestRunner,UnityEngine.TestRunner.NUnitExtensions,TestResultExtensions
data.unity3d,UnityEngine.TestRunner,UnityEngine.TestRunner.NUnitExtensions.Filters,AssemblyNameFilter
data.unity3d,UnityEngine.TestRunner,UnityEngine.TestRunner.NUnitExtensions.Filters,CategoryFilterExtended
data.unity3d,UnityEngine.TestRunner,UnityEngine.TestRunner.NUnitExtensions.Filters,FullNameFilter
data.unity3d,UnityEngine.TestRunner,UnityEngine.TestRunner.NUnitExtensions.Runner,CompositeWorkItem
data.unity3d,UnityEngine.TestRunner,UnityEngine.TestRunner.NUnitExtensions.Runner,CoroutineTestWorkItem
data.unity3d,UnityEngine.TestRunner,UnityEngine.TestRunner.NUnitExtensions.Runner,DefaultTestWorkItem
data.unity3d,UnityEngine.TestRunner,UnityEngine.TestRunner.NUnitExtensions.Runner,FailCommand
data.unity3d,UnityEngine.TestRunner,UnityEngine.TestRunner.NUnitExtensions.Runner,IEnumerableTestMethodCommand
data.unity3d,UnityEngine.TestRunner,UnityEngine.TestRunner.NUnitExtensions.Runner,PlaymodeWorkItemFactory
data.unity3d,UnityEngine.TestRunner,UnityEngine.TestRunner.NUnitExtensions.Runner,RestoreTestContextAfterDomainReload
data.unity3d,UnityEngine.TestRunner,UnityEngine.TestRunner.NUnitExtensions.Runner,TestCommandBuilder
data.unity3d,UnityEngine.TestRunner,UnityEngine.TestRunner.NUnitExtensions.Runner,UnityLogCheckDelegatingCommand
data.unity3d,UnityEngine.TestRunner,UnityEngine.TestRunner.NUnitExtensions.Runner,UnityTestAssemblyRunner
data.unity3d,UnityEngine.TestRunner,UnityEngine.TestRunner.NUnitExtensions.Runner,UnityTestExecutionContext
data.unity3d,UnityEngine.TestRunner,UnityEngine.TestRunner.NUnitExtensions.Runner,UnityWorkItem
data.unity3d,UnityEngine.TestRunner,UnityEngine.TestRunner.NUnitExtensions.Runner,UnityWorkItemDataHolder
data.unity3d,UnityEngine.TestRunner,UnityEngine.TestRunner.NUnitExtensions.Runner,WorkItemFactory
data.unity3d,UnityEngine.TestRunner,UnityEngine.TestRunner.TestLaunchers,IRemoteTestResultDataFactory
data.unity3d,UnityEngine.TestRunner,UnityEngine.TestRunner.TestLaunchers,PlayerConnectionMessageIds
data.unity3d,UnityEngine.TestRunner,UnityEngine.TestRunner.TestLaunchers,RemoteTestData
data.unity3d,UnityEngine.TestRunner,UnityEngine.TestRunner.TestLaunchers,RemoteTestResultData
data.unity3d,UnityEngine.TestRunner,UnityEngine.TestRunner.TestLaunchers,RemoteTestResultDataFactory
data.unity3d,UnityEngine.TestRunner,UnityEngine.TestRunner.TestLaunchers,RemoteTestResultDataWithTestData
data.unity3d,UnityEngine.TestRunner,UnityEngine.TestRunner.Utils,TestRunCallbackListener
data.unity3d,UnityEngine.TestRunner,UnityEngine.TestTools,AttributeHelper
data.unity3d,UnityEngine.TestRunner,UnityEngine.TestTools,BeforeAfterTestCommandState
data.unity3d,UnityEngine.TestRunner,UnityEngine.TestTools,ConditionalIgnoreAttribute
data.unity3d,UnityEngine.TestRunner,UnityEngine.TestTools,EnumerableApplyChangesToContextCommand
data.unity3d,UnityEngine.TestRunner,UnityEngine.TestTools,EnumerableRepeatedTestCommand
data.unity3d,UnityEngine.TestRunner,UnityEngine.TestTools,EnumerableRetryTestCommand
data.unity3d,UnityEngine.TestRunner,UnityEngine.TestTools,EnumerableSetUpTearDownCommand
data.unity3d,UnityEngine.TestRunner,UnityEngine.TestTools,EnumerableTestMethodCommand
data.unity3d,UnityEngine.TestRunner,UnityEngine.TestTools,EnumerableTestState
data.unity3d,UnityEngine.TestRunner,UnityEngine.TestTools,IEditModeTestYieldInstruction
data.unity3d,UnityEngine.TestRunner,UnityEngine.TestTools,IMonoBehaviourTest
data.unity3d,UnityEngine.TestRunner,UnityEngine.TestTools,IOuterUnityTestAction
data.unity3d,UnityEngine.TestRunner,UnityEngine.TestTools,IPostBuildCleanup
data.unity3d,UnityEngine.TestRunner,UnityEngine.TestTools,IPrebuildSetup
data.unity3d,UnityEngine.TestRunner,UnityEngine.TestTools,ImmediateEnumerableCommand
data.unity3d,UnityEngine.TestRunner,UnityEngine.TestTools,LogAssert
data.unity3d,UnityEngine.TestRunner,UnityEngine.TestTools,OuterUnityTestActionCommand
data.unity3d,UnityEngine.TestRunner,UnityEngine.TestTools,PostBuildCleanupAttribute
data.unity3d,UnityEngine.TestRunner,UnityEngine.TestTools,PrebuildSetupAttribute
data.unity3d,UnityEngine.TestRunner,UnityEngine.TestTools,SetUpTearDownCommand
data.unity3d,UnityEngine.TestRunner,UnityEngine.TestTools,TestActionCommand
data.unity3d,UnityEngine.TestRunner,UnityEngine.TestTools,TestCommandPcHelper
data.unity3d,UnityEngine.TestRunner,UnityEngine.TestTools,TestEnumerator
data.unity3d,UnityEngine.TestRunner,UnityEngine.TestTools,TestMustExpectAllLogsAttribute
data.unity3d,UnityEngine.TestRunner,UnityEngine.TestTools,TestPlatformEnumExtensions
data.unity3d,UnityEngine.TestRunner,UnityEngine.TestTools,UnityCombinatorialStrategy
data.unity3d,UnityEngine.TestRunner,UnityEngine.TestTools,UnityPlatformAttribute
data.unity3d,UnityEngine.TestRunner,UnityEngine.TestTools,UnitySetUpAttribute
data.unity3d,UnityEngine.TestRunner,UnityEngine.TestTools,UnityTearDownAttribute
data.unity3d,UnityEngine.TestRunner,UnityEngine.TestTools,UnityTestAttribute
data.unity3d,UnityEngine.TestRunner,UnityEngine.TestTools,UnityTestMethodCommand
data.unity3d,UnityEngine.TestRunner,UnityEngine.TestTools.Constraints,AllocatingGCMemoryConstraint
data.unity3d,UnityEngine.TestRunner,UnityEngine.TestTools.Constraints,ConstraintExtensions
data.unity3d,UnityEngine.TestRunner,UnityEngine.TestTools.Constraints,Is
data.unity3d,UnityEngine.TestRunner,UnityEngine.TestTools.Logging,ILogScope
data.unity3d,UnityEngine.TestRunner,UnityEngine.TestTools.Logging,LogEvent
data.unity3d,UnityEngine.TestRunner,UnityEngine.TestTools.Logging,LogMatch
data.unity3d,UnityEngine.TestRunner,UnityEngine.TestTools.Logging,LogScope
data.unity3d,UnityEngine.TestRunner,UnityEngine.TestTools.NUnitExtensions,ActionDelegator
data.unity3d,UnityEngine.TestRunner,UnityEngine.TestTools.NUnitExtensions,BaseDelegator
data.unity3d,UnityEngine.TestRunner,UnityEngine.TestTools.NUnitExtensions,ConstructDelegator
data.unity3d,UnityEngine.TestRunner,UnityEngine.TestTools.NUnitExtensions,IAsyncTestAssemblyBuilder
data.unity3d,UnityEngine.TestRunner,UnityEngine.TestTools.NUnitExtensions,IStateSerializer
data.unity3d,UnityEngine.TestRunner,UnityEngine.TestTools.NUnitExtensions,UnityTestAssemblyBuilder
data.unity3d,UnityEngine.TestRunner,UnityEngine.TestTools.TestRunner,ITestRunnerListener
data.unity3d,UnityEngine.TestRunner,UnityEngine.TestTools.TestRunner,InvalidSignatureException
data.unity3d,UnityEngine.TestRunner,UnityEngine.TestTools.TestRunner,OutOfOrderExpectedLogMessageException
data.unity3d,UnityEngine.TestRunner,UnityEngine.TestTools.TestRunner,PlaymodeTestsController
data.unity3d,UnityEngine.TestRunner,UnityEngine.TestTools.TestRunner,PlaymodeTestsControllerSettings
data.unity3d,UnityEngine.TestRunner,UnityEngine.TestTools.TestRunner,TestEnumeratorWrapper
data.unity3d,UnityEngine.TestRunner,UnityEngine.TestTools.TestRunner,TestListenerWrapper
data.unity3d,UnityEngine.TestRunner,UnityEngine.TestTools.TestRunner,UnexpectedLogMessageException
data.unity3d,UnityEngine.TestRunner,UnityEngine.TestTools.TestRunner,UnhandledLogMessageException
data.unity3d,UnityEngine.TestRunner,UnityEngine.TestTools.TestRunner,UnityTestTimeoutException
data.unity3d,UnityEngine.TestRunner,UnityEngine.TestTools.TestRunner.Callbacks,PlayModeRunnerCallback
data.unity3d,UnityEngine.TestRunner,UnityEngine.TestTools.TestRunner.Callbacks,PlayerQuitHandler
data.unity3d,UnityEngine.TestRunner,UnityEngine.TestTools.TestRunner.Callbacks,RemoteTestResultSender
data.unity3d,UnityEngine.TestRunner,UnityEngine.TestTools.TestRunner.Callbacks,TestResultRenderer
data.unity3d,UnityEngine.TestRunner,UnityEngine.TestTools.TestRunner.Callbacks,TestResultRendererCallback
data.unity3d,UnityEngine.TestRunner,UnityEngine.TestTools.TestRunner.GUI,RuntimeTestRunnerFilter
data.unity3d,UnityEngine.TestRunner,UnityEngine.TestTools.TestRunner.GUI,SynchronousFilter
data.unity3d,UnityEngine.TestRunner,UnityEngine.TestTools.Utils,AssemblyLoadProxy
data.unity3d,UnityEngine.TestRunner,UnityEngine.TestTools.Utils,AssemblyWrapper
data.unity3d,UnityEngine.TestRunner,UnityEngine.TestTools.Utils,ColorEqualityComparer
data.unity3d,UnityEngine.TestRunner,UnityEngine.TestTools.Utils,CoroutineRunner
data.unity3d,UnityEngine.TestRunner,UnityEngine.TestTools.Utils,FloatEqualityComparer
data.unity3d,UnityEngine.TestRunner,UnityEngine.TestTools.Utils,IAssemblyLoadProxy
data.unity3d,UnityEngine.TestRunner,UnityEngine.TestTools.Utils,IAssemblyWrapper
data.unity3d,UnityEngine.TestRunner,UnityEngine.TestTools.Utils,IScriptingRuntimeProxy
data.unity3d,UnityEngine.TestRunner,UnityEngine.TestTools.Utils,PlayerTestAssemblyProvider
data.unity3d,UnityEngine.TestRunner,UnityEngine.TestTools.Utils,QuaternionEqualityComparer
data.unity3d,UnityEngine.TestRunner,UnityEngine.TestTools.Utils,ScriptingRuntimeProxy
data.unity3d,UnityEngine.TestRunner,UnityEngine.TestTools.Utils,StackTraceFilter
data.unity3d,UnityEngine.TestRunner,UnityEngine.TestTools.Utils,Utils
data.unity3d,UnityEngine.TestRunner,UnityEngine.TestTools.Utils,Vector2ComparerWithEqualsOperator
data.unity3d,UnityEngine.TestRunner,UnityEngine.TestTools.Utils,Vector2EqualityComparer
data.unity3d,UnityEngine.TestRunner,UnityEngine.TestTools.Utils,Vector3ComparerWithEqualsOperator
data.unity3d,UnityEngine.TestRunner,UnityEngine.TestTools.Utils,Vector3EqualityComparer
data.unity3d,UnityEngine.TestRunner,UnityEngine.TestTools.Utils,Vector4ComparerWithEqualsOperator
data.unity3d,UnityEngine.TestRunner,UnityEngine.TestTools.Utils,Vector4EqualityComparer
data.unity3d,UnityEngine.UI,UnityEngine.EventSystems,AxisEventData
data.unity3d,UnityEngine.UI,UnityEngine.EventSystems,BaseEventData
data.unity3d,UnityEngine.UI,UnityEngine.EventSystems,BaseInput
data.unity3d,UnityEngine.UI,UnityEngine.EventSystems,BaseInputModule
data.unity3d,UnityEngine.UI,UnityEngine.EventSystems,BaseRaycaster
data.unity3d,UnityEngine.UI,UnityEngine.EventSystems,EventSystem
data.unity3d,UnityEngine.UI,UnityEngine.EventSystems,EventTrigger
data.unity3d,UnityEngine.UI,UnityEngine.EventSystems,ExecuteEvents
data.unity3d,UnityEngine.UI,UnityEngine.EventSystems,IEventSystemHandler
data.unity3d,UnityEngine.UI,UnityEngine.EventSystems,Physics2DRaycaster
data.unity3d,UnityEngine.UI,UnityEngine.EventSystems,PhysicsRaycaster
data.unity3d,UnityEngine.UI,UnityEngine.EventSystems,PointerEventData
data.unity3d,UnityEngine.UI,UnityEngine.EventSystems,PointerInputModule
data.unity3d,UnityEngine.UI,UnityEngine.EventSystems,RaycastResult
data.unity3d,UnityEngine.UI,UnityEngine.EventSystems,RaycasterManager
data.unity3d,UnityEngine.UI,UnityEngine.EventSystems,StandaloneInputModule
data.unity3d,UnityEngine.UI,UnityEngine.EventSystems,TouchInputModule
data.unity3d,UnityEngine.UI,UnityEngine.EventSystems,UIBehaviour
data.unity3d,UnityEngine.UI,UnityEngine.UI,AnimationTriggers
data.unity3d,UnityEngine.UI,UnityEngine.UI,AspectRatioFitter
data.unity3d,UnityEngine.UI,UnityEngine.UI,BaseMeshEffect
data.unity3d,UnityEngine.UI,UnityEngine.UI,Button
data.unity3d,UnityEngine.UI,UnityEngine.UI,CanvasScaler
data.unity3d,UnityEngine.UI,UnityEngine.UI,CanvasUpdateRegistry
data.unity3d,UnityEngine.UI,UnityEngine.UI,ClipperRegistry
data.unity3d,UnityEngine.UI,UnityEngine.UI,Clipping
data.unity3d,UnityEngine.UI,UnityEngine.UI,ColorBlock
data.unity3d,UnityEngine.UI,UnityEngine.UI,ContentSizeFitter
data.unity3d,UnityEngine.UI,UnityEngine.UI,DefaultControls
data.unity3d,UnityEngine.UI,UnityEngine.UI,Dropdown
data.unity3d,UnityEngine.UI,UnityEngine.UI,FontData
data.unity3d,UnityEngine.UI,UnityEngine.UI,FontUpdateTracker
data.unity3d,UnityEngine.UI,UnityEngine.UI,Graphic
data.unity3d,UnityEngine.UI,UnityEngine.UI,GraphicRaycaster
data.unity3d,UnityEngine.UI,UnityEngine.UI,GraphicRebuildTracker
data.unity3d,UnityEngine.UI,UnityEngine.UI,GraphicRegistry
data.unity3d,UnityEngine.UI,UnityEngine.UI,GridLayoutGroup
data.unity3d,UnityEngine.UI,UnityEngine.UI,HorizontalLayoutGroup
data.unity3d,UnityEngine.UI,UnityEngine.UI,HorizontalOrVerticalLayoutGroup
data.unity3d,UnityEngine.UI,UnityEngine.UI,IClipper
data.unity3d,UnityEngine.UI,UnityEngine.UI,IGraphicEnabledDisabled
data.unity3d,UnityEngine.UI,UnityEngine.UI,ILayoutElement
data.unity3d,UnityEngine.UI,UnityEngine.UI,IMask
data.unity3d,UnityEngine.UI,UnityEngine.UI,IMaskable
data.unity3d,UnityEngine.UI,UnityEngine.UI,IMaterialModifier
data.unity3d,UnityEngine.UI,UnityEngine.UI,IMeshModifier
data.unity3d,UnityEngine.UI,UnityEngine.UI,Image
data.unity3d,UnityEngine.UI,UnityEngine.UI,InputField
data.unity3d,UnityEngine.UI,UnityEngine.UI,LayoutElement
data.unity3d,UnityEngine.UI,UnityEngine.UI,LayoutGroup
data.unity3d,UnityEngine.UI,UnityEngine.UI,LayoutRebuilder
data.unity3d,UnityEngine.UI,UnityEngine.UI,LayoutUtility
data.unity3d,UnityEngine.UI,UnityEngine.UI,Mask
data.unity3d,UnityEngine.UI,UnityEngine.UI,MaskUtilities
data.unity3d,UnityEngine.UI,UnityEngine.UI,MaskableGraphic
data.unity3d,UnityEngine.UI,UnityEngine.UI,Misc
data.unity3d,UnityEngine.UI,UnityEngine.UI,MultipleDisplayUtilities
data.unity3d,UnityEngine.UI,UnityEngine.UI,Navigation
data.unity3d,UnityEngine.UI,UnityEngine.UI,Outline
data.unity3d,UnityEngine.UI,UnityEngine.UI,PositionAsUV1
data.unity3d,UnityEngine.UI,UnityEngine.UI,RawImage
data.unity3d,UnityEngine.UI,UnityEngine.UI,RectMask2D
data.unity3d,UnityEngine.UI,UnityEngine.UI,RectangularVertexClipper
data.unity3d,UnityEngine.UI,UnityEngine.UI,ReflectionMethodsCache
data.unity3d,UnityEngine.UI,UnityEngine.UI,ScrollRect
data.unity3d,UnityEngine.UI,UnityEngine.UI,Scrollbar
data.unity3d,UnityEngine.UI,UnityEngine.UI,Selectable
data.unity3d,UnityEngine.UI,UnityEngine.UI,SetPropertyUtility
data.unity3d,UnityEngine.UI,UnityEngine.UI,Shadow
data.unity3d,UnityEngine.UI,UnityEngine.UI,Slider
data.unity3d,UnityEngine.UI,UnityEngine.UI,SpriteState
data.unity3d,UnityEngine.UI,UnityEngine.UI,StencilMaterial
data.unity3d,UnityEngine.UI,UnityEngine.UI,Text
data.unity3d,UnityEngine.UI,UnityEngine.UI,Toggle
data.unity3d,UnityEngine.UI,UnityEngine.UI,ToggleGroup
data.unity3d,UnityEngine.UI,UnityEngine.UI,VertexHelper
data.unity3d,UnityEngine.UI,UnityEngine.UI,VerticalLayoutGroup
data.unity3d,UnityEngine.UI,UnityEngine.UI.CoroutineTween,ITweenValue
data.unity3d,UnityEngine.UI,UnityEngine.UIElements,PanelEventHandler
data.unity3d,UnityEngine.UI,UnityEngine.UIElements,PanelRaycaster
data.unity3d,Util,Unity.IL2CPP.CompilerServices,Il2CppSetOptionAttribute
data.unity3d,Util,Util,ApplicationArgument
data.unity3d,Util,Util,Array
data.unity3d,Util,Util,AttributeUtil
data.unity3d,Util,Util,Color
data.unity3d,Util,Util,Debug
data.unity3d,Util,Util,DirectPrint
data.unity3d,Util,Util,Directory
data.unity3d,Util,Util,EditorGameViewSizeHelper
data.unity3d,Util,Util,File
data.unity3d,Util,Util,Font
data.unity3d,Util,Util,HashSet
data.unity3d,Util,Util,IDeepCopy
data.unity3d,Util,Util,IResettable
data.unity3d,Util,Util,MemoryInfo
data.unity3d,Util,Util,MonoToneRenderer
data.unity3d,Util,Util,ResolutionChanger
data.unity3d,Util,Util,Rumble
data.unity3d,Util,Util,SafetyCast
data.unity3d,Util,Util,ScriptableMeshes
data.unity3d,Util,Util,ScriptableSprites
data.unity3d,Util,Util,Share
data.unity3d,Util,Util,Sorter
data.unity3d,Util,Util,StopwatchSampler
data.unity3d,Util,Util,StopwatchScope
data.unity3d,Util,Util,String
data.unity3d,Util,Util,ThreadChecker
data.unity3d,Util,Util,Time
data.unity3d,Util,Util,UnionString
data.unity3d,Util,Util,UnitySampler
data.unity3d,Util,Util,VideoPlayer
data.unity3d,Util,Util.Android,Jni
data.unity3d,Util,Util.Editor,FilePathAttribute
data.unity3d,Util,Util.Editor,FolderPathAttribute
data.unity3d,Util,Util.Editor,ImageFilePathAttribute
data.unity3d,Util,Util.Editor,SceneAssetAttribute
data.unity3d,Util,Util.Editor,SerializedEnumAttribute
data.unity3d,Util,Util.EventSystem,IObservable
data.unity3d,Util,Util.EventSystem,IObserver
data.unity3d,Util,Util.EventSystem,ISubject
data.unity3d,Util,Util.Extensions,SystemArrayExtension
data.unity3d,Util,Util.Extensions,UnityEngineGameObjectExtension
data.unity3d,Util,Util.Threading,Context
data.unity3d,Util,Util.Threading,IReceiver
data.unity3d,Util,Util.Threading,Message
data.unity3d,Util,Util.Threading,MessageExecuter
data.unity3d,Util,Util.Threading,MessageQueue
data.unity3d,com.nintendo.piaunity,nn.pia,Assertion
data.unity3d,com.nintendo.piaunity,nn.pia,ConstantId
data.unity3d,com.nintendo.piaunity,nn.pia,DllHooker
data.unity3d,com.nintendo.piaunity,nn.pia,Log
data.unity3d,com.nintendo.piaunity,nn.pia,Result
data.unity3d,com.nintendo.piaunity,nn.pia,Result
data.unity3d,com.nintendo.piaunity,nn.pia,UnmanagedMemoryManager
data.unity3d,com.nintendo.piaunity,nn.pia.clone,AtomicProtocol
data.unity3d,com.nintendo.piaunity,nn.pia.clone,AtomicProtocol
data.unity3d,com.nintendo.piaunity,nn.pia.clone,BroadcastEventProtocol
data.unity3d,com.nintendo.piaunity,nn.pia.clone,BroadcastEventProtocol
data.unity3d,com.nintendo.piaunity,nn.pia.clone,ClockProtocol
data.unity3d,com.nintendo.piaunity,nn.pia.clone,ClockProtocol
data.unity3d,com.nintendo.piaunity,nn.pia.clone,ConnectionEvent
data.unity3d,com.nintendo.piaunity,nn.pia.clone,EventProtocolBase
data.unity3d,com.nintendo.piaunity,nn.pia.clone,EventProtocolBase
data.unity3d,com.nintendo.piaunity,nn.pia.cloud,Api
data.unity3d,com.nintendo.piaunity,nn.pia.cloud,CloudCreateSessionSetting
data.unity3d,com.nintendo.piaunity,nn.pia.cloud,CloudCreateSessionSetting
data.unity3d,com.nintendo.piaunity,nn.pia.cloud,CloudJoinRandomSessionSetting
data.unity3d,com.nintendo.piaunity,nn.pia.cloud,CloudNetworkFactory
data.unity3d,com.nintendo.piaunity,nn.pia.cloud,CloudNetworkFactory
data.unity3d,com.nintendo.piaunity,nn.pia.cloud,CloudNetworkSetting
data.unity3d,com.nintendo.piaunity,nn.pia.cloud,CloudRegionConst
data.unity3d,com.nintendo.piaunity,nn.pia.cloud,CloudService
data.unity3d,com.nintendo.piaunity,nn.pia.cloud,CloudService
data.unity3d,com.nintendo.piaunity,nn.pia.cloud,CloudSessionSearchCriteria
data.unity3d,com.nintendo.piaunity,nn.pia.common,Api
data.unity3d,com.nintendo.piaunity,nn.pia.common,InetAddress
data.unity3d,com.nintendo.piaunity,nn.pia.common,InetAddress
data.unity3d,com.nintendo.piaunity,nn.pia.common,NicControlRandomlyThread
data.unity3d,com.nintendo.piaunity,nn.pia.common,StartupNetworkSetting
data.unity3d,com.nintendo.piaunity,nn.pia.common,TraceFlagSetting
data.unity3d,com.nintendo.piaunity,nn.pia.emulation,Emulation
data.unity3d,com.nintendo.piaunity,nn.pia.emulation,Emulation
data.unity3d,com.nintendo.piaunity,nn.pia.emulation,EmulationNetworkFactory
data.unity3d,com.nintendo.piaunity,nn.pia.emulation,EmulationNetworkFactory
data.unity3d,com.nintendo.piaunity,nn.pia.emulation,EmulationService
data.unity3d,com.nintendo.piaunity,nn.pia.emulation,EmulationServiceInitializeSetting
data.unity3d,com.nintendo.piaunity,nn.pia.framework,Api
data.unity3d,com.nintendo.piaunity,nn.pia.framework,Framework
data.unity3d,com.nintendo.piaunity,nn.pia.framework,Framework
data.unity3d,com.nintendo.piaunity,nn.pia.framework,InitializeFrameworkSetting
data.unity3d,com.nintendo.piaunity,nn.pia.framework,StartupSessionSetting
data.unity3d,com.nintendo.piaunity,nn.pia.izumo,IzumoCreateSessionSetting
data.unity3d,com.nintendo.piaunity,nn.pia.izumo,IzumoCreateSessionSetting
data.unity3d,com.nintendo.piaunity,nn.pia.izumo,IzumoJoinRandomSessionSetting
data.unity3d,com.nintendo.piaunity,nn.pia.izumo,IzumoNetworkFactory
data.unity3d,com.nintendo.piaunity,nn.pia.izumo,IzumoNetworkSetting
data.unity3d,com.nintendo.piaunity,nn.pia.izumo,IzumoNetworkSetting
data.unity3d,com.nintendo.piaunity,nn.pia.izumo,IzumoService
data.unity3d,com.nintendo.piaunity,nn.pia.izumo,IzumoService
data.unity3d,com.nintendo.piaunity,nn.pia.izumo,IzumoSessionSearchCriteria
data.unity3d,com.nintendo.piaunity,nn.pia.nat,Api
data.unity3d,com.nintendo.piaunity,nn.pia.nat,Api
data.unity3d,com.nintendo.piaunity,nn.pia.nat,NatProperty
data.unity3d,com.nintendo.piaunity,nn.pia.net,NetCreateSessionSetting
data.unity3d,com.nintendo.piaunity,nn.pia.net,NetJoinSessionSetting
data.unity3d,com.nintendo.piaunity,nn.pia.net,NetService
data.unity3d,com.nintendo.piaunity,nn.pia.net,NetServiceInitializeSetting
data.unity3d,com.nintendo.piaunity,nn.pia.net,NetServiceInitializeSetting
data.unity3d,com.nintendo.piaunity,nn.pia.net,NetSessionSearchCriteria
data.unity3d,com.nintendo.piaunity,nn.pia.net,NetSessionStartupSetting
data.unity3d,com.nintendo.piaunity,nn.pia.reckoning,Reckoning1dProtocol
data.unity3d,com.nintendo.piaunity,nn.pia.reckoning,Reckoning1dProtocol
data.unity3d,com.nintendo.piaunity,nn.pia.reckoning,Reckoning3dProtocol
data.unity3d,com.nintendo.piaunity,nn.pia.reckoning,Reckoning3dProtocol
data.unity3d,com.nintendo.piaunity,nn.pia.reckoning,Vector3f
data.unity3d,com.nintendo.piaunity,nn.pia.session,CreateSessionSetting
data.unity3d,com.nintendo.piaunity,nn.pia.session,CustomAttributeFilteringQueryConstant
data.unity3d,com.nintendo.piaunity,nn.pia.session,PlayerInfo
data.unity3d,com.nintendo.piaunity,nn.pia.session,PlayerNumConstant
data.unity3d,com.nintendo.piaunity,nn.pia.session,Session
data.unity3d,com.nintendo.piaunity,nn.pia.session,Session
data.unity3d,com.nintendo.piaunity,nn.pia.session,SessionStartupSetting
data.unity3d,com.nintendo.piaunity,nn.pia.session,SessionStationManager
data.unity3d,com.nintendo.piaunity,nn.pia.session,SessionStationManager
data.unity3d,com.nintendo.piaunity,nn.pia.sync,PiaSyncDefinitions
data.unity3d,com.nintendo.piaunity,nn.pia.sync,SyncProtocol
data.unity3d,com.nintendo.piaunity,nn.pia.sync,SyncProtocol
data.unity3d,com.nintendo.piaunity,nn.pia.transport,BroadcastReliableProtocol
data.unity3d,com.nintendo.piaunity,nn.pia.transport,BroadcastReliableProtocol
data.unity3d,com.nintendo.piaunity,nn.pia.transport,CommunicationAnalysisData
data.unity3d,com.nintendo.piaunity,nn.pia.transport,CommunicationAnalysisData
data.unity3d,com.nintendo.piaunity,nn.pia.transport,ConnectionAnalysisData
data.unity3d,com.nintendo.piaunity,nn.pia.transport,ConnectionAnalysisData
data.unity3d,com.nintendo.piaunity,nn.pia.transport,PacketAnalysisData
data.unity3d,com.nintendo.piaunity,nn.pia.transport,PacketAnalysisData
data.unity3d,com.nintendo.piaunity,nn.pia.transport,PiaTransportDefinitions
data.unity3d,com.nintendo.piaunity,nn.pia.transport,ProtocolAnalysisData
data.unity3d,com.nintendo.piaunity,nn.pia.transport,ProtocolAnalysisData
data.unity3d,com.nintendo.piaunity,nn.pia.transport,ProtocolId
data.unity3d,com.nintendo.piaunity,nn.pia.transport,ReliableProtocol
data.unity3d,com.nintendo.piaunity,nn.pia.transport,ReliableProtocol
data.unity3d,com.nintendo.piaunity,nn.pia.transport,StationManager
data.unity3d,com.nintendo.piaunity,nn.pia.transport,StationManager
data.unity3d,com.nintendo.piaunity,nn.pia.transport,StreamBroadcastReliableProtocol
data.unity3d,com.nintendo.piaunity,nn.pia.transport,StreamBroadcastReliableProtocol
data.unity3d,com.nintendo.piaunity,nn.pia.transport,Transport
data.unity3d,com.nintendo.piaunity,nn.pia.transport,Transport
data.unity3d,com.nintendo.piaunity,nn.pia.transport,TransportAnalysisData
data.unity3d,com.nintendo.piaunity,nn.pia.transport,TransportAnalysisData
data.unity3d,com.nintendo.piaunity,nn.pia.transport,UnreliableProtocol
data.unity3d,com.nintendo.piaunity,nn.pia.transport,UnreliableProtocol
data.unity3d,com.nintendo.piaunity,nn.pia.util,Util
data.unity3d,com.nintendo.piaunity,nn.pia.util,Util
data.unity3d,com.nintendo.piaunity,nn.pia.util,VersionInfo
data.unity3d,com.nintendo.piaunity,nn.pia.util,VersionInfo
data.unity3d,com.nintendo.piaunity,nn.pia.wan,WanCreateSessionSetting
data.unity3d,com.nintendo.piaunity,nn.pia.wan,WanCreateSessionSetting
data.unity3d,com.nintendo.piaunity,nn.pia.wan,WanNetworkSetting
data.unity3d,com.nintendo.piaunity,nn.pia.wan,WanNetworkSetting
data.unity3d,com.nintendo.piaunity,nn.pia.wan,WanRoomIdConstant
data.unity3d,com.nintendo.piaunity,nn.pia.wan,WanService
data.unity3d,com.nintendo.piaunity,nn.pia.wan,WanService
data.unity3d,com.nintendo.piaunity,nn.pia.wan,WanSessionSearchCriteria
data.unity3d,com.nintendo.piaunity,nn.pia.wan,WanSessionStartupSetting
data.unity3d,sakasho2p.dll,Sks,System
data.unity3d,sakasho2p.dll,Sks,System
