file,path_id,type,name,container_path,byte_size,details
data.unity3d,1,PlayerSettings,,,860,"{""companyName"": ""Nintendo Co., Ltd."", ""productName"": ""Booster"", ""bundleVersion"": ""4.0.0"", ""AndroidProfiler"": ""False""}"
data.unity3d,2,InputManager,,,1424,
data.unity3d,3,TagManager,,,420,
data.unity3d,4,AudioManager,,,48,
data.unity3d,5,ScriptMapper,,,10421,
data.unity3d,6,MonoManager,,,174452,
data.unity3d,7,GraphicsSettings,,,934,
data.unity3d,8,TimeManager,,,16,
data.unity3d,9,DelayedCallManager,,,0,
data.unity3d,10,PhysicsManager,,,272,
data.unity3d,11,BuildSettings,,,184,"{""scenes"": [""Assets/Main/Scene/BoosterMain.unity"", ""Assets/Main/Scene/BootScene.unity""], ""version"": ""2022.3.69f1""}"
data.unity3d,12,QualitySettings,,,616,
data.unity3d,13,ResourceManager,,,41304,
data.unity3d,14,NavMeshProjectSettings,,,372,
data.unity3d,15,Physics2DSettings,,,280,
data.unity3d,17,RuntimeInitializeOnLoadManager,,,0,
data.unity3d,19,StreamingManager,,,0,
data.unity3d,20,VFXManager,,,100,
data.unity3d,6,Shader,Legacy Shaders/VertexLit,,23160,
data.unity3d,7,Shader,Legacy Shaders/Diffuse,,59900,
data.unity3d,19,Shader,Hidden/Internal-StencilWrite,,3852,
data.unity3d,64,Shader,Hidden/Internal-ScreenSpaceShadows,,21828,
data.unity3d,65,Shader,Hidden/Internal-CombineDepthNormals,,5036,
data.unity3d,66,Shader,Hidden/BlitCopy,,4256,
data.unity3d,67,Shader,Hidden/BlitCopyDepth,,4136,
data.unity3d,68,Shader,Hidden/ConvertTexture,,5088,
data.unity3d,69,Shader,Hidden/Internal-DeferredShading,,95956,
data.unity3d,74,Shader,Hidden/Internal-DeferredReflections,,10936,
data.unity3d,75,Shader,Hidden/Internal-MotionVectors,,11152,
data.unity3d,102,Shader,Hidden/Internal-Flare,,4288,
data.unity3d,105,Shader,Hidden/Internal-Halo,,5028,
data.unity3d,106,Shader,Skybox/Procedural,,12232,
data.unity3d,107,Shader,Hidden/BlitCopyWithDepth,,4468,
data.unity3d,109,Shader,Hidden/BlitToDepth,,3708,
data.unity3d,110,Shader,Hidden/BlitToDepth_MSAA,,3544,
data.unity3d,111,Shader,Hidden/BlitCopyHDRTonemap,,6540,
data.unity3d,113,Shader,Hidden/Internal-DebugPattern,,9556,
data.unity3d,9000,Shader,Hidden/Internal-GUITextureClip,,7508,
data.unity3d,9001,Shader,Hidden/Internal-GUITextureClipText,,7152,
data.unity3d,9002,Shader,Hidden/Internal-GUITexture,,6760,
data.unity3d,9003,Shader,Hidden/Internal-GUITextureBlit,,7456,
data.unity3d,9004,Shader,Hidden/Internal-GUIRoundedRect,,10428,
data.unity3d,9007,Shader,Hidden/Internal-GUIRoundedRectWithColorPerBorder,,11768,
data.unity3d,9100,Shader,Hidden/Internal-UIRDefault,,21096,
data.unity3d,9101,Shader,Hidden/Internal-UIRAtlasBlitCopy,,5784,
data.unity3d,9102,Shader,Hidden/Internal-UIRDefaultWorld,,21036,
data.unity3d,10753,Shader,Sprites/Default,,6852,
data.unity3d,10757,Shader,Sprites/Mask,,6584,
data.unity3d,10770,Shader,UI/Default,,7988,
data.unity3d,10782,Shader,UI/Default Font,,1040,
data.unity3d,10783,Shader,UI/DefaultETC1,,8048,
data.unity3d,15104,Shader,Hidden/CubeBlur,,8252,
data.unity3d,15105,Shader,Hidden/CubeCopy,,6796,
data.unity3d,15106,Shader,Hidden/CubeBlend,,7540,
data.unity3d,15304,Shader,Hidden/VR/BlitTexArraySlice,,3660,
data.unity3d,15308,Shader,Hidden/Internal-ODSWorldTexture,,32992,
data.unity3d,15309,Shader,Hidden/Internal-CubemapToEquirect,,4440,
data.unity3d,15312,Shader,Hidden/VR/BlitFromTex2DToTexArraySlice,,6588,
data.unity3d,16000,Shader,Hidden/VideoComposite,,4556,
data.unity3d,16001,Shader,Hidden/VideoDecode,,25152,
data.unity3d,16003,Shader,Hidden/VideoDecodeAndroid,,14120,
data.unity3d,17000,Shader,Hidden/Compositing,,4612,
data.unity3d,19011,Shader,Hidden/TextCore/Distance Field SSD,,8060,
data.unity3d,4800000,Shader,Booster/Black,,8188,
data.unity3d,1,PreloadData,,,205,
data.unity3d,2,Material,Sprites-Default,,304,
data.unity3d,3,Shader,Booster/Shadow/ShadowBakeAlphaFactor75,,4692,
data.unity3d,4,Shader,Booster/Unlit/Color,,16812,
data.unity3d,5,Shader,Booster/Shadow/PrjFromTex,,5560,
data.unity3d,6,Shader,Hidden/Internal-DepthNormalsTextureBooster,,54160,
data.unity3d,7,Shader,Booster/Shadow/PrjToTex,,8420,
data.unity3d,8,Shader,Booster/Black,,8188,
data.unity3d,9,Shader,Booster/Shadow/ShadowBakeAlphaFactor100,,4672,
data.unity3d,10,Shader,Booster/Fast Shadow Projector/Add,,4676,
data.unity3d,11,Shader,Booster/Shadow/SeparableBlur,,4676,
data.unity3d,12,Shader,Booster/Shadow/ShadowBakeAlphaFactor50,,4692,
data.unity3d,13,MonoScript,AkStreamMgrSettings,,92,
data.unity3d,14,MonoScript,NetworkBGPiaUpdater,,96,
data.unity3d,15,MonoScript,UIDynamicSeasonImageLoader,,112,
data.unity3d,16,MonoScript,SakashoAnalyticsDefine,,104,
data.unity3d,17,MonoScript,CollisionGndColMaterial,,104,
data.unity3d,18,MonoScript,DemoPromotionCamera,,96,
data.unity3d,19,MonoScript,UIUtil,,72,
data.unity3d,20,MonoScript,UIPartsSelectTutorialAction,,112,
data.unity3d,21,MonoScript,NabeFileScene,,84,
data.unity3d,22,MonoScript,LayoutRebuilder,,100,
data.unity3d,23,MonoScript,FrameworkSceneRootBase,,104,
data.unity3d,24,MonoScript,UtilMemoryInfo,,72,
data.unity3d,25,MonoScript,SakashoProductNominatedProduct,,116,
data.unity3d,26,MonoScript,UILoginBonusListItem,,96,
data.unity3d,27,MonoScript,MapObjDrawBridgeGlide,,104,
data.unity3d,28,MonoScript,UIMarkerComponent,,96,
data.unity3d,29,MonoScript,UIWebViewOpenSakashoUrlAction,,120,
data.unity3d,30,MonoScript,RaceScoreRecorderBase,,104,
data.unity3d,31,MonoScript,DllHooker,,92,
data.unity3d,32,MonoScript,UISeasonRewardRankListItem,,112,
data.unity3d,33,MonoScript,MapObjContinuousHitRecord,,112,
data.unity3d,34,MonoScript,SakashoRankingPlayer,,92,
data.unity3d,35,MonoScript,BinFlwFile,,104,
data.unity3d,36,MonoScript,UtilResolution3DChanger,,100,
data.unity3d,37,MonoScript,SpritePair,,80,
data.unity3d,38,MonoScript,AnimationPreviewUtilities,,128,
data.unity3d,39,MonoScript,UIPremiumPassBannerDescriptionDynamicMessage,,144,
data.unity3d,40,MonoScript,UIBingoChallengeCellInfo,,104,
data.unity3d,41,MonoScript,EventActionBase,,88,
data.unity3d,42,MonoScript,PositionAsUV1,,100,
data.unity3d,43,MonoScript,UtilThreadingMessage,,84,
data.unity3d,44,MonoScript,UIShopNewObject,,88,
data.unity3d,45,MonoScript,ScriptableEffectContainerRef,,112,
data.unity3d,46,MonoScript,UISpecialOfferInfo,,96,
data.unity3d,47,MonoScript,UINewsList,,80,
data.unity3d,48,MonoScript,UITourEndingParade,,96,
data.unity3d,49,MonoScript,UITakeoverSceneAction,,104,
data.unity3d,50,MonoScript,FieldUtil,,80,
data.unity3d,51,MonoScript,UISendButtonAnalyticsAction,,112,
data.unity3d,52,MonoScript,UIAnimationIntChangerBase,,112,
data.unity3d,53,MonoScript,UIPvpWaitPlayerEntryListTipsDynamicMessage,,144,
data.unity3d,54,MonoScript,UICloseDialogAllAction,,104,
data.unity3d,55,MonoScript,UIUnlockDetailDynamicMessage,,112,
data.unity3d,56,MonoScript,ShelpProfanityWordAccessor,,108,
data.unity3d,57,MonoScript,SystemProjectSettingManager,,112,
data.unity3d,58,MonoScript,AnimationPlayableAsset,,120,
data.unity3d,59,MonoScript,SakashoMission,,80,
data.unity3d,60,MonoScript,MessageStudioConsole,,100,
data.unity3d,61,MonoScript,OverrideMessage,,88,
data.unity3d,62,MonoScript,UIFinishCountDown,,96,
data.unity3d,63,MonoScript,EffectAreaBase,,88,
data.unity3d,64,MonoScript,Type,,68,
data.unity3d,65,MonoScript,ScriptableItemParamClass036,,112,
data.unity3d,66,MonoScript,RemoteTestResultData,,136,
data.unity3d,67,MonoScript,AkRoomPortalObstruction,,100,
data.unity3d,68,MonoScript,Range,,80,
data.unity3d,69,MonoScript,UtilRumble,,64,
data.unity3d,70,MonoScript,ShelpEventRaceProduct,,100,
data.unity3d,71,MonoScript,UIFriendAcceptAction,,96,
data.unity3d,72,MonoScript,PartsSelector,,88,
data.unity3d,73,MonoScript,UISkillLevelUpInfo,,96,
data.unity3d,74,MonoScript,Wrapper,,84,
data.unity3d,75,MonoScript,RaceEventDontCrashManager,,112,
data.unity3d,76,MonoScript,ScriptableCameraBackMirrorParam,,120,
data.unity3d,77,MonoScript,EffectKartBase,,88,
data.unity3d,78,MonoScript,RaceEventTutorialRocketStartManager,,128,
data.unity3d,79,MonoScript,SakashoStorageMatchData,,128,
data.unity3d,80,MonoScript,MapObjWanwanRolling,,96,
data.unity3d,81,MonoScript,MapObjTime,,84,
data.unity3d,82,MonoScript,ItemProbabilityTableOfRank,,112,
data.unity3d,83,MonoScript,UIRankRaceResultPoint,,104,
data.unity3d,84,MonoScript,MapObjStartGateSimpleAerial,,112,
data.unity3d,85,MonoScript,UIChangedEventRaceListEvent,,112,
data.unity3d,86,MonoScript,FrameworkScenePlanBase,,104,
data.unity3d,87,MonoScript,Warning,,76,
data.unity3d,88,MonoScript,UIGoodCourseListMoreGood,,104,
data.unity3d,89,MonoScript,RaceAnalyticsLapRankRecorder,,104,
data.unity3d,90,MonoScript,Environment,,84,
data.unity3d,91,MonoScript,OpenCloseObjectOpeningEvent,,112,
data.unity3d,92,MonoScript,PlayCoreEventHandler,,120,
data.unity3d,93,MonoScript,CharModelImpl,,92,
data.unity3d,94,MonoScript,SakashoGreetCoinManager,,104,
data.unity3d,95,MonoScript,PlatformUtils,,112,
data.unity3d,96,MonoScript,ScriptablePostEffect,,96,
data.unity3d,97,MonoScript,SeadMethodTree,,88,
data.unity3d,98,MonoScript,Bugsnag,,76,
data.unity3d,99,MonoScript,AkAudioSourceChangeCallbackInfo,,116,
data.unity3d,100,MonoScript,LogTypeSeverityMapping,,108,
data.unity3d,101,MonoScript,Stdio,,72,
data.unity3d,102,MonoScript,AkWwiseTypeMigration,,92,
data.unity3d,103,MonoScript,MapObjDirector,,88,
data.unity3d,104,MonoScript,TMP_SubMeshUI,,96,
data.unity3d,105,MonoScript,SakashoStorageUdemaeRestoreUtil,,124,
data.unity3d,106,MonoScript,EffectAreaCamera,,88,
data.unity3d,107,MonoScript,UIDefine,,72,
data.unity3d,108,MonoScript,DefaultMii,,84,
data.unity3d,109,MonoScript,UIWappenListPageTitleDynamicMessage,,128,
data.unity3d,110,MonoScript,ItemDebugConditional,,96,
data.unity3d,111,MonoScript,GearUtilProfileCpuMeter,,104,
data.unity3d,112,MonoScript,ItemListElementBase,,96,
data.unity3d,113,MonoScript,KartVehicleGlide,,88,
data.unity3d,114,MonoScript,SakashoWappenSheetSheet,,104,
data.unity3d,115,MonoScript,IThread,,84,
data.unity3d,116,MonoScript,ItemHitIgnoreInEquipHang,,104,
data.unity3d,117,MonoScript,UIRankRaceRewardSequenceAction,,120,
data.unity3d,118,MonoScript,SeadFrameworkUnity,,104,
data.unity3d,119,MonoScript,UtilSort,,60,
data.unity3d,120,MonoScript,SakashoMiiIconCacheEntry,,116,
data.unity3d,121,MonoScript,Style,,76,
data.unity3d,122,MonoScript,IBreadcrumb,,92,
data.unity3d,123,MonoScript,EffectObj,,80,
data.unity3d,124,MonoScript,UIRankingPlayerListItem,,104,
data.unity3d,125,MonoScript,UIEventMissDynamicMessage,,112,
data.unity3d,126,MonoScript,UIDynamicSeasonRewardPointImageLoader,,136,
data.unity3d,127,MonoScript,Assert,,76,
data.unity3d,128,MonoScript,GearUtilMinMax,,80,
data.unity3d,129,MonoScript,ItemComponentChased,,96,
data.unity3d,130,MonoScript,RaceEventParadeInput,,88,
data.unity3d,131,MonoScript,RaceEventCoinBattleManager,,112,
data.unity3d,132,MonoScript,PlayCoreIntegrityManager,,140,
data.unity3d,133,MonoScript,UITreasureOpen,,88,
data.unity3d,134,MonoScript,TMP_SubMesh,,88,
data.unity3d,135,MonoScript,OutputStyleInfoList,,96,
data.unity3d,136,MonoScript,UtilGlicko2,,76,
data.unity3d,137,MonoScript,MessageSetterAction,,96,
data.unity3d,138,MonoScript,UIMainMenu,,80,
data.unity3d,139,MonoScript,ItemPathGlideUpdater,,96,
data.unity3d,140,MonoScript,RaceEventTutorialDriftManager,,120,
data.unity3d,141,MonoScript,AkGameObjEnvironmentData,,100,
data.unity3d,142,MonoScript,AkLogger,,68,
data.unity3d,143,MonoScript,MapObjBaseTransparent,,104,
data.unity3d,144,MonoScript,AIJudgement,,80,
data.unity3d,145,MonoScript,UILevelMeter,,80,
data.unity3d,146,MonoScript,UICupCourseListItem,,96,
data.unity3d,147,MonoScript,UIPresentNewObject,,96,
data.unity3d,148,MonoScript,RaceEventTutorialDriftModeManager,,128,
data.unity3d,149,MonoScript,UIDynamicEventRuleImageLoader,,120,
data.unity3d,150,MonoScript,ShelpSeasonSummarySummary,,108,
data.unity3d,151,MonoScript,ShelpPager,,80,
data.unity3d,152,MonoScript,UIPvPPremiumPassExplanationScreen,,128,
data.unity3d,153,MonoScript,ShelpMk8dxAccessor,,92,
data.unity3d,154,MonoScript,UICupOptionButtonListItem,,112,
data.unity3d,155,MonoScript,UIExitResultAction,,96,
data.unity3d,156,MonoScript,SeadBitFlag,,80,
data.unity3d,157,MonoScript,AkPositionArray,,84,
data.unity3d,158,MonoScript,UnityMessageTag,,92,
data.unity3d,159,MonoScript,UIRaceEntrySequence,,96,
data.unity3d,160,MonoScript,RaceSequenceSubManagerTourEndingParade,,136,
data.unity3d,161,MonoScript,SakashoFriendReceivedRequestPager,,120,
data.unity3d,162,MonoScript,IPreload,,72,
data.unity3d,163,MonoScript,RaceSequenceManager,,96,
data.unity3d,164,MonoScript,SakashoDailyChallengeDailyChallenge,,124,
data.unity3d,165,MonoScript,UIDebugObject,,88,
data.unity3d,166,MonoScript,UtilEventSystemIObserver,,92,
data.unity3d,167,MonoScript,UIScrollKeepOnChangedResolution,,120,
data.unity3d,168,MonoScript,TMP_FontAssetUtilities,,112,
data.unity3d,169,MonoScript,SakashoWebViewContentsManager,,116,
data.unity3d,170,MonoScript,SakashoRaceEndRaceArg,,100,
data.unity3d,171,MonoScript,MapObjTransformHelper,,104,
data.unity3d,172,MonoScript,SakashoStorageDriveMetrics,,120,
data.unity3d,173,MonoScript,UIPrepareRemoveNintendoAccountAction1,,136,
data.unity3d,174,MonoScript,UIDynamicCommonIconImageLoader,,120,
data.unity3d,175,MonoScript,UIBehaviour,,100,
data.unity3d,176,MonoScript,KartSettingsUtil,,88,
data.unity3d,177,MonoScript,UIChangedRatingCacheEvent,,112,
data.unity3d,178,MonoScript,ScriptableItemParamGeneral,,112,
data.unity3d,179,MonoScript,UIOpenMaintenancePageAction,,112,
data.unity3d,180,MonoScript,UIDriverSkillInfo,,96,
data.unity3d,181,MonoScript,UIMiiSuitShopSpecialOfferListItem,,128,
data.unity3d,182,MonoScript,AIItemP2P,,80,
data.unity3d,183,MonoScript,BackEventActionTrigger,,104,
data.unity3d,184,MonoScript,UIBreakBalloonEvent,,96,
data.unity3d,185,MonoScript,ScriptableDemoStartCamera,,112,
data.unity3d,186,MonoScript,NetworkIdManager,,88,
data.unity3d,187,MonoScript,SeadPlane,,76,
data.unity3d,188,MonoScript,Transform,,84,
data.unity3d,189,MonoScript,MapObjMovingRoad,,88,
data.unity3d,190,MonoScript,DebugUserManagerFactory,,104,
data.unity3d,191,MonoScript,UIEventDifficultyInfo,,104,
data.unity3d,192,MonoScript,NetworkLocationManager,,104,
data.unity3d,193,MonoScript,SakashoProductStaminaRecovery,,112,
data.unity3d,194,MonoScript,ItemGlobalFields,,88,
data.unity3d,195,MonoScript,Effect,,72,
data.unity3d,196,MonoScript,UITrophyMaintenance,,96,
data.unity3d,197,MonoScript,SakashoAnalyticsFriendGift,,112,
data.unity3d,198,MonoScript,InputUtilFunc,,88,
data.unity3d,199,MonoScript,UIStaminaItemListItem,,104,
data.unity3d,200,MonoScript,UINetPlayResult,,88,
data.unity3d,201,MonoScript,ItemComponentEffect,,96,
data.unity3d,202,MonoScript,SeadVector4,,76,
data.unity3d,203,MonoScript,Client,,76,
data.unity3d,204,MonoScript,izumo_Types,,104,
data.unity3d,205,MonoScript,ItemListTestCase,,88,
data.unity3d,206,MonoScript,UIAnimationEventCallback,,104,
data.unity3d,207,MonoScript,RaceParadeLog,,88,
data.unity3d,208,MonoScript,ObjectEngine,,80,
data.unity3d,209,MonoScript,MeterMaxVertexColors,,96,
data.unity3d,210,MonoScript,UINewMark,,80,
data.unity3d,211,MonoScript,CameraEngine,,80,
data.unity3d,212,MonoScript,ItemObjKouraR,,88,
data.unity3d,213,MonoScript,LogEvent,,108,
data.unity3d,214,MonoScript,TextDecoration,,88,
data.unity3d,215,MonoScript,UIItemInfo,,80,
data.unity3d,216,MonoScript,AkObstructionOcclusionValuesArray,,124,
data.unity3d,217,MonoScript,UIResultActionDialog,,96,
data.unity3d,218,MonoScript,AkRamp,,68,
data.unity3d,219,MonoScript,SakashoMasterDataManager,,100,
data.unity3d,220,MonoScript,UIFriendDeleteAction,,96,
data.unity3d,221,MonoScript,UIBalloonCurrentComponent,,112,
data.unity3d,222,MonoScript,NabeContent,,76,
data.unity3d,223,MonoScript,Command,,76,
data.unity3d,224,MonoScript,FrameworkSceneBase,,96,
data.unity3d,225,MonoScript,MapUnitCamera,,92,
data.unity3d,226,MonoScript,CanvasScaler,,92,
data.unity3d,227,MonoScript,UIPvPRuleCheckSpeedOrBalloonDynamicMessage,,144,
data.unity3d,228,MonoScript,DigitalMeter,,80,
data.unity3d,229,MonoScript,UITicketNum,,80,
data.unity3d,230,MonoScript,PlayerStats,,104,
data.unity3d,231,MonoScript,Dropdown,,84,
data.unity3d,232,MonoScript,ItemObjHeart,,80,
data.unity3d,233,MonoScript,AnimationLevelChangerBase,,112,
data.unity3d,234,MonoScript,BroadcastReliableProtocolNative,,136,
data.unity3d,235,MonoScript,UITreasureBoxExplanationDynamicMessage,,136,
data.unity3d,236,MonoScript,SystemBase,,80,
data.unity3d,237,MonoScript,UIResetCurrentCustomizeNewFlagAction,,128,
data.unity3d,238,MonoScript,OuterUnityTestActionCommand,,140,
data.unity3d,239,MonoScript,DoubleBufferedSimpleShapeBase,,120,
data.unity3d,240,MonoScript,AudioClipProperties,,112,
data.unity3d,241,MonoScript,UIExternalP2PRace,,96,
data.unity3d,242,MonoScript,QuickStartData,,88,
data.unity3d,243,MonoScript,UIItemDataList,,88,
data.unity3d,244,MonoScript,SakashoFestivalTeamGrouping,,116,
data.unity3d,245,MonoScript,ItemOwnerUIProxy,,88,
data.unity3d,246,MonoScript,SakashoPvPBattleRuleSetting,,112,
data.unity3d,247,MonoScript,AkSegmentInfo,,84,
data.unity3d,248,MonoScript,UIInputLockManager,,96,
data.unity3d,249,MonoScript,UICoroutineManager,,96,
data.unity3d,250,MonoScript,ItemComponentCalcScale,,104,
data.unity3d,251,MonoScript,DemoCameraParam,,88,
data.unity3d,252,MonoScript,UISeasonInfo,,80,
data.unity3d,253,MonoScript,AudioObjSeRace,,88,
data.unity3d,254,MonoScript,PiaPluginCommonNative,,104,
data.unity3d,255,MonoScript,UIResultFestivalCoinBonusDynamicMessage,,136,
data.unity3d,256,MonoScript,UICurrentValueInputField,,104,
data.unity3d,257,MonoScript,UIMaintenancePeriod,,96,
data.unity3d,258,MonoScript,SakashoStorageStockDriver,,112,
data.unity3d,259,MonoScript,OpenCloseObjectCloseAction,,112,
data.unity3d,260,MonoScript,AkTriggerEnable,,84,
data.unity3d,261,MonoScript,ScriptableDynamicUnitMngInitData,,120,
data.unity3d,262,MonoScript,ValueChangedEventActionTrigger,,120,
data.unity3d,263,MonoScript,FrameworkDefine,,88,
data.unity3d,264,MonoScript,PlaymodeTestsController,,140,
data.unity3d,265,MonoScript,RaceScoreRecorder,,96,
data.unity3d,266,MonoScript,UtilEnumFlagsAttribute,,100,
data.unity3d,267,MonoScript,ScriptableItemMtxUpdaterBase,,112,
data.unity3d,268,MonoScript,UIAsyncImageLoaderBase,,104,
data.unity3d,269,MonoScript,ItemComponentStraight,,104,
data.unity3d,270,MonoScript,SakashoStorageStockItem,,108,
data.unity3d,271,MonoScript,UICoinRaceConfirmDynamicMessage,,120,
data.unity3d,272,MonoScript,emulation_Emulation,,108,
data.unity3d,273,MonoScript,MapObjTramMoba,,88,
data.unity3d,274,MonoScript,UIStaminaShopTitleDynamicMessage,,120,
data.unity3d,275,MonoScript,UtilColor,,64,
data.unity3d,276,MonoScript,DemoCameraData,,88,
data.unity3d,277,MonoScript,UtilErrorCodeSakashoCommonIterator,,124,
data.unity3d,278,MonoScript,MapObjLandingPoint,,96,
data.unity3d,279,MonoScript,RaceRankTeamCalculator,,104,
data.unity3d,280,MonoScript,UIMiiCommonButtonDynamicMessage,,120,
data.unity3d,281,MonoScript,AkSoundEngine,,84,
data.unity3d,282,MonoScript,MapObjShadow,,80,
data.unity3d,283,MonoScript,CompositeWorkItem,,148,
data.unity3d,284,MonoScript,NotificationPermission,,136,
data.unity3d,285,MonoScript,SakashoMiiManager,,96,
data.unity3d,286,MonoScript,UIRaceHudScores,,88,
data.unity3d,287,MonoScript,UIOpenAchievementsAction,,104,
data.unity3d,288,MonoScript,CollisionGndColManager,,104,
data.unity3d,289,MonoScript,KartRigidBody,,88,
data.unity3d,290,MonoScript,ISceneJump,,80,
data.unity3d,291,MonoScript,MaterialReferenceManager,,112,
data.unity3d,292,MonoScript,SakashoMaintenanceStatus,,104,
data.unity3d,293,MonoScript,SeadKCollisionGlobalMembers,,88,
data.unity3d,294,MonoScript,AkRoomAwareManager,,92,
data.unity3d,295,MonoScript,MapObjTrainMobs,,88,
data.unity3d,296,MonoScript,UINumWithMax,,80,
data.unity3d,297,MonoScript,Crawler,,108,
data.unity3d,298,MonoScript,ScriptableSprites,,84,
data.unity3d,299,MonoScript,Meter,,72,
data.unity3d,300,MonoScript,UIRaceItemSlotEffects,,104,
data.unity3d,301,MonoScript,ApplicationExitAction,,104,
data.unity3d,302,MonoScript,UIOpenScheduledRestartDialogAction,,128,
data.unity3d,303,MonoScript,SceneAssetAttribute,,92,
data.unity3d,304,MonoScript,PlayerProfile,,112,
data.unity3d,305,MonoScript,IAssemblyLoadProxy,,128,
data.unity3d,306,MonoScript,AkObstructionOcclusionValues,,108,
data.unity3d,307,MonoScript,DebugScriptableCameraEdit,,112,
data.unity3d,308,MonoScript,ScriptableEvent,,88,
data.unity3d,309,MonoScript,RawImage,,84,
data.unity3d,310,MonoScript,PauseFlag,,80,
data.unity3d,311,MonoScript,UIExternalDownload,,96,
data.unity3d,312,MonoScript,UtilVfrSecondCounter,,92,
data.unity3d,313,MonoScript,UIChallengeSheetList,,96,
data.unity3d,314,MonoScript,AkShowOnlyAttribute,,92,
data.unity3d,315,MonoScript,MapObjPyramidKuriboN,,96,
data.unity3d,316,MonoScript,GraphicDriverMonoBehaviour,,112,
data.unity3d,317,MonoScript,FieldFlareTimeChangeData,,104,
data.unity3d,318,MonoScript,UIRaceOneHundredRaceDynamicMessage,,128,
data.unity3d,319,MonoScript,AkPlaylistArray,,84,
data.unity3d,320,MonoScript,MapObjAnimatorHelper,,96,
data.unity3d,321,MonoScript,FontData,,84,
data.unity3d,322,MonoScript,ShelpConfig,,80,
data.unity3d,323,MonoScript,ItemOwnerMaster,,88,
data.unity3d,324,MonoScript,AudioBehaviorInputField,,104,
data.unity3d,325,MonoScript,UIResetTreasureBoxListNewFlagAction,,128,
data.unity3d,326,MonoScript,SakashoStorageRaceStatistic,,116,
data.unity3d,327,MonoScript,UIEventRaceScore,,88,
data.unity3d,328,MonoScript,SakashoProductEventShopManager,,112,
data.unity3d,329,MonoScript,UIChangedMissionNewFlagEvent,,112,
data.unity3d,330,MonoScript,Faceline,,76,
data.unity3d,331,MonoScript,UIPlayerInfo,,80,
data.unity3d,332,MonoScript,ItemObjThunderDirector,,104,
data.unity3d,333,MonoScript,UIDownloadResourceAllAction,,112,
data.unity3d,334,MonoScript,InputManager,,80,
data.unity3d,335,MonoScript,EditorNabeConfig,,76,
data.unity3d,336,MonoScript,CaptureSet,,80,
data.unity3d,337,MonoScript,UIDynamicSubInfoButtonImageSwitcher,,128,
data.unity3d,338,MonoScript,BaseInput,,100,
data.unity3d,339,MonoScript,SakashoAnalyticsEndRace,,100,
data.unity3d,340,MonoScript,ItemListPageScroller,,96,
data.unity3d,341,MonoScript,ShelpProductData,,96,
data.unity3d,342,MonoScript,AIItemBossKoopaBalloon,,104,
data.unity3d,343,MonoScript,UIMiiSuitPointUpListItem,,104,
data.unity3d,344,MonoScript,SignalEmitter,,104,
data.unity3d,345,MonoScript,UICustomizeItemSelectListItem,,120,
data.unity3d,346,MonoScript,EnableButtonTappedEvent,,104,
data.unity3d,347,MonoScript,UIItemDamageEvent,,96,
data.unity3d,348,MonoScript,ControlTrack,,96,
data.unity3d,349,MonoScript,UICupOptionButtonList,,104,
data.unity3d,350,MonoScript,UIChangedSelectedRankRaceEvent,,120,
data.unity3d,351,MonoScript,AnimationFloatStartValue,,104,
data.unity3d,352,MonoScript,MapUnitPathCommon,,96,
data.unity3d,353,MonoScript,MapObjBarrelBomb,,88,
data.unity3d,354,MonoScript,OpenCloseObjectChildrenSync,,112,
data.unity3d,355,MonoScript,EndpointConfiguration,,108,
data.unity3d,356,MonoScript,UtilErrorCodeAppDebugStandard,,116,
data.unity3d,357,MonoScript,ShelpFriendFriendPager,,100,
data.unity3d,358,MonoScript,UIEventShopButton,,96,
data.unity3d,359,MonoScript,SakashoProductVCNominatedProduct,,128,
data.unity3d,360,MonoScript,ItemObjKouraRDirector,,104,
data.unity3d,361,MonoScript,AudioSceneBase,,88,
data.unity3d,362,MonoScript,UIPartsPowerUpContentDynamicMessage,,128,
data.unity3d,363,MonoScript,AIPathDataRecorder,,96,
data.unity3d,364,MonoScript,SakashoProductSpecialOfferConditionChecker,,136,
data.unity3d,365,MonoScript,SakashoAnalyticsRankRace,,108,
data.unity3d,366,MonoScript,SafeAreaTouchFilter,,96,
data.unity3d,367,MonoScript,UIStockWappenList,,96,
data.unity3d,368,MonoScript,UtilErrorCodeNumberingAttribute,,120,
data.unity3d,369,MonoScript,UIRaceLapColorChanger,,104,
data.unity3d,370,MonoScript,UIRaceItemSlotAnimationController,,128,
data.unity3d,371,MonoScript,ShelpEventRaceTermStatistic,,112,
data.unity3d,372,MonoScript,UIRefreshNominatedProductsScreen,,120,
data.unity3d,373,MonoScript,AISpeedCountStampEnemy,,104,
data.unity3d,374,MonoScript,FrameworkSceneManager,,104,
data.unity3d,375,MonoScript,RaceEventP2PKartSpeedControl,,112,
data.unity3d,376,MonoScript,TextAnimation,,88,
data.unity3d,377,MonoScript,AkEnumFlagAttribute,,92,
data.unity3d,378,MonoScript,PiaPluginNatNative,,96,
data.unity3d,379,MonoScript,IzumoNetworkFactoryNativeMethod,,124,
data.unity3d,380,MonoScript,Polyfills,,92,
data.unity3d,381,MonoScript,MapObjItemBox,,88,
data.unity3d,382,MonoScript,TimingTrackerBehaviour,,108,
data.unity3d,383,MonoScript,UIPresentTitleDynamicMessage,,112,
data.unity3d,384,MonoScript,ItemParam,,80,
data.unity3d,385,MonoScript,NetworkRaceInfoManager,,104,
data.unity3d,386,MonoScript,SystemExceptionManager,,104,
data.unity3d,387,MonoScript,InputUtil,,80,
data.unity3d,388,MonoScript,PostProcessManager,,128,
data.unity3d,389,MonoScript,UIBuyItemRepeatedly,,96,
data.unity3d,390,MonoScript,ItemObj020,,80,
data.unity3d,391,MonoScript,ItemSettingForEvent,,96,
data.unity3d,392,MonoScript,UINotificationTypeDynamicMessage,,120,
data.unity3d,393,MonoScript,SakashoMasterDataHolder,,104,
data.unity3d,394,MonoScript,UIP2PRacePreloadAction,,104,
data.unity3d,395,MonoScript,MessageStudioTagProcessor,,112,
data.unity3d,396,MonoScript,ItemColorSetter,,100,
data.unity3d,397,MonoScript,UIRaceScoreList,,88,
data.unity3d,398,MonoScript,ScriptableItemParamClass021,,112,
data.unity3d,399,MonoScript,UIRewardListItem,,88,
data.unity3d,400,MonoScript,EnumerableTestMethodCommand,,140,
data.unity3d,401,MonoScript,SakashoMissionManager,,104,
data.unity3d,402,MonoScript,DynamicRigDynamicUnitManager,,112,
data.unity3d,403,MonoScript,UIP2PForceFinish,,88,
data.unity3d,404,MonoScript,UIPartsItemSkillLevelUpDynamicMessage,,136,
data.unity3d,405,MonoScript,SynchronizedAnimationImageManagerSettings,,144,
data.unity3d,406,MonoScript,UIDailyChallengeInfo,,96,
data.unity3d,407,MonoScript,DebugScriptableCameraDemoDirector,,128,
data.unity3d,408,MonoScript,UIOverlapItemInfoList,,104,
data.unity3d,409,MonoScript,ItemObjGesso,,80,
data.unity3d,410,MonoScript,NetworkLobbyInfo,,84,
data.unity3d,411,MonoScript,SeadCurve,,84,
data.unity3d,412,MonoScript,ItemObj021,,80,
data.unity3d,413,MonoScript,UICoinBalloon,,88,
data.unity3d,414,MonoScript,CollisionGndColHitInfoImpl,,112,
data.unity3d,415,MonoScript,NetworkManager,,88,
data.unity3d,416,MonoScript,wan_Definitions,,108,
data.unity3d,417,MonoScript,UINotActiveAction,,96,
data.unity3d,418,MonoScript,ScrollRect,,92,
data.unity3d,419,MonoScript,EffectKartDriver,,88,
data.unity3d,420,MonoScript,UIClampScreen,,88,
data.unity3d,421,MonoScript,KartVehicleDash,,88,
data.unity3d,422,MonoScript,UITreasureBoxNewObject,,104,
data.unity3d,423,MonoScript,UITips,,72,
data.unity3d,424,MonoScript,ScriptableBoost,,88,
data.unity3d,425,MonoScript,EditorGameResourceId,,96,
data.unity3d,426,MonoScript,InputInfoProxy,,88,
data.unity3d,427,MonoScript,UtilReferenceSearcher,,100,
data.unity3d,428,MonoScript,ItemFeverProbabilityOfRank,,112,
data.unity3d,429,MonoScript,UICourseInfo,,80,
data.unity3d,430,MonoScript,UIDynamicImageSwitcherBase,,112,
data.unity3d,431,MonoScript,MapObjBlockScaleDokan,,104,
data.unity3d,432,MonoScript,SakashoInventoryNewFlag,,100,
data.unity3d,433,MonoScript,CameraModuleBase,,88,
data.unity3d,434,MonoScript,UIErrorDialogSettings,,104,
data.unity3d,435,MonoScript,RaceEventTimeLimitBossManager,,120,
data.unity3d,436,MonoScript,RaceEventManagerBase,,96,
data.unity3d,437,MonoScript,AkDeviceDescriptionArray,,100,
data.unity3d,438,MonoScript,UILoopBuretteList,,96,
data.unity3d,439,MonoScript,SakashoAnalyticsTeamRace,,104,
data.unity3d,440,MonoScript,ItemObjDirectorBase,,96,
data.unity3d,441,MonoScript,IAssemblyWrapper,,120,
data.unity3d,442,MonoScript,CommonTypes,,108,
data.unity3d,443,MonoScript,FrameworkLateUpdate,,96,
data.unity3d,444,MonoScript,MapObjGlideCannonMobsi,,104,
data.unity3d,445,MonoScript,nat_Types,,96,
data.unity3d,446,MonoScript,UtilDeepCopy,,68,
data.unity3d,447,MonoScript,UINetPlayResultList,,96,
data.unity3d,448,MonoScript,UIMainMenuItemInfo,,96,
data.unity3d,449,MonoScript,UIAudioUtilAction,,96,
data.unity3d,450,MonoScript,UIExitRaceAction,,88,
data.unity3d,451,MonoScript,UIRetryRaceAction,,96,
data.unity3d,452,MonoScript,UtilRouteUpdater,,84,
data.unity3d,453,MonoScript,SakashoStorageKeys,,100,
data.unity3d,454,MonoScript,DebugMessageStyleRectDrawer,,112,
data.unity3d,455,MonoScript,Exception,,96,
data.unity3d,456,MonoScript,ScriptableItemParamKouraB,,112,
data.unity3d,457,MonoScript,UIResetLeagueShopNewFlagAction,,120,
data.unity3d,458,MonoScript,MinMaxAttribute,,120,
data.unity3d,459,MonoScript,RaceTourEndingParadeTelopManager,,120,
data.unity3d,460,MonoScript,ScriptableCameraCollision,,112,
data.unity3d,461,MonoScript,SystemCrashreportManager,,104,
data.unity3d,462,MonoScript,AudioObjBgmRaceCmnMode,,104,
data.unity3d,463,MonoScript,ItemScaleAnim,,88,
data.unity3d,464,MonoScript,MapObjMarutaJA,,88,
data.unity3d,465,MonoScript,TimeControlPlayable,,112,
data.unity3d,466,MonoScript,AudioUtil,,80,
data.unity3d,467,MonoScript,IntegrityManager,,116,
data.unity3d,468,MonoScript,UICupRaceIndexDynamicMessage,,112,
data.unity3d,469,MonoScript,ILayerable,,96,
data.unity3d,470,MonoScript,SakashoStorageStockSeasonRankPointTicket,,140,
data.unity3d,471,MonoScript,UITreasureBoxPickupList,,104,
data.unity3d,472,MonoScript,MapObjBoots,,80,
data.unity3d,473,MonoScript,OpenCloseObject,,88,
data.unity3d,474,MonoScript,UIScrollViewFooter,,96,
data.unity3d,475,MonoScript,GridShape,,80,
data.unity3d,476,MonoScript,KartBoundingBox,,88,
data.unity3d,477,MonoScript,NavMeshModifier,,108,
data.unity3d,478,MonoScript,MapObjStdMover,,88,
data.unity3d,479,MonoScript,RaceAnalyticsItemSlotTicketRecorder,,116,
data.unity3d,480,MonoScript,UIChangedEventNewFlagEvent,,112,
data.unity3d,481,MonoScript,BaseInputModule,,108,
data.unity3d,482,MonoScript,ShelpFriendCandidatesPager,,112,
data.unity3d,483,MonoScript,UIDecideAction,,88,
data.unity3d,484,MonoScript,SakashoStorageUserRankAccessor,,120,
data.unity3d,485,MonoScript,TimelineUndo,,96,
data.unity3d,486,MonoScript,GyroResetAction,,88,
data.unity3d,487,MonoScript,ScriptableItemParamKouraCommon,,120,
data.unity3d,488,MonoScript,ToggleSetterAction,,96,
data.unity3d,489,MonoScript,ScriptableItemComponentParabolic,,120,
data.unity3d,490,MonoScript,MapObjForceCalculator,,104,
data.unity3d,491,MonoScript,Array,,76,
data.unity3d,492,MonoScript,SakashoEventRaceFestivalManager,,120,
data.unity3d,493,MonoScript,UIMainMenuTreasureBoxRestTimeDynamicMessage,,144,
data.unity3d,494,MonoScript,GraphicEngine,,88,
data.unity3d,495,MonoScript,TMP_SpriteCharacter,,104,
data.unity3d,496,MonoScript,EffectKartScreen,,88,
data.unity3d,497,MonoScript,RemoteTestResultSender,,152,
data.unity3d,498,MonoScript,UtilStopwatchScope,,80,
data.unity3d,499,MonoScript,ScriptableItemMtxKartL,,104,
data.unity3d,500,MonoScript,SakashoRaceRankRaceManager,,116,
data.unity3d,501,MonoScript,TMP_TextProcessingStack,,108,
data.unity3d,502,MonoScript,MiiController,,92,
data.unity3d,503,MonoScript,AnimationStartAndUpdateVector2Value,,128,
data.unity3d,504,MonoScript,ItemObjStateOnly,,88,
data.unity3d,505,MonoScript,UIFriendInviteList,,96,
data.unity3d,506,MonoScript,IMaterialModifier,,108,
data.unity3d,507,MonoScript,IOverrideMessageId,,96,
data.unity3d,508,MonoScript,TMP_Compatibility,,104,
data.unity3d,509,MonoScript,AkSerializedCallbackHeader,,108,
data.unity3d,510,MonoScript,SakashoVirtualCurrencyDefine,,108,
data.unity3d,511,MonoScript,AkSoundEngine.extensions,,92,
data.unity3d,512,MonoScript,ShelpDefine,,80,
data.unity3d,513,MonoScript,ActivationTrack,,104,
data.unity3d,514,MonoScript,SakashoProductEventShop,,112,
data.unity3d,515,MonoScript,UIPlayerNameList,,88,
data.unity3d,516,MonoScript,DebugDefine,,84,
data.unity3d,517,MonoScript,DtPartsUnit,,92,
data.unity3d,518,MonoScript,FrameworkSceneRoot,,96,
data.unity3d,519,MonoScript,UISetNameEntryInteractable,,112,
data.unity3d,520,MonoScript,MapObjMound,,88,
data.unity3d,521,MonoScript,UICommonDialogSettingLoader,,112,
data.unity3d,522,MonoScript,ItemObjCoin,,80,
data.unity3d,523,MonoScript,UICanUseLevelUpTicket,,104,
data.unity3d,524,MonoScript,ItemBitFlag,,92,
data.unity3d,525,MonoScript,MapObjBlockMovingRoad,,104,
data.unity3d,526,MonoScript,UIChangeRegionButton,,96,
data.unity3d,527,MonoScript,UIUpdateRaceRankEvent,,104,
data.unity3d,528,MonoScript,UISpriteLoader,,88,
data.unity3d,529,MonoScript,ScriptableKartParamGroundAbility,,120,
data.unity3d,530,MonoScript,ShelpSubscriptionPurchase,,108,
data.unity3d,531,MonoScript,SeadTaskParameter,,92,
data.unity3d,532,MonoScript,UIDlgTutorialBattle,,96,
data.unity3d,533,MonoScript,DebugWebView,,88,
data.unity3d,534,MonoScript,UINewsCategoryDynamicMessage,,112,
data.unity3d,535,MonoScript,EventInterfaces,,112,
data.unity3d,536,MonoScript,ShelpGiftablePlayerResourceAccessor,,124,
data.unity3d,537,MonoScript,SakashoProductTreasureBoxLocal,,132,
data.unity3d,538,MonoScript,ItemP2PConfig,,88,
data.unity3d,539,MonoScript,UIDynamicSettingToggleItemImageLoader,,136,
data.unity3d,540,MonoScript,UIDynamicImageIntLoaderBase,,112,
data.unity3d,541,MonoScript,DynamicRigInitProperty,,116,
data.unity3d,542,MonoScript,UITutorialDriverSelectAnim,,112,
data.unity3d,543,MonoScript,ItemAssetHolder,,88,
data.unity3d,544,MonoScript,WebViewObject,,96,
data.unity3d,545,MonoScript,ScriptableKartWing,,96,
data.unity3d,546,MonoScript,UIRaceStartButton,,96,
data.unity3d,547,MonoScript,CoroutineRunner,,120,
data.unity3d,548,MonoScript,UIMainMenuItemDataList,,104,
data.unity3d,549,MonoScript,SnsTwitterUserData,,88,
data.unity3d,550,MonoScript,SakashoDirector,,88,
data.unity3d,551,MonoScript,UtilErrorCodePia,,84,
data.unity3d,552,MonoScript,UICbtDisableObject,,96,
data.unity3d,553,MonoScript,SakashoProductSpecialOfferManager,,136,
data.unity3d,554,MonoScript,AndroidReceivedNotificationMainThreadDispatcher,,188,
data.unity3d,555,MonoScript,UIRaceMapIcon,,88,
data.unity3d,556,MonoScript,MapObjDrawBridgeBase,,96,
data.unity3d,557,MonoScript,SakashoSeasonEndingManager,,112,
data.unity3d,558,MonoScript,PayloadContainer,,100,
data.unity3d,559,MonoScript,SpriteState,,92,
data.unity3d,560,MonoScript,AndroidNotificationIntentData,,156,
data.unity3d,561,MonoScript,UIEngine,,72,
data.unity3d,562,MonoScript,SakashoProductNominatedProductManager,,144,
data.unity3d,563,MonoScript,ScriptableMeshes,,76,
data.unity3d,564,MonoScript,RaycasterManager,,108,
data.unity3d,565,MonoScript,RestoreTestContextAfterDomainReload,,180,
data.unity3d,566,MonoScript,SeadTreeNode,,76,
data.unity3d,567,MonoScript,UIClearIconParent,,96,
data.unity3d,568,MonoScript,CameraDirector,,88,
data.unity3d,569,MonoScript,MapObjStartGateCmn,,96,
data.unity3d,570,MonoScript,SakashoStorageSerializableCustomize,,140,
data.unity3d,571,MonoScript,AkMusicSettings,,84,
data.unity3d,572,MonoScript,SpriteListResourceLoadObject,,112,
data.unity3d,573,MonoScript,FrameworkGame,,88,
data.unity3d,574,MonoScript,TMP_Settings,,88,
data.unity3d,575,MonoScript,SakashoAnalyticsLoginBonus,,124,
data.unity3d,576,MonoScript,CollisionDataGndMaterial,,104,
data.unity3d,577,MonoScript,ItemShadowDirector,,96,
data.unity3d,578,MonoScript,UICupCourseList,,88,
data.unity3d,579,MonoScript,StaticMethodValueSource,,104,
data.unity3d,580,MonoScript,UIFriendNewObject,,96,
data.unity3d,581,MonoScript,UILevelMeterStateDynamicMessage,,120,
data.unity3d,582,MonoScript,TextNumberList,,88,
data.unity3d,583,MonoScript,ItemCommonBase,,88,
data.unity3d,584,MonoScript,SakashoPvPBattleRuleSchedule,,116,
data.unity3d,585,MonoScript,UtilErrorCodeCSharpException,,108,
data.unity3d,586,MonoScript,PlaymodeTestsControllerSettings,,156,
data.unity3d,587,MonoScript,VectorscopeMonitor,,128,
data.unity3d,588,MonoScript,ToggleEx,,72,
data.unity3d,589,MonoScript,TMP_FontFeaturesCommon,,108,
data.unity3d,590,MonoScript,UIScreenDestroyEventActionTrigger,,112,
data.unity3d,591,MonoScript,AkInitSettings,,84,
data.unity3d,592,MonoScript,UnRegisterGraphicRegistry,,112,
data.unity3d,593,MonoScript,SakashoInventoryDefine,,100,
data.unity3d,594,MonoScript,UIScreenOpenedEventActionTrigger,,120,
data.unity3d,595,MonoScript,UIFriendGreetCoinBalloon,,104,
data.unity3d,596,MonoScript,UIToggleActionInRace,,96,
data.unity3d,597,MonoScript,MessageSetter,,88,
data.unity3d,598,MonoScript,GraphicKartArrow,,88,
data.unity3d,599,MonoScript,RaceAnalyticsSpareTireRecorder,,108,
data.unity3d,600,MonoScript,transport_StreamBroadcastReliableProtocol,,152,
data.unity3d,601,MonoScript,MaximumLogTypeCounter,,108,
data.unity3d,602,MonoScript,PostProcessAttribute,,128,
data.unity3d,603,MonoScript,UIGreetCoinSendAction,,104,
data.unity3d,604,MonoScript,TaskOnFailureListener,,128,
data.unity3d,605,MonoScript,ShelpIzumoAccessor,,92,
data.unity3d,606,MonoScript,ItemObjBase,,80,
data.unity3d,607,MonoScript,SyncProtocolNative,,104,
data.unity3d,608,MonoScript,UIVariableTagManager,,96,
data.unity3d,609,MonoScript,AudioBehaviorButton,,96,
data.unity3d,610,MonoScript,String,,76,
data.unity3d,611,MonoScript,MapObjBlockScale_,,92,
data.unity3d,612,MonoScript,UIPurchaseCompleteAction,,104,
data.unity3d,613,MonoScript,Framework,,80,
data.unity3d,614,MonoScript,NabeWaiter,,76,
data.unity3d,615,MonoScript,KartVehicleMove,,88,
data.unity3d,616,MonoScript,UIRankingLeagueChangeDynamicMessage,,128,
data.unity3d,617,MonoScript,SakashoAnalyticsP2PRace,,108,
data.unity3d,618,MonoScript,PiaPlugin_CommunicationAnalysisDataNative,,148,
data.unity3d,619,MonoScript,ScriptableItemComponentSensorReactor,,128,
data.unity3d,620,MonoScript,AssetHolder,,80,
data.unity3d,621,MonoScript,MapObjGoat,,80,
data.unity3d,622,MonoScript,MapUnitUtil,,80,
data.unity3d,623,MonoScript,ShelpLoginBonusLoginBonusData,,120,
data.unity3d,624,MonoScript,AIItemGhost,,80,
data.unity3d,625,MonoScript,UISaveSettingAction,,96,
data.unity3d,626,MonoScript,NetworkSynchronizerSlotPermission,,128,
data.unity3d,627,MonoScript,GraphicShadowEyeTexture,,104,
data.unity3d,628,MonoScript,MarkerTrack,,96,
data.unity3d,629,MonoScript,LayoutGroupEx,,88,
data.unity3d,630,MonoScript,UINotificationInfo,,96,
data.unity3d,631,MonoScript,Scrollbar,,92,
data.unity3d,632,MonoScript,PlayGamesScore,,104,
data.unity3d,633,MonoScript,ItemObjFireBall,,88,
data.unity3d,634,MonoScript,UIEventManager,,88,
data.unity3d,635,MonoScript,MapObjVanishItemWall,,96,
data.unity3d,636,MonoScript,UICost,,72,
data.unity3d,637,MonoScript,RadialBlur,,112,
data.unity3d,638,MonoScript,RaceEventCoinManager,,96,
data.unity3d,639,MonoScript,UIChangedInventoryEvent,,104,
data.unity3d,640,MonoScript,AkObjectInfoArray,,92,
data.unity3d,641,MonoScript,UIInitializeSequence,,96,
data.unity3d,642,MonoScript,UISubInfoButton,,88,
data.unity3d,643,MonoScript,ScrollLoopItemInterface,,96,
data.unity3d,644,MonoScript,UIRaceHudBase,,88,
data.unity3d,645,MonoScript,UtilEventSystemIObservable,,96,
data.unity3d,646,MonoScript,DebugEngine,,80,
data.unity3d,647,MonoScript,UIRacePlayItem,,88,
data.unity3d,648,MonoScript,UIFestivalTeamSelectScreen,,112,
data.unity3d,649,MonoScript,ItemObjBomhei,,88,
data.unity3d,650,MonoScript,UIAutoModeComponent,,96,
data.unity3d,651,MonoScript,UIGraphicTextSettings,,104,
data.unity3d,652,MonoScript,CollisionGndColProperty,,104,
data.unity3d,653,MonoScript,OpenCloseObjectClosingEvent,,112,
data.unity3d,654,MonoScript,UIRefreshPickUpShopScreen,,112,
data.unity3d,655,MonoScript,UIButtonBase,,80,
data.unity3d,656,MonoScript,UIDynamicNetPlayLobbyContentBaseImageSwitcher,,152,
data.unity3d,657,MonoScript,SynchronizedScaleAnimationManagerSettings,,144,
data.unity3d,658,MonoScript,UIRankingInfo,,88,
data.unity3d,659,MonoScript,pia_Result,,88,
data.unity3d,660,MonoScript,DummyClient,,104,
data.unity3d,661,MonoScript,UIBingoChallengeCellList,,104,
data.unity3d,662,MonoScript,ItemAreaManager,,88,
data.unity3d,663,MonoScript,NetworkLobbyManager,,96,
data.unity3d,664,MonoScript,ShelpShelp,,84,
data.unity3d,665,MonoScript,SimpleShape,,80,
data.unity3d,666,MonoScript,UIEventAimDynamicMessage,,104,
data.unity3d,667,MonoScript,UIPvpWaitUITipsRandomMatchDynamicMessage,,136,
data.unity3d,668,MonoScript,ScriptableKartGearBox,,104,
data.unity3d,669,MonoScript,UIChangedCanvasScalerEvent,,112,
data.unity3d,670,MonoScript,ShelpSubscriptionProduct,,104,
data.unity3d,671,MonoScript,MemberIdList,,80,
data.unity3d,672,MonoScript,UITreasureBoxReasonDynamicMessage,,128,
data.unity3d,673,MonoScript,SakashoSubscriptionContinuationBonus,,128,
data.unity3d,674,MonoScript,UIMissionTitleDynamicMessage,,112,
data.unity3d,675,MonoScript,UIUnlinkFacebookAction,,104,
data.unity3d,676,MonoScript,UIPickupProductList,,96,
data.unity3d,677,MonoScript,MapObjPillarStone,,96,
data.unity3d,678,MonoScript,LapDistanceUtGetter,,96,
data.unity3d,679,MonoScript,FieldReturnPoint,,84,
data.unity3d,680,MonoScript,TouchInputModule,,108,
data.unity3d,681,MonoScript,NGCallbackHelper,,116,
data.unity3d,682,MonoScript,GyroAttitude,,80,
data.unity3d,683,MonoScript,ScriptableItemComponentCalcScale,,120,
data.unity3d,684,MonoScript,MapObjBurner,,80,
data.unity3d,685,MonoScript,TMP_InputField,,96,
data.unity3d,686,MonoScript,SakashoStorageCustomizeKartSet,,120,
data.unity3d,687,MonoScript,GraphicShadowReceiver,,104,
data.unity3d,688,MonoScript,ItemLimitation,,88,
data.unity3d,689,MonoScript,UIFriendCodeShareDynamicMessage,,120,
data.unity3d,690,MonoScript,TestActionCommand,,124,
data.unity3d,691,MonoScript,SakashoInventoryLotteryTicket,,132,
data.unity3d,692,MonoScript,PostProcessEffectSettings,,144,
data.unity3d,693,MonoScript,UtilErrorCodeNabe,,92,
data.unity3d,694,MonoScript,UITreasureBoxListItem,,104,
data.unity3d,695,MonoScript,UIRestTimeSetTarget,,96,
data.unity3d,696,MonoScript,SakashoFestivalRewardSettings,,124,
data.unity3d,697,MonoScript,AssemblyWrapper,,120,
data.unity3d,698,MonoScript,SeadDisposer,,76,
data.unity3d,699,MonoScript,ItemComponentAnimator,,104,
data.unity3d,700,MonoScript,transport_TransportAnalysisData,,132,
data.unity3d,701,MonoScript,DebugScriptableCameraDebugFree,,120,
data.unity3d,702,MonoScript,GearUtilMath,,72,
data.unity3d,703,MonoScript,ShelpRankRacePlayerCourseScoreSummary,,132,
data.unity3d,704,MonoScript,MapObjReflectionProbeHelper,,112,
data.unity3d,705,MonoScript,SeadRuntimeTypeInfo,,108,
data.unity3d,706,MonoScript,SeadTaskMgr,,76,
data.unity3d,707,MonoScript,AudioAnimationDefault,,104,
data.unity3d,708,MonoScript,SakashoAsyncTaskContext,,104,
data.unity3d,709,MonoScript,SakashoMiiLocalStorageIconCache,,132,
data.unity3d,710,MonoScript,GraphicDriverMotionState,,104,
data.unity3d,711,MonoScript,SakashoStoragePrivateAccount,,116,
data.unity3d,712,MonoScript,UIP2PQuitSessionAction,,104,
data.unity3d,713,MonoScript,UIChallengeSheetListItem,,104,
data.unity3d,714,MonoScript,KartBodyDriverTextureSettings,,120,
data.unity3d,715,MonoScript,ReverseCircleShape,,96,
data.unity3d,716,MonoScript,MapObjHotSpring,,88,
data.unity3d,717,MonoScript,RumbleManager,,88,
data.unity3d,718,MonoScript,UtilErrorCodeNabeUniqueIterator,,116,
data.unity3d,719,MonoScript,UITreasureBoxPickupListItem,,112,
data.unity3d,720,MonoScript,ToggleGroup,,92,
data.unity3d,721,MonoScript,Vertices,,76,
data.unity3d,722,MonoScript,OutOfOrderExpectedLogMessageException,,172,
data.unity3d,723,MonoScript,InputVirtualStickManager,,104,
data.unity3d,724,MonoScript,UIPartsPowerUpContentTitleDynamicMessage,,136,
data.unity3d,725,MonoScript,PlayCoreStandardIntegrityManager,,156,
data.unity3d,726,MonoScript,SakashoSequenceRequestChecker,,112,
data.unity3d,727,MonoScript,MapObjGlideCannonSF,,96,
data.unity3d,728,MonoScript,NotificationScheduling,,128,
data.unity3d,729,MonoScript,UICupListBuretteList,,96,
data.unity3d,730,MonoScript,UIRestCountDynamicMessage,,112,
data.unity3d,731,MonoScript,HorizontalLayoutGroup,,116,
data.unity3d,732,MonoScript,IBreadcrumbs,,84,
data.unity3d,733,MonoScript,LayoutElement,,100,
data.unity3d,734,MonoScript,NetworkDataMiscEvent,,96,
data.unity3d,735,MonoScript,UISetActiveTutorialSequenceComponent,,128,
data.unity3d,736,MonoScript,ItemObjBananaBig,,88,
data.unity3d,737,MonoScript,UIFeverEndEvent,,88,
data.unity3d,738,MonoScript,GPGSIds,,84,
data.unity3d,739,MonoScript,TMP_Style,,88,
data.unity3d,740,MonoScript,SakashoAnalyticsRace,,104,
data.unity3d,741,MonoScript,StateMachineBehaviourEventLog,,120,
data.unity3d,742,MonoScript,UICupOptionButtonDynamicMessage,,120,
data.unity3d,743,MonoScript,UIStarList,,80,
data.unity3d,744,MonoScript,PostProcessResources,,128,
data.unity3d,745,MonoScript,UIFestivalTeamTotalScore,,104,
data.unity3d,746,MonoScript,AndroidEventsClient,,120,
data.unity3d,747,MonoScript,UIResetTreasureBoxAction,,104,
data.unity3d,748,MonoScript,PostProcessDebugLayer,,136,
data.unity3d,749,MonoScript,UICostButtonDynamicMessage,,112,
data.unity3d,750,MonoScript,CameraCameraMode,,88,
data.unity3d,751,MonoScript,UIRacePreparePowerUpContent,,112,
data.unity3d,752,MonoScript,UIEventTitleDynamicMessage,,112,
data.unity3d,753,MonoScript,UITreasureBoxShopInfo,,104,
data.unity3d,754,MonoScript,ScriptableAI,,80,
data.unity3d,755,MonoScript,AudioEngine,,80,
data.unity3d,756,MonoScript,Mask,,76,
data.unity3d,757,MonoScript,UILeagueShopProductList,,104,
data.unity3d,758,MonoScript,SakashoStorageStockWappenSheetPageRight,,140,
data.unity3d,759,MonoScript,TMP_DefaultControls,,104,
data.unity3d,760,MonoScript,LightMeterMonitor,,128,
data.unity3d,761,MonoScript,MapObjTrampolineKinoko,,104,
data.unity3d,762,MonoScript,SakashoSubscriptionStatus,,120,
data.unity3d,763,MonoScript,ContentSizeFitter,,108,
data.unity3d,764,MonoScript,SakashoIntentionalPushNotificationManager,,144,
data.unity3d,765,MonoScript,Extrapolation,,104,
data.unity3d,766,MonoScript,RaceScoreRecorderBattle,,104,
data.unity3d,767,MonoScript,FieldFogChanger,,88,
data.unity3d,768,MonoScript,MapObjArrowSignSfcrr,,96,
data.unity3d,769,MonoScript,RaceLapRankChecker,,96,
data.unity3d,770,MonoScript,AkAndroidSettings,,92,
data.unity3d,771,MonoScript,UIMainSkillHolderDetailDynamicMessage,,136,
data.unity3d,772,MonoScript,NabeFile,,68,
data.unity3d,773,MonoScript,TextContainer,,96,
data.unity3d,774,MonoScript,Vector4EqualityComparer,,136,
data.unity3d,775,MonoScript,AndroidClient,,112,
data.unity3d,776,MonoScript,UIFloatingDropdownPosition,,112,
data.unity3d,777,MonoScript,AndroidSnapshotMetadata,,128,
data.unity3d,778,MonoScript,AndroidNotificationCenter,,148,
data.unity3d,779,MonoScript,UIScreenPathTable,,96,
data.unity3d,780,MonoScript,RectMask2D,,92,
data.unity3d,781,MonoScript,AkGameObjListenerList,,100,
data.unity3d,782,MonoScript,UIPartsSkillLevel,,96,
data.unity3d,783,MonoScript,EffectParameter,,88,
data.unity3d,784,MonoScript,KartVehicleTrick,,88,
data.unity3d,785,MonoScript,UIEventMenuBase,,88,
data.unity3d,786,MonoScript,SakashoProductManager,,104,
data.unity3d,787,MonoScript,AudioSubSceneRaceBase,,104,
data.unity3d,788,MonoScript,UINewsInfo,,80,
data.unity3d,789,MonoScript,UIProfileRecordHeadDynamicMessage,,128,
data.unity3d,790,MonoScript,ChildCapture,,80,
data.unity3d,791,MonoScript,UpdateRule,,80,
data.unity3d,792,MonoScript,UIRaceScoreListItem,,96,
data.unity3d,793,MonoScript,TestCommandPcHelper,,124,
data.unity3d,794,MonoScript,UIPurchaseSpecialOfferAction,,112,
data.unity3d,795,MonoScript,transport_ReliableProtocol,,120,
data.unity3d,796,MonoScript,ItemComponentPath,,96,
data.unity3d,797,MonoScript,UIWeeklyEventShopDescriptionDynamicMessage,,144,
data.unity3d,798,MonoScript,ColorTable,,84,
data.unity3d,799,MonoScript,NetSessionSearchCriteriaNative,,128,
data.unity3d,800,MonoScript,ItemDebug,,80,
data.unity3d,801,MonoScript,ToggleActive,,80,
data.unity3d,802,MonoScript,UISetScreenOrientationAction,,112,
data.unity3d,803,MonoScript,LocalSaveDataManager,,96,
data.unity3d,804,MonoScript,TMP_ScrollbarEventHandler,,120,
data.unity3d,805,MonoScript,ILogScope,,116,
data.unity3d,806,MonoScript,ShelpEventRaceTermInfo,,96,
data.unity3d,807,MonoScript,NetworkReceiveRecorder,,104,
data.unity3d,808,MonoScript,AkSoundEngine,,84,
data.unity3d,809,MonoScript,UILeagueIcon,,80,
data.unity3d,810,MonoScript,FieldFlareChanger,,96,
data.unity3d,811,MonoScript,RaycastResult,,108,
data.unity3d,812,MonoScript,EnumerableTestState,,124,
data.unity3d,813,MonoScript,UIPrivateAnnouncementNewObject,,120,
data.unity3d,814,MonoScript,UISaveDeleteConfirm,,96,
data.unity3d,815,MonoScript,EffectItemObjTrigger,,96,
data.unity3d,816,MonoScript,UIStoreJumpAction,,96,
data.unity3d,817,MonoScript,AudioObjDirector,,92,
data.unity3d,818,MonoScript,NavMeshModifierVolume,,124,
data.unity3d,819,MonoScript,RaceEventInputMirrorManager,,112,
data.unity3d,820,MonoScript,CameraSync,,80,
data.unity3d,821,MonoScript,UIWebViewScreen,,88,
data.unity3d,822,MonoScript,NabeCatalog,,76,
data.unity3d,823,MonoScript,UIRaceItemSlotMaskCircle,,104,
data.unity3d,824,MonoScript,MapObjDotCircle,,88,
data.unity3d,825,MonoScript,SakashoStorageTransactionSaver,,120,
data.unity3d,826,MonoScript,EventShopProductTestCase,,104,
data.unity3d,827,MonoScript,MapObjAnchor,,80,
data.unity3d,828,MonoScript,MapUnitPathLap,,88,
data.unity3d,829,MonoScript,ILayoutElement,,100,
data.unity3d,830,MonoScript,UtilVfrFrameCounter,,92,
data.unity3d,831,MonoScript,UIDynamicMainMenuEmphasisIconImageLoader,,136,
data.unity3d,832,MonoScript,transport_StationManager,,116,
data.unity3d,833,MonoScript,UISeasonExtraXSetting,,104,
data.unity3d,834,MonoScript,SakashoStoragePlacesHolder,,120,
data.unity3d,835,MonoScript,SakashoAnalyticsWebView,,108,
data.unity3d,836,MonoScript,IClipRegion,,88,
data.unity3d,837,MonoScript,UINetPlayLobbyList1,,96,
data.unity3d,838,MonoScript,KartSteerAssist,,88,
data.unity3d,839,MonoScript,UIEventParadeSnapConditionDynamicMessage,,136,
data.unity3d,840,MonoScript,ScriptableKartTire,,96,
data.unity3d,841,MonoScript,GraphicDriverMotionStateRequestQueue,,128,
data.unity3d,842,MonoScript,DebugLuaProfileManager,,104,
data.unity3d,843,MonoScript,Colors,,76,
data.unity3d,844,MonoScript,UIDynamicClearStatusImageLoader,,120,
data.unity3d,845,MonoScript,SakashoMasterPartsSkillLevelTable,,120,
data.unity3d,846,MonoScript,BaseDelegator,,132,
data.unity3d,847,MonoScript,UISpriteListsHolderLoader,,112,
data.unity3d,848,MonoScript,UnmanagedMemoryManager,,116,
data.unity3d,849,MonoScript,EnumPriorityAttribute,,104,
data.unity3d,850,MonoScript,TestMustExpectAllLogsAttribute,,148,
data.unity3d,851,MonoScript,IFilterable,,84,
data.unity3d,852,MonoScript,UIPickUpShopSpecialOfferList,,112,
data.unity3d,853,MonoScript,AkEventPlayableBehavior,,100,
data.unity3d,854,MonoScript,GenericDynamicMessage,,104,
data.unity3d,855,MonoScript,LoadingScreen,,120,
data.unity3d,856,MonoScript,SakashoProductMiiSuitShop,,112,
data.unity3d,857,MonoScript,UIP2PErrorAction,,88,
data.unity3d,858,MonoScript,AudioObjSeSys,,88,
data.unity3d,859,MonoScript,GearUtilProfileObjectLatest,,112,
data.unity3d,860,MonoScript,ITestRunCallback,,116,
data.unity3d,861,MonoScript,UIRankingDetailCourse,,104,
data.unity3d,862,MonoScript,UIRarityDynamicMessage,,104,
data.unity3d,863,MonoScript,GraphicGessoInkShaderProperties,,120,
data.unity3d,864,MonoScript,SakashoProductBoost,,92,
data.unity3d,865,MonoScript,SakashoP2PEventRaceManager,,112,
data.unity3d,866,MonoScript,FontUpdateTracker,,108,
data.unity3d,867,MonoScript,AudioFocusManager,,96,
data.unity3d,868,MonoScript,UIVisibleSetter,,88,
data.unity3d,869,MonoScript,SingleDataHolder,,88,
data.unity3d,870,MonoScript,UIPartsItemSpecialSkillList,,112,
data.unity3d,871,MonoScript,NetworkSynchronizerTime,,104,
data.unity3d,872,MonoScript,GraphicKartPartsReplaceMaterialInfo,,128,
data.unity3d,873,MonoScript,ItemComponentScale,,96,
data.unity3d,874,MonoScript,DebugScriptableDeviceIdentifier,,120,
data.unity3d,875,MonoScript,AIItemBattle,,80,
data.unity3d,876,MonoScript,DemoCameraTargetKart,,96,
data.unity3d,877,MonoScript,IAIModule,,80,
data.unity3d,878,MonoScript,UIGetItemSequence,,96,
data.unity3d,879,MonoScript,UIUserRankChangerMulti,,104,
data.unity3d,880,MonoScript,RaceUIManager,,88,
data.unity3d,881,MonoScript,UIDialogBackground,,96,
data.unity3d,882,MonoScript,AkTriggerCollisionEnter,,100,
data.unity3d,883,MonoScript,SakashoProfanityWordManager,,112,
data.unity3d,884,MonoScript,session_Session,,100,
data.unity3d,885,MonoScript,InputModuleEx,,88,
data.unity3d,886,MonoScript,AkWindowsSettings,,92,
data.unity3d,887,MonoScript,UIMainMenuItemDataListItem,,112,
data.unity3d,888,MonoScript,ItemFeverProbabilityTable,,112,
data.unity3d,889,MonoScript,TrackAsset,,96,
data.unity3d,890,MonoScript,SakashoPlayerMiiData,,112,
data.unity3d,891,MonoScript,TargetPool,,112,
data.unity3d,892,MonoScript,ItemCoinUpManager,,96,
data.unity3d,893,MonoScript,QuaternionEqualityComparer,,144,
data.unity3d,894,MonoScript,EnumerableApplyChangesToContextCommand,,164,
data.unity3d,895,MonoScript,UtilNoGcStringBuilder,,100,
data.unity3d,896,MonoScript,PlayGamesLocalUser,,112,
data.unity3d,897,MonoScript,clone_ClockProtocol,,108,
data.unity3d,898,MonoScript,MemorySnapShot,,104,
data.unity3d,899,MonoScript,RailMoveHelper,,88,
data.unity3d,900,MonoScript,MessageInfoVisualizerItem,,112,
data.unity3d,901,MonoScript,UIPlayerListItem,,88,
data.unity3d,902,MonoScript,DynamicSingleMessageSetterBase,,120,
data.unity3d,903,MonoScript,PlayCoreStandardIntegrityTokenProvider,,172,
data.unity3d,904,MonoScript,SakashoInventoryData,,104,
data.unity3d,905,MonoScript,TMP_Asset,,88,
data.unity3d,906,MonoScript,SynchronizedScaleAnimation,,112,
data.unity3d,907,MonoScript,UILanguageDynamicMessage,,104,
data.unity3d,908,MonoScript,SakashoFriendNewFlag,,92,
data.unity3d,909,MonoScript,OpenCloseObjectOpenedEvent,,112,
data.unity3d,910,MonoScript,Il2cppUtils,,84,
data.unity3d,911,MonoScript,AkExtent,,68,
data.unity3d,912,MonoScript,SakashoMasterCourseAdvantage,,108,
data.unity3d,913,MonoScript,UIParadeSnapShutterEvent,,104,
data.unity3d,914,MonoScript,IUser,,76,
data.unity3d,915,MonoScript,Notification,,108,
data.unity3d,916,MonoScript,AkImageSourceSettings,,100,
data.unity3d,917,MonoScript,SakashoAnalyticsNominatedProduct,,124,
data.unity3d,918,MonoScript,ShelpPlayerStoragePlayerStorageBase,,120,
data.unity3d,919,MonoScript,UIBackButton,,80,
data.unity3d,920,MonoScript,UIDebugPrintAction,,96,
data.unity3d,921,MonoScript,UIP2PRaceRuleSetting,,96,
data.unity3d,922,MonoScript,UIRefreshNominatedProductListAction,,128,
data.unity3d,923,MonoScript,ResourceUtil,,80,
data.unity3d,924,MonoScript,UICupInfo,,80,
data.unity3d,925,MonoScript,NetworkSynchronizerFrameRateDelay,,128,
data.unity3d,926,MonoScript,UIItemLevelMeter,,88,
data.unity3d,927,MonoScript,Print,,68,
data.unity3d,928,MonoScript,KartVehicleBody,,88,
data.unity3d,929,MonoScript,GyroBackgroundUvMove,,96,
data.unity3d,930,MonoScript,PlayModeRunnerCallback,,152,
data.unity3d,931,MonoScript,UIPartsItemSkillListItem,,104,
data.unity3d,932,MonoScript,AISpeedBossKart,,88,
data.unity3d,933,MonoScript,AkDiffractionPathInfoArray,,108,
data.unity3d,934,MonoScript,CollisionBoxColManager,,104,
data.unity3d,935,MonoScript,UISkillLevelInfo,,88,
data.unity3d,936,MonoScript,SakashoRaceSeasonRankPointRewardReceiver,,136,
data.unity3d,937,MonoScript,ItemOwnerInput,,88,
data.unity3d,938,MonoScript,UISetResolutionAction,,104,
data.unity3d,939,MonoScript,KartTireInfo,,80,
data.unity3d,940,MonoScript,UIVirtualCurrencyShopInfo,,112,
data.unity3d,941,MonoScript,UILoginBonusInfo,,88,
data.unity3d,942,MonoScript,FrameworkSceneBoot,,96,
data.unity3d,943,MonoScript,UIFestivalEndingScreen,,104,
data.unity3d,944,MonoScript,SakashoRaceSeasonCup,,96,
data.unity3d,945,MonoScript,SakashoAchievementManager,,112,
data.unity3d,946,MonoScript,GraphicCustomEffectShaderProperties,,128,
data.unity3d,947,MonoScript,UIVirtualCurrencyShopItem,,112,
data.unity3d,948,MonoScript,RaceEventCountStampEnemyManager,,120,
data.unity3d,949,MonoScript,UIItemDataScrollLoopList,,104,
data.unity3d,950,MonoScript,SakashoProductPurchasable,,104,
data.unity3d,951,MonoScript,BugsnagSettingsObject,,108,
data.unity3d,952,MonoScript,UIMenuButtonItemTourGift,,104,
data.unity3d,953,MonoScript,ScrollRectEx,,80,
data.unity3d,954,MonoScript,ItemObjBanana,,88,
data.unity3d,955,MonoScript,TimelineAttributes,,116,
data.unity3d,956,MonoScript,AudioSubSceneRaceInner,,108,
data.unity3d,957,MonoScript,ScorePageToken,,112,
data.unity3d,958,MonoScript,ShelpAPIQueue,,84,
data.unity3d,959,MonoScript,MapObjHeyhoSkate,,88,
data.unity3d,960,MonoScript,AIStrategy,,80,
data.unity3d,961,MonoScript,SynchronizedAnimationImage,,112,
data.unity3d,962,MonoScript,ScriptableAnimatorPrefab,,104,
data.unity3d,963,MonoScript,UIDynamicOneHundredRaceRankImageLoader,,136,
data.unity3d,964,MonoScript,MapObjShellFish,,88,
data.unity3d,965,MonoScript,MapObjIronBall,,88,
data.unity3d,966,MonoScript,UIToggleItemList,,88,
data.unity3d,967,MonoScript,ScriptablePrefab,,88,
data.unity3d,968,MonoScript,UIPurchaseTreasureBoxProductAction,,128,
data.unity3d,969,MonoScript,ScriptableParadeFormation,,112,
data.unity3d,970,MonoScript,TextCutterFittingRect,,104,
data.unity3d,971,MonoScript,GraphicEnableSetTarget,,104,
data.unity3d,972,MonoScript,AkAudioInputManager,,92,
data.unity3d,973,MonoScript,AudioInnerUtil,,88,
data.unity3d,974,MonoScript,ScriptableItemComponentEffort,,120,
data.unity3d,975,MonoScript,UIDynamicImageBoolLoaderBase,,112,
data.unity3d,976,MonoScript,MethodParameter,,100,
data.unity3d,977,MonoScript,UITreasureBoxProductListItem,,112,
data.unity3d,978,MonoScript,UISeasonRankRewardInfo,,104,
data.unity3d,979,MonoScript,TilingSubtractiveColor,,136,
data.unity3d,980,MonoScript,UILocalizeFont,,88,
data.unity3d,981,MonoScript,ItemCollisionManager,,96,
data.unity3d,982,MonoScript,SeadTaskEvent,,84,
data.unity3d,983,MonoScript,ItemPhysics,,80,
data.unity3d,984,MonoScript,UIDynamicRetryButtonImageLoader,,120,
data.unity3d,985,MonoScript,Vignette,,104,
data.unity3d,986,MonoScript,MaskTextureRenderer,,100,
data.unity3d,987,MonoScript,TimelineCreateUtilities,,120,
data.unity3d,988,MonoScript,UtilErrorCodeIterator,,100,
data.unity3d,989,MonoScript,ItemObjSimple,,88,
data.unity3d,990,MonoScript,UISkillLevelAnimationSynchronize,,120,
data.unity3d,991,MonoScript,UIWaitingCoinForEntryComponent,,120,
data.unity3d,992,MonoScript,RaceEventP2PBossKoopaManager,,112,
data.unity3d,993,MonoScript,UtilExtension,,88,
data.unity3d,994,MonoScript,CollisionBoxCol,,80,
data.unity3d,995,MonoScript,UIRaceItemSlotAnimData,,104,
data.unity3d,996,MonoScript,EffectKartTire,,88,
data.unity3d,997,MonoScript,SakashoProductP2PTreasureManager,,128,
data.unity3d,998,MonoScript,RaceEventCountJumpActionManager,,120,
data.unity3d,999,MonoScript,UIPvpPinCodeShareDynamicMessage,,120,
data.unity3d,1000,MonoScript,AkBankCallbackInfo,,92,
data.unity3d,1001,MonoScript,ScriptEventActionTrigger,,104,
data.unity3d,1002,MonoScript,UIRestTime,,80,
data.unity3d,1003,MonoScript,UIDataRepairAction,,96,
data.unity3d,1004,MonoScript,KlResourceManager,,96,
data.unity3d,1005,MonoScript,UIMainMenuEmphasis,,96,
data.unity3d,1006,MonoScript,transport_PacketAnalysisData,,124,
data.unity3d,1007,MonoScript,UIFavoriteDriverList,,96,
data.unity3d,1008,MonoScript,ItemInnerUtil,,88,
data.unity3d,1009,MonoScript,IzumoSessionSearchCriteriaNative,,132,
data.unity3d,1010,MonoScript,SeadWarning,,76,
data.unity3d,1011,MonoScript,ShelpRarityBoxLotteryAccessor,,116,
data.unity3d,1012,MonoScript,PlayerConnectionMessageIds,,152,
data.unity3d,1013,MonoScript,ItalicVertex,,80,
data.unity3d,1014,MonoScript,NetworkSessionTokenHolder,,112,
data.unity3d,1015,MonoScript,UIWeeklyEventInfo,,96,
data.unity3d,1016,MonoScript,IAppWithState,,100,
data.unity3d,1017,MonoScript,AkWwiseTrigger,,84,
data.unity3d,1018,MonoScript,SakashoStorageSeasonRankInfo,,116,
data.unity3d,1019,MonoScript,ScriptableItemParamKouraBase,,112,
data.unity3d,1020,MonoScript,UIUserRankData,,88,
data.unity3d,1021,MonoScript,SizeToScale,,80,
data.unity3d,1022,MonoScript,ScriptableItemParamPath,,104,
data.unity3d,1023,MonoScript,AudioSubSceneResult,,96,
data.unity3d,1024,MonoScript,BaseRaycaster,,108,
data.unity3d,1025,MonoScript,ObjectBase,,80,
data.unity3d,1026,MonoScript,AkTrivialStdMovePolicy,,100,
data.unity3d,1027,MonoScript,NabeIHolder,,76,
data.unity3d,1028,MonoScript,ValueSetTarget,,88,
data.unity3d,1029,MonoScript,PiaPluginUtilNative,,96,
data.unity3d,1030,MonoScript,UtilShare,,64,
data.unity3d,1031,MonoScript,UIItemHitComponent,,96,
data.unity3d,1032,MonoScript,GearUtilProfileObjectEarliest,,120,
data.unity3d,1033,MonoScript,UICustomizeItemSelectList,,112,
data.unity3d,1034,MonoScript,MarkerList,,96,
data.unity3d,1035,MonoScript,AkSoundEngineInitialization,,108,
data.unity3d,1036,MonoScript,AudioSubEngine,,88,
data.unity3d,1037,MonoScript,Jni,,60,
data.unity3d,1038,MonoScript,SakashoRaceSeasonCupCourse,,108,
data.unity3d,1039,MonoScript,PlayGamesClientFactory,,120,
data.unity3d,1040,MonoScript,SnsTwitterException,,96,
data.unity3d,1041,MonoScript,RaceInfo,,72,
data.unity3d,1042,MonoScript,ScriptableKartParam,,96,
data.unity3d,1043,MonoScript,PrefabControlPlayable,,120,
data.unity3d,1044,MonoScript,UIPointWithMeter,,88,
data.unity3d,1045,MonoScript,PlayerTestAssemblyProvider,,144,
data.unity3d,1046,MonoScript,UIDynamicItemFrameImageLoader,,120,
data.unity3d,1047,MonoScript,UIMainMenuItemBalloons,,104,
data.unity3d,1048,MonoScript,ScriptableMapObj,,88,
data.unity3d,1049,MonoScript,Vector4ComparerWithEqualsOperator,,160,
data.unity3d,1050,MonoScript,Breadcrumbs,,84,
data.unity3d,1051,MonoScript,UIFinishComponent,,96,
data.unity3d,1052,MonoScript,RaceEventRecordGlideManager,,116,
data.unity3d,1053,MonoScript,GraphicRebuildTracker,,116,
data.unity3d,1054,MonoScript,KartReactProxy,,88,
data.unity3d,1055,MonoScript,TrackballAttribute,,128,
data.unity3d,1056,MonoScript,MergeInput,,80,
data.unity3d,1057,MonoScript,ObjectCounter,,88,
data.unity3d,1058,MonoScript,GraphicDriverDot,,88,
data.unity3d,1059,MonoScript,MapObjPillar,,80,
data.unity3d,1060,MonoScript,UIRaceItemSlotParts,,96,
data.unity3d,1061,MonoScript,AkSourceSettings,,84,
data.unity3d,1062,MonoScript,RectShape,,80,
data.unity3d,1063,MonoScript,reckoning_Reckoning1dProtocol,,128,
data.unity3d,1064,MonoScript,AkMemBankLoader,,84,
data.unity3d,1065,MonoScript,BoolChangeEvent,,88,
data.unity3d,1066,MonoScript,PluginVersion,,104,
data.unity3d,1067,MonoScript,RaceEventUtil,,84,
data.unity3d,1068,MonoScript,UIMultiLineStarList,,96,
data.unity3d,1069,MonoScript,MapObjPackunSmall,,96,
data.unity3d,1070,MonoScript,UIMainMenuTreasureBoxWaitItemInfo,,128,
data.unity3d,1071,MonoScript,TreasureBoxTestCase,,96,
data.unity3d,1072,MonoScript,UIBackAction,,80,
data.unity3d,1073,MonoScript,MapUnitPathGlide,,88,
data.unity3d,1074,MonoScript,ItemCommonResourceManager,,112,
data.unity3d,1075,MonoScript,SakashoStorageSettingList,,120,
data.unity3d,1076,MonoScript,MapObjCoin,,80,
data.unity3d,1077,MonoScript,UITreasureBoxAnalyticsLogAction,,120,
data.unity3d,1078,MonoScript,UIPickUpShopNominatedProductList,,120,
data.unity3d,1079,MonoScript,UIMiiManagementList,,96,
data.unity3d,1080,MonoScript,UILoadSettings,,88,
data.unity3d,1081,MonoScript,ScriptableItemComponentAudio,,112,
data.unity3d,1082,MonoScript,SakashoStorageCupCourseListStorageUtil,,136,
data.unity3d,1083,MonoScript,AkEarlyReflections,,92,
data.unity3d,1084,MonoScript,SeadTask,,68,
data.unity3d,1085,MonoScript,UIPartsPowerUp,,88,
data.unity3d,1086,MonoScript,RemoteTestResultDataWithTestData,,160,
data.unity3d,1087,MonoScript,ShelpInqueryAccessor,,104,
data.unity3d,1088,MonoScript,UIDynamicSpecialOfferImageLoader,,120,
data.unity3d,1089,MonoScript,MapObjBlockManhole,,96,
data.unity3d,1090,MonoScript,SetNeverSleepAction,,96,
data.unity3d,1091,MonoScript,UIChangedNominatedProductsEvent,,120,
data.unity3d,1092,MonoScript,SnsTwitterJsonBearerToken,,104,
data.unity3d,1093,MonoScript,ScriptableItemComponentGndCol,,120,
data.unity3d,1094,MonoScript,NabeCargo,,64,
data.unity3d,1095,MonoScript,ScriptableKartBody,,96,
data.unity3d,1096,MonoScript,UnityLogCheckDelegatingCommand,,172,
data.unity3d,1097,MonoScript,PostProcessBuild,,92,
data.unity3d,1098,MonoScript,Action,,72,
data.unity3d,1099,MonoScript,MapObjInterface,,84,
data.unity3d,1100,MonoScript,SakashoAnalyticsTourSummary,,124,
data.unity3d,1101,MonoScript,TMP_ResourcesManager,,104,
data.unity3d,1102,MonoScript,ControlPlayableAsset,,112,
data.unity3d,1103,MonoScript,UtilStopwatchSampler,,80,
data.unity3d,1104,MonoScript,SakashoAnalyticsFPSMeasurement,,116,
data.unity3d,1105,MonoScript,Bloom,,104,
data.unity3d,1106,MonoScript,UIDriverPartsListItemButton,,112,
data.unity3d,1107,MonoScript,RaceBackAlert,,88,
data.unity3d,1108,MonoScript,CollisionPrimCol,,88,
data.unity3d,1109,MonoScript,Drag,,64,
data.unity3d,1110,MonoScript,DebugScriptableDemoPromotionCamera,,128,
data.unity3d,1111,MonoScript,RailCache,,84,
data.unity3d,1112,MonoScript,UIWeeklyEventShopProductList,,112,
data.unity3d,1113,MonoScript,SakashoRaceRankRaceResult,,108,
data.unity3d,1114,MonoScript,ChangeToFalseEvent,,96,
data.unity3d,1115,MonoScript,UtilHistoryRecorder,,96,
data.unity3d,1116,MonoScript,ScriptableItemParamStraight,,112,
data.unity3d,1117,MonoScript,UIScrollArrows,,88,
data.unity3d,1118,MonoScript,ItemExplosionOwner,,96,
data.unity3d,1119,MonoScript,UIRankRaceEntry,,88,
data.unity3d,1120,MonoScript,ReliableProtocolNative,,116,
data.unity3d,1121,MonoScript,UtilVfrFloat,,76,
data.unity3d,1122,MonoScript,ShelpNintendoAccountAccessor,,112,
data.unity3d,1123,MonoScript,UIMiiSuitPointUpScreen,,104,
data.unity3d,1124,MonoScript,ScriptableItemComponentPosSetterKart,,128,
data.unity3d,1125,MonoScript,SakashoAnalyticsRaceTimeLogger,,132,
data.unity3d,1126,MonoScript,UIMainMenuHud,,88,
data.unity3d,1127,MonoScript,UIRaceItemSlotFrame,,96,
data.unity3d,1128,MonoScript,StationManagerNative,,112,
data.unity3d,1129,MonoScript,Wamp,,60,
data.unity3d,1130,MonoScript,UIMenuHudArea,,88,
data.unity3d,1131,MonoScript,UtilGalleryRenderer,,96,
data.unity3d,1132,MonoScript,UIPvpWaitUIDynamicMessage,,112,
data.unity3d,1133,MonoScript,SakashoStorageCustomize,,108,
data.unity3d,1134,MonoScript,TMP_Character,,96,
data.unity3d,1135,MonoScript,ItemOwnerSettingDefault,,104,
data.unity3d,1136,MonoScript,UIPvpEntryWinCountDynamicMessage,,120,
data.unity3d,1137,MonoScript,Severity,,88,
data.unity3d,1138,MonoScript,TMP_TextInfo,,88,
data.unity3d,1139,MonoScript,ItemObjSatelliteBase,,96,
data.unity3d,1140,MonoScript,GearUtilMtxT,,72,
data.unity3d,1141,MonoScript,MeshResource,,84,
data.unity3d,1142,MonoScript,MeshUtilities,,120,
data.unity3d,1143,MonoScript,ScriptableItemParamClass017,,112,
data.unity3d,1144,MonoScript,KartDriver,,80,
data.unity3d,1145,MonoScript,ScriptableItemAssetCatalog,,112,
data.unity3d,1146,MonoScript,ScriptableRaceScoreParam,,104,
data.unity3d,1147,MonoScript,ScriptableItemIdTable,,104,
data.unity3d,1148,MonoScript,UICoinRaceListItem,,96,
data.unity3d,1149,MonoScript,SeadFaderTask,,88,
data.unity3d,1150,MonoScript,SakashoStorageStockKartMachine,,120,
data.unity3d,1151,MonoScript,LogScope,,108,
data.unity3d,1152,MonoScript,LoadedImage,,84,
data.unity3d,1153,MonoScript,Vector3EqualityComparer,,136,
data.unity3d,1154,MonoScript,UIAuthorizeNintendoAccountAction,,120,
data.unity3d,1155,MonoScript,ITestSuiteModifier,,140,
data.unity3d,1156,MonoScript,StateMachineBehaviourUpdateEvent,,120,
data.unity3d,1157,MonoScript,NGMediaReceiveCallbackAndroid,,148,
data.unity3d,1158,MonoScript,MapObjBolt,,80,
data.unity3d,1159,MonoScript,UIRaceBackAction,,88,
data.unity3d,1160,MonoScript,SakashoPvPRuleScheduleManager,,120,
data.unity3d,1161,MonoScript,AkEventCallbackData,,92,
data.unity3d,1162,MonoScript,UIFeverStartChecker,,96,
data.unity3d,1163,MonoScript,UIPvpRandomMatchRuleDynamicMessage,,128,
data.unity3d,1164,MonoScript,AkSwitch,,68,
data.unity3d,1165,MonoScript,UtilDirectPrint,,72,
data.unity3d,1166,MonoScript,ILazyLoad,,80,
data.unity3d,1167,MonoScript,ScriptableKartParamVehicleMove,,120,
data.unity3d,1168,MonoScript,IMarker,,88,
data.unity3d,1169,MonoScript,AkTransform,,76,
data.unity3d,1170,MonoScript,UISpecialOfferTitleDynamicMessage,,128,
data.unity3d,1171,MonoScript,AkGameObj,,76,
data.unity3d,1172,MonoScript,MapObjCrashBox,,88,
data.unity3d,1173,MonoScript,MessagePackSakasho,,120,
data.unity3d,1174,MonoScript,AkTriggerEnter,,84,
data.unity3d,1175,MonoScript,UtilSystemExtension,,96,
data.unity3d,1176,MonoScript,ParentComponentValueSource,,112,
data.unity3d,1177,MonoScript,UIPremiumPassAttention00DynamicMessage,,136,
data.unity3d,1178,MonoScript,KartTreeTestCase,,88,
data.unity3d,1179,MonoScript,UIFavoritePartsSelectList,,112,
data.unity3d,1180,MonoScript,UtilArray,,64,
data.unity3d,1181,MonoScript,EffectCallBackManager,,96,
data.unity3d,1182,MonoScript,AkAcousticSurfaceArray,,100,
data.unity3d,1183,MonoScript,PropertySheet,,120,
data.unity3d,1184,MonoScript,transport_CommunicationAnalysisData,,140,
data.unity3d,1185,MonoScript,UIStarInfo,,80,
data.unity3d,1186,MonoScript,AudioBehaviorToggle,,96,
data.unity3d,1187,MonoScript,SurrogateFilter,,88,
data.unity3d,1188,MonoScript,Sleep,,76,
data.unity3d,1189,MonoScript,ItemOwnerCpu,,80,
data.unity3d,1190,MonoScript,EventValueSource,,88,
data.unity3d,1191,MonoScript,SakashoRankingScoreMetaData,,112,
data.unity3d,1192,MonoScript,SakashoAnnouncementInquiryNewFlag,,124,
data.unity3d,1193,MonoScript,IPrefabInstantiater,,96,
data.unity3d,1194,MonoScript,Button,,84,
data.unity3d,1195,MonoScript,SakashoMasterDescription,,112,
data.unity3d,1196,MonoScript,AkIterator,,76,
data.unity3d,1197,MonoScript,ScriptableEffect,,88,
data.unity3d,1198,MonoScript,AkEnvironmentPortal,,92,
data.unity3d,1199,MonoScript,MapObjTreeSpookyMoving,,104,
data.unity3d,1200,MonoScript,UIErrorDialog,,88,
data.unity3d,1201,MonoScript,UIRankingBalloon,,88,
data.unity3d,1202,MonoScript,UIChallengeSheetBingo,,104,
data.unity3d,1203,MonoScript,FrameworkSceneCreator,,104,
data.unity3d,1204,MonoScript,SakashoPagerBase,,80,
data.unity3d,1205,MonoScript,CircleShape,,80,
data.unity3d,1206,MonoScript,SystemUICaptureObject,,104,
data.unity3d,1207,MonoScript,UICommonDialog,,88,
data.unity3d,1208,MonoScript,MapObjJumpHelper,,88,
data.unity3d,1209,MonoScript,StandardIntegrityTokenRequest,,148,
data.unity3d,1210,MonoScript,ItemSlotResultParam,,96,
data.unity3d,1211,MonoScript,TMP_TextUtilities,,104,
data.unity3d,1212,MonoScript,UIPvPRuleCheckItemDynamicMessage,,120,
data.unity3d,1213,MonoScript,AudioPlayableAsset,,112,
data.unity3d,1214,MonoScript,FieldLightParametersChangeData,,120,
data.unity3d,1215,MonoScript,StandaloneInputModule,,124,
data.unity3d,1216,MonoScript,AkChannelEmitterArray,,100,
data.unity3d,1217,MonoScript,UtilDirectPrint,,84,
data.unity3d,1218,MonoScript,MapUnitData,,80,
data.unity3d,1219,MonoScript,ActionDelegator,,132,
data.unity3d,1220,MonoScript,AkAmbientLargeModePositioner,,108,
data.unity3d,1221,MonoScript,MapObjPackunFlower,,96,
data.unity3d,1222,MonoScript,transport_ConnectionAnalysisData,,132,
data.unity3d,1223,MonoScript,UISubInfoButtonDynamicMessage,,120,
data.unity3d,1224,MonoScript,GearActorVisitor,,84,
data.unity3d,1225,MonoScript,InputBuffer,,80,
data.unity3d,1226,MonoScript,ImageReverse,,80,
data.unity3d,1227,MonoScript,Libms,,96,
data.unity3d,1228,MonoScript,UtilErrorCodeCSharpExceptionIterator,,124,
data.unity3d,1229,MonoScript,UICupListItem,,88,
data.unity3d,1230,MonoScript,NabeFileAsset,,84,
data.unity3d,1231,MonoScript,EventAction,,80,
data.unity3d,1232,MonoScript,AkAudioFormat,,84,
data.unity3d,1233,MonoScript,MapObjPipeRotating,,96,
data.unity3d,1234,MonoScript,UIOpenNetPlayTopFromMainMenuEventAction,,136,
data.unity3d,1235,MonoScript,ItemCameraParam,,88,
data.unity3d,1236,MonoScript,INotificationOptionProvider,,128,
data.unity3d,1237,MonoScript,SakashoAnalyticsItem,,96,
data.unity3d,1238,MonoScript,FloatSliderChangedEvent,,104,
data.unity3d,1239,MonoScript,MapObjJumpExciteBase,,96,
data.unity3d,1240,MonoScript,FieldTilingChanger,,96,
data.unity3d,1241,MonoScript,ShelpInventorySelectableInventory,,120,
data.unity3d,1242,MonoScript,framework_Api,,96,
data.unity3d,1243,MonoScript,TMP_Text,,80,
data.unity3d,1244,MonoScript,AkWwiseBaseGroupType,,96,
data.unity3d,1245,MonoScript,SakashoInventoryPager,,108,
data.unity3d,1246,MonoScript,SystemStatusBar,,96,
data.unity3d,1247,MonoScript,HighLevelAPI,,128,
data.unity3d,1248,MonoScript,UIDialogSetting,,88,
data.unity3d,1249,MonoScript,CameraP2PStartDemo,,96,
data.unity3d,1250,MonoScript,UIBlurCamera,,80,
data.unity3d,1251,MonoScript,AudioObjSeMenuVoice,,96,
data.unity3d,1252,MonoScript,MessageInfoVisualizer,,104,
data.unity3d,1253,MonoScript,ColorTintButtonEx,,96,
data.unity3d,1254,MonoScript,MapObjHatch,,80,
data.unity3d,1255,MonoScript,MapUnitPointRoute,,96,
data.unity3d,1256,MonoScript,ScriptableAudioDialog,,104,
data.unity3d,1257,MonoScript,UIGetItemScreen,,88,
data.unity3d,1258,MonoScript,MapObjCollision,,88,
data.unity3d,1259,MonoScript,UIKartBalloonListItem,,104,
data.unity3d,1260,MonoScript,UtilVfrRigidBody,,84,
data.unity3d,1261,MonoScript,MapObjKinoko,,80,
data.unity3d,1262,MonoScript,AkUnityPlatformSpecificSettings_Windows,,124,
data.unity3d,1263,MonoScript,AIItemRun,,80,
data.unity3d,1264,MonoScript,KartVehicleReact,,88,
data.unity3d,1265,MonoScript,UIMiniMessage1,,88,
data.unity3d,1266,MonoScript,SynchronizedAnimation,,104,
data.unity3d,1267,MonoScript,SakashoSubscriptionManager,,112,
data.unity3d,1268,MonoScript,UINetPlayBase,,88,
data.unity3d,1269,MonoScript,UIShopTopContentsInfo,,104,
data.unity3d,1270,MonoScript,SakashoProductLeagueShop,,104,
data.unity3d,1271,MonoScript,UIMiiSuitShopNominatedProductList,,128,
data.unity3d,1272,MonoScript,MaterialPair,,80,
data.unity3d,1273,MonoScript,AIItemRunType036,,88,
data.unity3d,1274,MonoScript,UIFriendConfirmTypeContentDynamicMessage,,136,
data.unity3d,1275,MonoScript,ResourceRKartBalloon,,80,
data.unity3d,1276,MonoScript,RaceAnalyticsMapObjRecorder,,104,
data.unity3d,1277,MonoScript,UICourseData,,80,
data.unity3d,1278,MonoScript,UIP2PSearchPinLobbyAction,,112,
data.unity3d,1279,MonoScript,NabeException,,72,
data.unity3d,1280,MonoScript,DebugTextErrorDrawer,,96,
data.unity3d,1281,MonoScript,SakashoStorageUserRankInfo,,112,
data.unity3d,1282,MonoScript,ITimeControl,,96,
data.unity3d,1283,MonoScript,TMP_TextElement,,96,
data.unity3d,1284,MonoScript,SakashoMissionProgressChecker,,112,
data.unity3d,1285,MonoScript,UnityPlatformAttribute,,132,
data.unity3d,1286,MonoScript,ScriptableMapData,,96,
data.unity3d,1287,MonoScript,SakashoAnalyticsAutoRace,,100,
data.unity3d,1288,MonoScript,SakashoSuperWinEvent,,104,
data.unity3d,1289,MonoScript,UICameraEffect,,88,
data.unity3d,1290,MonoScript,MapObjRoadKanaamiJump,,104,
data.unity3d,1291,MonoScript,TMP_ColorGradient,,104,
data.unity3d,1292,MonoScript,UIMiiCodeInput,,88,
data.unity3d,1293,MonoScript,UICelebrationDynamicMessage,,112,
data.unity3d,1294,MonoScript,AkWwiseRtpc,,76,
data.unity3d,1295,MonoScript,UIEventTutorialSequenceManager,,120,
data.unity3d,1296,MonoScript,TypeNameHelper,,92,
data.unity3d,1297,MonoScript,UINetPlayDlgRuleComponent,,112,
data.unity3d,1298,MonoScript,PerformanceHelper,,100,
data.unity3d,1299,MonoScript,DepthOfField,,112,
data.unity3d,1300,MonoScript,UIProfileTitleDynamicMessage,,112,
data.unity3d,1301,MonoScript,ShelpFriendSnsManager,,100,
data.unity3d,1302,MonoScript,GearUtilProfileTime,,88,
data.unity3d,1303,MonoScript,SpriteChanger,,88,
data.unity3d,1304,MonoScript,MapUnitLink,,80,
data.unity3d,1305,MonoScript,ItemComponentSensorReactor,,112,
data.unity3d,1306,MonoScript,UIResetPickUpShopNewFlagAction,,120,
data.unity3d,1307,MonoScript,ItemComponentManager,,96,
data.unity3d,1308,MonoScript,SeadCoreInfo,,76,
data.unity3d,1309,MonoScript,UIProductBuyErrorDynamicMessage,,120,
data.unity3d,1310,MonoScript,UIRanking,,80,
data.unity3d,1311,MonoScript,IEvent,,76,
data.unity3d,1312,MonoScript,ScriptableMaterial,,96,
data.unity3d,1313,MonoScript,ShelpVCDefine,,88,
data.unity3d,1314,MonoScript,UITreasureBox,,88,
data.unity3d,1315,MonoScript,UINewsListDummy,,88,
data.unity3d,1316,MonoScript,SwipeEvent,,80,
data.unity3d,1317,MonoScript,Physics2DRaycaster,,116,
data.unity3d,1318,MonoScript,UICopyMyFriendIdAction,,104,
data.unity3d,1319,MonoScript,SakashoFriendFriendData,,100,
data.unity3d,1320,MonoScript,UIItemAlertListItem,,96,
data.unity3d,1321,MonoScript,SystemBtdManager,,88,
data.unity3d,1322,MonoScript,UIDebugSceneError,,96,
data.unity3d,1323,MonoScript,CharInfo,,76,
data.unity3d,1324,MonoScript,UIDiscountRateDynamicMessage,,112,
data.unity3d,1325,MonoScript,EffectFieldFlare,,88,
data.unity3d,1326,MonoScript,ValueSetActionBase,,96,
data.unity3d,1327,MonoScript,EffectScreenFade,,88,
data.unity3d,1328,MonoScript,DebugUIHitDrawer,,88,
data.unity3d,1329,MonoScript,UpdateItemListAction,,96,
data.unity3d,1330,MonoScript,KartVehicleControl,,96,
data.unity3d,1331,MonoScript,AudioObjPackRace,,88,
data.unity3d,1332,MonoScript,AkInitializationSettings,,100,
data.unity3d,1333,MonoScript,UIIMenuHudSetting,,96,
data.unity3d,1334,MonoScript,AudioBehaviorSlider,,96,
data.unity3d,1335,MonoScript,SakashoRaceP2PRaceResult,,104,
data.unity3d,1336,MonoScript,BinPrjFile,,104,
data.unity3d,1337,MonoScript,StandardIntegrityToken,,132,
data.unity3d,1338,MonoScript,UtilVideoPlayer,,72,
data.unity3d,1339,MonoScript,ErrorBuilder,,92,
data.unity3d,1340,MonoScript,SakashoStorageStockKartWing,,116,
data.unity3d,1341,MonoScript,UISnsLinkList,,88,
data.unity3d,1342,MonoScript,RaceEventTimeAttackManager,,112,
data.unity3d,1343,MonoScript,NabeError,,64,
data.unity3d,1344,MonoScript,RaceMatchingStrategyControl,,108,
data.unity3d,1345,MonoScript,GraphicShadowManager,,96,
data.unity3d,1346,MonoScript,SakashoPlayerMiiDataManager,,112,
data.unity3d,1347,MonoScript,session_Types,,104,
data.unity3d,1348,MonoScript,SleepDebugInfo,,88,
data.unity3d,1349,MonoScript,SeadUnityUpdateThreadMethodTree,,100,
data.unity3d,1350,MonoScript,Vector2EqualityComparer,,136,
data.unity3d,1351,MonoScript,TextNumberTextureComponent,,112,
data.unity3d,1352,MonoScript,UIFriendIdInput,,88,
data.unity3d,1353,MonoScript,TextureRenderer,,92,
data.unity3d,1354,MonoScript,RaceSequenceSubManagerEventLuaProfile,,136,
data.unity3d,1355,MonoScript,AndroidNotification,,132,
data.unity3d,1356,MonoScript,UIDynamicLevelMeterStateImageLoader,,128,
data.unity3d,1357,MonoScript,AkWwiseSwitch,,84,
data.unity3d,1358,MonoScript,SakashoAnalyticsWeeklyEvent,,116,
data.unity3d,1359,MonoScript,BoolDropdownDynamicMessageBase,,120,
data.unity3d,1360,MonoScript,HableCurve,,112,
data.unity3d,1361,MonoScript,ItemOwner,,80,
data.unity3d,1362,MonoScript,UIRankingCantGetDetailDynamicMessage,,128,
data.unity3d,1363,MonoScript,TextSetterAction,,88,
data.unity3d,1364,MonoScript,VerticalLayoutGroupEx,,104,
data.unity3d,1365,MonoScript,GraphicShadowProjector,,104,
data.unity3d,1366,MonoScript,common_InetAddress,,108,
data.unity3d,1367,MonoScript,UIWaitingTipsUpdater,,96,
data.unity3d,1368,MonoScript,SeadTickSpan,,76,
data.unity3d,1369,MonoScript,RaceEventParadeSnapJudge,,104,
data.unity3d,1370,MonoScript,AudioSubSceneMenu,,96,
data.unity3d,1371,MonoScript,UIISpriteReference,,96,
data.unity3d,1372,MonoScript,DynamicWaterSotingGroupChanger,,120,
data.unity3d,1373,MonoScript,EffectObjKart,,88,
data.unity3d,1374,MonoScript,MapObjWindMill,,88,
data.unity3d,1375,MonoScript,VerticalLayoutGroup,,108,
data.unity3d,1376,MonoScript,UnityTestExecutionContext,,164,
data.unity3d,1377,MonoScript,SeadTempDefine,,80,
data.unity3d,1378,MonoScript,StackTraceLine,,100,
data.unity3d,1379,MonoScript,UIFriendNoLoopList,,96,
data.unity3d,1380,MonoScript,User,,76,
data.unity3d,1381,MonoScript,CouserIdTestCase,,88,
data.unity3d,1382,MonoScript,UIBoolDynamicSingleMessageSetterBase,,128,
data.unity3d,1383,MonoScript,RaceEventTutorialJumpActionManager,,128,
data.unity3d,1384,MonoScript,UIPartsSortSelectListItem,,112,
data.unity3d,1385,MonoScript,TemporalAntialiasing,,128,
data.unity3d,1386,MonoScript,MapObjSnowMan,,92,
data.unity3d,1387,MonoScript,UILeagueShopInfo,,88,
data.unity3d,1388,MonoScript,ScriptableKartStaticParam,,112,
data.unity3d,1389,MonoScript,UINoBackAction,,88,
data.unity3d,1390,MonoScript,UtilMonoToneRenderer,,80,
data.unity3d,1391,MonoScript,BroadcastEventProtocolNative,,124,
data.unity3d,1392,MonoScript,SnsTwitterAccessToken,,96,
data.unity3d,1393,MonoScript,AudioResourceManager,,96,
data.unity3d,1394,MonoScript,UnexpectedLogMessageException,,156,
data.unity3d,1395,MonoScript,UIItemSlotStartAction,,104,
data.unity3d,1396,MonoScript,UnityWorkItemDataHolder,,156,
data.unity3d,1397,MonoScript,ItemObjBoomerang,,88,
data.unity3d,1398,MonoScript,MonitorErrorInfo,,84,
data.unity3d,1399,MonoScript,MapObjBombHelper,,84,
data.unity3d,1400,MonoScript,TMP_SpriteGlyph,,96,
data.unity3d,1401,MonoScript,Silhouette,,112,
data.unity3d,1402,MonoScript,Vector3ComparerWithEqualsOperator,,160,
data.unity3d,1403,MonoScript,UIOverlapItemsDetail,,96,
data.unity3d,1404,MonoScript,UIChangedSpecialOfferEvent,,112,
data.unity3d,1405,MonoScript,UIImageSetTarget,,88,
data.unity3d,1406,MonoScript,ItemAudioParam,,88,
data.unity3d,1407,MonoScript,GearUtilAttT,,72,
data.unity3d,1408,MonoScript,DebugSceneObjectChecker,,108,
data.unity3d,1409,MonoScript,ShelpAccessorBase,,92,
data.unity3d,1410,MonoScript,AkCommunicationSettings_Windows,,108,
data.unity3d,1411,MonoScript,WorkItemFactory,,140,
data.unity3d,1412,MonoScript,UISubscriptionWarningDynamicMessage,,128,
data.unity3d,1413,MonoScript,KartUtil,,72,
data.unity3d,1414,MonoScript,UtilGridArray,,88,
data.unity3d,1415,MonoScript,MapObjColRoadJBNoItemHit,,100,
data.unity3d,1416,MonoScript,CloudCreateSessionSettingNative,,132,
data.unity3d,1417,MonoScript,AnimationPlayEndEventActionTrigger,,128,
data.unity3d,1418,MonoScript,ScriptableItemParamBomhei,,112,
data.unity3d,1419,MonoScript,SakashoWorldMiiDataManager,,112,
data.unity3d,1420,MonoScript,UISeasonNumberDynamicMessage,,112,
data.unity3d,1421,MonoScript,PostProcessEffectRenderer,,144,
data.unity3d,1422,MonoScript,AndroidTaskUtils,,112,
data.unity3d,1423,MonoScript,Monitor,,104,
data.unity3d,1424,MonoScript,KartCollision,,88,
data.unity3d,1425,MonoScript,ISession,,76,
data.unity3d,1426,MonoScript,MapObjTrain3dsrr,,88,
data.unity3d,1427,MonoScript,MapObjDrawBridgeDash,,96,
data.unity3d,1428,MonoScript,UIEulaTitleDynamicMessage,,112,
data.unity3d,1429,MonoScript,ISavedGameClient,,124,
data.unity3d,1430,MonoScript,AnimationControllerResetAction,,120,
data.unity3d,1431,MonoScript,ScriptableMatchingP2PParam,,112,
data.unity3d,1432,MonoScript,UtilErrorCodePiaIterator,,100,
data.unity3d,1433,MonoScript,util_Api,,84,
data.unity3d,1434,MonoScript,CollisionGndCol,,88,
data.unity3d,1435,MonoScript,UnityWebViewWrapper,,104,
data.unity3d,1436,MonoScript,PlayCoreConstants,,120,
data.unity3d,1437,MonoScript,OutputStyleInfo,,88,
data.unity3d,1438,MonoScript,ItemObj034,,80,
data.unity3d,1439,MonoScript,TMP_FontFeatureTable,,104,
data.unity3d,1440,MonoScript,ItemParadeManager,,96,
data.unity3d,1441,MonoScript,TestResultRenderer,,144,
data.unity3d,1442,MonoScript,MultipleDisplayUtilities,,116,
data.unity3d,1443,MonoScript,ShelpServerControlledConstantAccessor,,132,
data.unity3d,1444,MonoScript,MapObjPukupuku,,88,
data.unity3d,1445,MonoScript,IPause,,72,
data.unity3d,1446,MonoScript,KartDirector,,80,
data.unity3d,1447,MonoScript,UIMainMenuItemData,,96,
data.unity3d,1448,MonoScript,ScriptableItemTableOfMapObj,,112,
data.unity3d,1449,MonoScript,FrameworkScenePlan,,96,
data.unity3d,1450,MonoScript,UIDialogManager,,88,
data.unity3d,1451,MonoScript,SakashoInventoryReceiveResult,,124,
data.unity3d,1452,MonoScript,UICoinEventResult,,96,
data.unity3d,1453,MonoScript,Reckoning1dProtocolNative,,124,
data.unity3d,1454,MonoScript,ScriptableItemComponentScaleByHit,,128,
data.unity3d,1455,MonoScript,UtilEventSystemSubject,,88,
data.unity3d,1456,MonoScript,DebugScriptableItemConfig,,112,
data.unity3d,1457,MonoScript,Text,,76,
data.unity3d,1458,MonoScript,IStateSerializer,,132,
data.unity3d,1459,MonoScript,UIDLRaceDynamicMessage,,104,
data.unity3d,1460,MonoScript,MapObjFactory,,88,
data.unity3d,1461,MonoScript,UIScreenshotShareDynamicMessage,,120,
data.unity3d,1462,MonoScript,Item,,104,
data.unity3d,1463,MonoScript,CameraModuleRotateBase,,104,
data.unity3d,1464,MonoScript,SakashoProductTreasureBoxContent,,116,
data.unity3d,1465,MonoScript,ITreemapRenderable,,136,
data.unity3d,1466,MonoScript,UnityTearDownAttribute,,132,
data.unity3d,1467,MonoScript,SeadKCollisionUtil,,80,
data.unity3d,1468,MonoScript,SavedGameMetadataUpdate,,140,
data.unity3d,1469,MonoScript,WappenTestCase,,88,
data.unity3d,1470,MonoScript,SakashoAnalyticsTimeRecorder,,124,
data.unity3d,1471,MonoScript,DrawParam,,84,
data.unity3d,1472,MonoScript,ChromaticAberration,,128,
data.unity3d,1473,MonoScript,NetworkSessionCustomOption,,112,
data.unity3d,1474,MonoScript,FieldFogTimeChangeData,,104,
data.unity3d,1475,MonoScript,WwiseSwitchGroupReference,,108,
data.unity3d,1476,MonoScript,ItemReactInfo,,88,
data.unity3d,1477,MonoScript,AkWwiseEvent,,80,
data.unity3d,1478,MonoScript,Event,,72,
data.unity3d,1479,MonoScript,UICcListItem,,80,
data.unity3d,1480,MonoScript,RaceSequenceSubManagerDefault,,120,
data.unity3d,1481,MonoScript,FieldEffectElementBase,,104,
data.unity3d,1482,MonoScript,HaltonSeq,,112,
data.unity3d,1483,MonoScript,AkTriangle,,76,
data.unity3d,1484,MonoScript,UIChangedSeasonPassEvent,,104,
data.unity3d,1485,MonoScript,IMaskable,,92,
data.unity3d,1486,MonoScript,UtilCoroutineResetter,,100,
data.unity3d,1487,MonoScript,EventSystems,,80,
data.unity3d,1488,MonoScript,RandomMii,,84,
data.unity3d,1489,MonoScript,SetAnchorComponent,,96,
data.unity3d,1490,MonoScript,Navigation,,92,
data.unity3d,1491,MonoScript,ScriptableSceneParam,,96,
data.unity3d,1492,MonoScript,SessionStartupSettingNative,,128,
data.unity3d,1493,MonoScript,UIRaceTeamOrderListItem,,104,
data.unity3d,1494,MonoScript,UtilGameObjectUtility,,100,
data.unity3d,1495,MonoScript,PostBuildCleanupAttribute,,140,
data.unity3d,1496,MonoScript,SakashoRaceCourseSelector,,108,
data.unity3d,1497,MonoScript,UISuperWinBeltComponent,,104,
data.unity3d,1498,MonoScript,ExecuteEvents,,108,
data.unity3d,1499,MonoScript,UIMenuButtonDynamicMessage,,112,
data.unity3d,1500,MonoScript,UIPointContentListItem,,104,
data.unity3d,1501,MonoScript,Factory,,76,
data.unity3d,1502,MonoScript,SakashoV2SecurityManager,,104,
data.unity3d,1503,MonoScript,SystemTimer,,80,
data.unity3d,1504,MonoScript,UIOpenCommonDialogAction,,104,
data.unity3d,1505,MonoScript,FieldLightParametersChanger,,112,
data.unity3d,1506,MonoScript,MapObjPumpjack,,88,
data.unity3d,1507,MonoScript,UIFriendList,,80,
data.unity3d,1508,MonoScript,DebugScriptableCheckValidMapConfig,,128,
data.unity3d,1509,MonoScript,UiParticleSystem,,88,
data.unity3d,1510,MonoScript,AkWwiseCallbackFlags,,96,
data.unity3d,1511,MonoScript,ShelpAssert,,80,
data.unity3d,1512,MonoScript,Resource,,76,
data.unity3d,1513,MonoScript,UIPvPRuleBattleNumDynamicMessage,,120,
data.unity3d,1514,MonoScript,UIKartPartsSelect,,96,
data.unity3d,1515,MonoScript,Fog,,96,
data.unity3d,1516,MonoScript,AIWinningRun,,80,
data.unity3d,1517,MonoScript,SakashoAnalyticsStorageChecker,,132,
data.unity3d,1518,MonoScript,MinAttribute,,112,
data.unity3d,1519,MonoScript,UISeasonRewardRankList,,104,
data.unity3d,1520,MonoScript,UISkipAction,,80,
data.unity3d,1521,MonoScript,ItemObjSimpleEffort,,96,
data.unity3d,1522,MonoScript,UINotifyDialogHelpAction,,104,
data.unity3d,1523,MonoScript,AkRoomPortal,,76,
data.unity3d,1524,MonoScript,TMP_SpriteAnimator,,104,
data.unity3d,1525,MonoScript,PlayCoreOnFailureListener,,136,
data.unity3d,1526,MonoScript,KartShaftSettings,,96,
data.unity3d,1527,MonoScript,SakashoInventoryContentTreasure,,124,
data.unity3d,1528,MonoScript,UICurrentUserNameInput,,104,
data.unity3d,1529,MonoScript,ITestCase,,80,
data.unity3d,1530,MonoScript,RaceKartResult,,88,
data.unity3d,1531,MonoScript,transport_Definitions,,124,
data.unity3d,1532,MonoScript,AIPathDataGenerator,,96,
data.unity3d,1533,MonoScript,ItemObjSimpleAimThrowBase,,112,
data.unity3d,1534,MonoScript,UICurrentDateTime,,96,
data.unity3d,1535,MonoScript,KartDefine,,80,
data.unity3d,1536,MonoScript,UIFriendDontAcceptAction,,104,
data.unity3d,1537,MonoScript,UtilAclManager,,84,
data.unity3d,1538,MonoScript,ExpandImageKeepAspect,,104,
data.unity3d,1539,MonoScript,MapObjDefine,,80,
data.unity3d,1540,MonoScript,UIDynamicCourseImageLoader,,112,
data.unity3d,1541,MonoScript,UIDynamicImageLoaderBase,,104,
data.unity3d,1542,MonoScript,UIImageSetAction,,88,
data.unity3d,1543,MonoScript,UIGoodCourseIcons,,96,
data.unity3d,1544,MonoScript,App,,76,
data.unity3d,1545,MonoScript,AISpeedParade,,88,
data.unity3d,1546,MonoScript,UIMaintenanceDynamicMessage,,112,
data.unity3d,1547,MonoScript,UIUserRankChangerSingle,,104,
data.unity3d,1548,MonoScript,AkMIDIEventCallbackInfo,,100,
data.unity3d,1549,MonoScript,AkSoundEngine,,84,
data.unity3d,1550,MonoScript,RaceTourEndingParadeDefine,,112,
data.unity3d,1551,MonoScript,GearAutoProfileXmlRuntimeInfo,,116,
data.unity3d,1552,MonoScript,SakashoAnalyticsP2PTreasure,,112,
data.unity3d,1553,MonoScript,Vector2ComparerWithEqualsOperator,,160,
data.unity3d,1554,MonoScript,TMP_CoroutineTween,,96,
data.unity3d,1555,MonoScript,SessionStationManagerNative,,128,
data.unity3d,1556,MonoScript,GraphicDriverFaceResource,,112,
data.unity3d,1557,MonoScript,AudioObj3DBase,,88,
data.unity3d,1558,MonoScript,SeadVector3i,,76,
data.unity3d,1559,MonoScript,DemoCameraController,,96,
data.unity3d,1560,MonoScript,NabeNabe,,56,
data.unity3d,1561,MonoScript,UISetting,,80,
data.unity3d,1562,MonoScript,TimelineClip,,96,
data.unity3d,1563,MonoScript,ImageFilePathAttribute,,100,
data.unity3d,1564,MonoScript,TestResultExtensions,,140,
data.unity3d,1565,MonoScript,transport_Transport,,108,
data.unity3d,1566,MonoScript,ScriptableAudioButton,,104,
data.unity3d,1567,MonoScript,SakashoAllPvPBattleRuleSchedules,,124,
data.unity3d,1568,MonoScript,TextModifier,,80,
data.unity3d,1569,MonoScript,TriangleShape,,88,
data.unity3d,1570,MonoScript,SakashoPvPRuleSetting,,104,
data.unity3d,1571,MonoScript,ItemMof,,76,
data.unity3d,1572,MonoScript,MapObjFuzzy,,80,
data.unity3d,1573,MonoScript,ShelpPlayerStorageFixedArrayAttribute,,128,
data.unity3d,1574,MonoScript,TextCounter,,80,
data.unity3d,1575,MonoScript,ClipCaps,,108,
data.unity3d,1576,MonoScript,AkObjectInfo,,76,
data.unity3d,1577,MonoScript,ScriptableKartParamVehicleDrift,,120,
data.unity3d,1578,MonoScript,UIGoodCourseListItem,,96,
data.unity3d,1579,MonoScript,RaceKartChecker,,88,
data.unity3d,1580,MonoScript,NetworkOutgameSequenceManager,,120,
data.unity3d,1581,MonoScript,Hierarchy,,84,
data.unity3d,1582,MonoScript,IPropertyCollector,,112,
data.unity3d,1583,MonoScript,NetworkMatchmakeKeyUtil,,104,
data.unity3d,1584,MonoScript,ItemProbabilityTable,,96,
data.unity3d,1585,MonoScript,AkSpatialAudioEmitter,,100,
data.unity3d,1586,MonoScript,ScriptableDriver,,88,
data.unity3d,1587,MonoScript,UIFriendButton,,88,
data.unity3d,1588,MonoScript,SakashoAnalyticsMultiPlay,,124,
data.unity3d,1589,MonoScript,SakashoRaceSeasonEndingTreasure,,116,
data.unity3d,1590,MonoScript,RaceEventBossKoopaBalloonManager,,112,
data.unity3d,1591,MonoScript,UIOpenDialogAction,,96,
data.unity3d,1592,MonoScript,ScrollBarEdgeColor,,96,
data.unity3d,1593,MonoScript,SakashoMasterBaseScoreLevelTable,,120,
data.unity3d,1594,MonoScript,ScrollFader,,80,
data.unity3d,1595,MonoScript,Random,,76,
data.unity3d,1596,MonoScript,UnityObject,,84,
data.unity3d,1597,MonoScript,Slider,,84,
data.unity3d,1598,MonoScript,PiaPlugin_PacketAnalysisDataNative,,132,
data.unity3d,1599,MonoScript,UIMeterWithMax,,88,
data.unity3d,1600,MonoScript,Clipping,,84,
data.unity3d,1601,MonoScript,FrameworkStartupSessionSettngNative,,136,
data.unity3d,1602,MonoScript,SakashoAnalyticsTotalPointChallenge,,128,
data.unity3d,1603,MonoScript,SystemEngine,,80,
data.unity3d,1604,MonoScript,UIGoodCourseList,,88,
data.unity3d,1605,MonoScript,MapObjGameObjectManager,,104,
data.unity3d,1606,MonoScript,UIPlayerEntryList,,96,
data.unity3d,1607,MonoScript,ShelpEventRacePlayerTermSituation,,124,
data.unity3d,1608,MonoScript,UICupNameDynamicMessage,,104,
data.unity3d,1609,MonoScript,ItemFeverProbabilityOfLapData,,120,
data.unity3d,1610,MonoScript,ConstraintsExtensions,,140,
data.unity3d,1611,MonoScript,Player,,72,
data.unity3d,1612,MonoScript,BytesAndOffset,,124,
data.unity3d,1613,MonoScript,FailCommand,,132,
data.unity3d,1614,MonoScript,TestRunCallbackListener,,136,
data.unity3d,1615,MonoScript,EffectKeyContainerPair,,104,
data.unity3d,1616,MonoScript,ValueSetAction,,88,
data.unity3d,1617,MonoScript,UISeasonPassPurchaseAction,,112,
data.unity3d,1618,MonoScript,UtilErrorCodeVideoPlayer,,100,
data.unity3d,1619,MonoScript,UIUtilP2P,,80,
data.unity3d,1620,MonoScript,TMP_UpdateManager,,104,
data.unity3d,1621,MonoScript,UIScreenEvent,,88,
data.unity3d,1622,MonoScript,SakashoStorageMiiIconData,,112,
data.unity3d,1623,MonoScript,MapObjGlideBoard,,88,
data.unity3d,1624,MonoScript,CollisionGndColMaterialInKCol,,120,
data.unity3d,1625,MonoScript,UIClearDialogStackAction,,104,
data.unity3d,1626,MonoScript,StencilMaterial,,100,
data.unity3d,1627,MonoScript,RaceSequenceSubManagerP2P,,112,
data.unity3d,1628,MonoScript,UIScreenCloseAction,,96,
data.unity3d,1629,MonoScript,MapObjDokan,,80,
data.unity3d,1630,MonoScript,GraphicRegistry,,100,
data.unity3d,1631,MonoScript,UISequence,,80,
data.unity3d,1632,MonoScript,GyroMove,,72,
data.unity3d,1633,MonoScript,MsgContext,,76,
data.unity3d,1634,MonoScript,UtilVfrRailUpdater,,92,
data.unity3d,1635,MonoScript,NetworkCallbackConfigOnReceiveData,,120,
data.unity3d,1636,MonoScript,OrderedTestSuiteModifier,,148,
data.unity3d,1637,MonoScript,ClipUpgrade,,96,
data.unity3d,1638,MonoScript,UtilUnityEngineExtension,,112,
data.unity3d,1639,MonoScript,MapObjTrain,,80,
data.unity3d,1640,MonoScript,nat_Api,,84,
data.unity3d,1641,MonoScript,Device,,84,
data.unity3d,1642,MonoScript,SakashoProductTreasureBox,,104,
data.unity3d,1643,MonoScript,MapObjLinkerN64ktb,,96,
data.unity3d,1644,MonoScript,ScriptableCameraModuleRotate,,112,
data.unity3d,1645,MonoScript,reckoning_Types,,100,
data.unity3d,1646,MonoScript,HelpUrls,,92,
data.unity3d,1647,MonoScript,TMP_TextParsingUtilities,,112,
data.unity3d,1648,MonoScript,UIProfileRecordInvalidValueDynamicMessage,,144,
data.unity3d,1649,MonoScript,ResourceR,,72,
data.unity3d,1650,MonoScript,SakashoEvent,,80,
data.unity3d,1651,MonoScript,ScriptableGallery,,96,
data.unity3d,1652,MonoScript,TilingTextureColor,,128,
data.unity3d,1653,MonoScript,TMP_EditorResourceManager,,120,
data.unity3d,1654,MonoScript,ImageSpriteResetAction,,104,
data.unity3d,1655,MonoScript,DateTime,,76,
data.unity3d,1656,MonoScript,DebugCourseCapture,,104,
data.unity3d,1657,MonoScript,AkReverbZone,,76,
data.unity3d,1658,MonoScript,MapObjBathBomb,,88,
data.unity3d,1659,MonoScript,UIDynamicWeeklyEventRuleImageLoader,,128,
data.unity3d,1660,MonoScript,AkAudioSettings,,84,
data.unity3d,1661,MonoScript,SakashoRaceSeasonGraphicPostEffectNewCount,,136,
data.unity3d,1662,MonoScript,common_TraceFlag,,108,
data.unity3d,1663,MonoScript,CloudNetworkFactoryNativeMethod,,124,
data.unity3d,1664,MonoScript,EffectFieldFog,,88,
data.unity3d,1665,MonoScript,UtilAndroidJni,,72,
data.unity3d,1666,MonoScript,EffectGameObjectManager,,104,
data.unity3d,1667,MonoScript,TrackColorAttribute,,112,
data.unity3d,1668,MonoScript,SakashoAnalyticsMii,,108,
data.unity3d,1669,MonoScript,CharModelInfo,,92,
data.unity3d,1670,MonoScript,UISpecialSkillLevelUpInfo,,112,
data.unity3d,1671,MonoScript,ScriptableItemSlotResult,,104,
data.unity3d,1672,MonoScript,ItemComponentPathMove,,104,
data.unity3d,1673,MonoScript,SakashoStorageSeasonEndingParadeAccessor,,140,
data.unity3d,1674,MonoScript,Database,,76,
data.unity3d,1675,MonoScript,AudioExternal,,88,
data.unity3d,1676,MonoScript,UIPremiumPassButton,,96,
data.unity3d,1677,MonoScript,UIQuickStartRewardList,,104,
data.unity3d,1678,MonoScript,CollisionPrimColImpl,,96,
data.unity3d,1679,MonoScript,SakashoReverseLookupTableManager,,120,
data.unity3d,1680,MonoScript,SakashoLoginBonusCountUpResult,,116,
data.unity3d,1681,MonoScript,SakashoResponseDecodeErrorHandler,,128,
data.unity3d,1682,MonoScript,ItemEmission,,80,
data.unity3d,1683,MonoScript,ItemDebugEditor,,88,
data.unity3d,1684,MonoScript,ShelpAchievementAccessor,,104,
data.unity3d,1685,MonoScript,Is,,104,
data.unity3d,1686,MonoScript,UIRacePlayEvent,,88,
data.unity3d,1687,MonoScript,ShelpApiCallContext,,92,
data.unity3d,1688,MonoScript,UIItemSlotInOutCallbackComponent,,120,
data.unity3d,1689,MonoScript,AkWwiseInitializationSettings,,116,
data.unity3d,1690,MonoScript,TMP_MaterialManager,,104,
data.unity3d,1691,MonoScript,OpenCloseObjectEvent,,96,
data.unity3d,1692,MonoScript,RaceLogManager,,88,
data.unity3d,1693,MonoScript,UIFriendConfirmTypeTitleDynamicMessage,,136,
data.unity3d,1694,MonoScript,EnumerableRetryTestCommand,,140,
data.unity3d,1695,MonoScript,UIEventShopItemList,,96,
data.unity3d,1696,MonoScript,ItemListBase,,80,
data.unity3d,1697,MonoScript,PiaPluginEmulationNative,,112,
data.unity3d,1698,MonoScript,CoroutineObject,,88,
data.unity3d,1699,MonoScript,Session,,84,
data.unity3d,1700,MonoScript,UIWappenSheetNewObject,,104,
data.unity3d,1701,MonoScript,RaceEventRaceReversalManager,,104,
data.unity3d,1702,MonoScript,DynamicRigDynamicRig,,96,
data.unity3d,1703,MonoScript,cloud_CloudService,,104,
data.unity3d,1704,MonoScript,SakashoGreetCoinPager,,104,
data.unity3d,1705,MonoScript,UIPvpBattleRandomMatchRuleDynamicMessage,,136,
data.unity3d,1706,MonoScript,UIScreen,,72,
data.unity3d,1707,MonoScript,UIRaceItemSlotEventTrigger,,112,
data.unity3d,1708,MonoScript,ItemSlotFever,,88,
data.unity3d,1709,MonoScript,AndroidHelperFragment,,128,
data.unity3d,1710,MonoScript,AkMIDIPostArray,,84,
data.unity3d,1711,MonoScript,NavMeshLink,,100,
data.unity3d,1712,MonoScript,AkMonitoringCallbackInfo,,100,
data.unity3d,1713,MonoScript,UIScrollToTopComponent,,104,
data.unity3d,1714,MonoScript,PiaPluginTransportNative,,112,
data.unity3d,1715,MonoScript,NetworkApplicationDataInfo,,112,
data.unity3d,1716,MonoScript,AndroidNotificationChannel,,148,
data.unity3d,1717,MonoScript,ShelpEventRaceAccessor,,100,
data.unity3d,1718,MonoScript,MemberId,,72,
data.unity3d,1719,MonoScript,UIVolumeSetTarget,,96,
data.unity3d,1720,MonoScript,UIFriendConfirmTypeButtonDynamicMessage,,136,
data.unity3d,1721,MonoScript,ItemCurve_Old,,88,
data.unity3d,1722,MonoScript,UITreasureBoxScale,,96,
data.unity3d,1723,MonoScript,MapObjCar,,80,
data.unity3d,1724,MonoScript,IReset,,72,
data.unity3d,1725,MonoScript,SeadListImpl,,76,
data.unity3d,1726,MonoScript,UtilUnityApiAdapterCamera,,108,
data.unity3d,1727,MonoScript,MetadataInjector,,108,
data.unity3d,1728,MonoScript,InputVirtualStickItem,,104,
data.unity3d,1729,MonoScript,AudioWwiseStateGroupManager,,112,
data.unity3d,1730,MonoScript,ScriptInput,,80,
data.unity3d,1731,MonoScript,UIVirtualCurrencyAgeCheckResult,,120,
data.unity3d,1732,MonoScript,UIPartsItemSkillNameDynamicMessage,,128,
data.unity3d,1733,MonoScript,MapUnitPathRouteAccessor,,104,
data.unity3d,1734,MonoScript,RaceEventManagerFactory,,104,
data.unity3d,1735,MonoScript,UIPvPRuleCheckRaceOrBattleNumDynamicMessage,,144,
data.unity3d,1736,MonoScript,UIP2PRaceLobbyListItem,,104,
data.unity3d,1737,MonoScript,AkDeviceSettings,,84,
data.unity3d,1738,MonoScript,UtilNative,,76,
data.unity3d,1739,MonoScript,MapObjStartGate,,88,
data.unity3d,1740,MonoScript,AIItemRunSemiAutoRun,,96,
data.unity3d,1741,MonoScript,SeadPrint,,76,
data.unity3d,1742,MonoScript,MapObjBeltConveyor,,96,
data.unity3d,1743,MonoScript,AudioObjSetting,,88,
data.unity3d,1744,MonoScript,RuntimeClip,,96,
data.unity3d,1745,MonoScript,RaceEventGhostManager,,104,
data.unity3d,1746,MonoScript,ImageExReduceRebuild,,96,
data.unity3d,1747,MonoScript,UIScreenClosingEventActionTrigger,,128,
data.unity3d,1748,MonoScript,AkTriggerMouseEnter,,92,
data.unity3d,1749,MonoScript,RuntimeClipBase,,104,
data.unity3d,1750,MonoScript,UIShopTopContentListItem,,104,
data.unity3d,1751,MonoScript,SeadSingleScreenMethodTreeMgr,,116,
data.unity3d,1752,MonoScript,UtilErrorCodeDefine,,92,
data.unity3d,1753,MonoScript,UIQuickStartInfo,,88,
data.unity3d,1754,MonoScript,AkBank,,68,
data.unity3d,1755,MonoScript,ScriptableKartScrew,,96,
data.unity3d,1756,MonoScript,MapObjAsteroid,,88,
data.unity3d,1757,MonoScript,SakashoStorageCustomizeList,,116,
data.unity3d,1758,MonoScript,UIScreenBackAction,,96,
data.unity3d,1759,MonoScript,BaseMeshEffect,,100,
data.unity3d,1760,MonoScript,AkAudioListener,,84,
data.unity3d,1761,MonoScript,TMP_FontAsset,,96,
data.unity3d,1762,MonoScript,UILocalizeSprite,,88,
data.unity3d,1763,MonoScript,CloudServiceSettingNative,,120,
data.unity3d,1764,MonoScript,NGMediaReceiveCallbackiOS,,140,
data.unity3d,1765,MonoScript,ResourceRDriver,,76,
data.unity3d,1766,MonoScript,StringTools,,116,
data.unity3d,1767,MonoScript,ItemEnumExtention,,96,
data.unity3d,1768,MonoScript,UIFriendChallengeRewardMarkListItem,,128,
data.unity3d,1769,MonoScript,UICurrentVirtualCurrency,,104,
data.unity3d,1770,MonoScript,clone_EventProtocolBase,,116,
data.unity3d,1771,MonoScript,IMetadataEditor,,92,
data.unity3d,1772,MonoScript,DynamicRigDynamicUnit,,104,
data.unity3d,1773,MonoScript,ScriptableTourEndingParade,,112,
data.unity3d,1774,MonoScript,CustomizerSettings,,104,
data.unity3d,1775,MonoScript,AkWorldTransform,,84,
data.unity3d,1776,MonoScript,ClockProtocolNative,,108,
data.unity3d,1777,MonoScript,SakashoPlayerManager,,96,
data.unity3d,1778,MonoScript,FieldCulling,,80,
data.unity3d,1779,MonoScript,UIRacePvPSequence,,96,
data.unity3d,1780,MonoScript,UISpecialOfferData,,96,
data.unity3d,1781,MonoScript,Ver3StoreDataRaw,,92,
data.unity3d,1782,MonoScript,UIMainSkillHolderNameDynamicMessage,,128,
data.unity3d,1783,MonoScript,UITotalPointChallengeRewardListItem,,128,
data.unity3d,1784,MonoScript,UIMissionPageTitleDynamicMessage,,120,
data.unity3d,1785,MonoScript,SelectableEx,,84,
data.unity3d,1786,MonoScript,AnimatorSet,,80,
data.unity3d,1787,MonoScript,AkSourceSettingsArray,,100,
data.unity3d,1788,MonoScript,pia_ResultConst,,92,
data.unity3d,1789,MonoScript,PackedManagedObject,,132,
data.unity3d,1790,MonoScript,AIItemRankRace,,88,
data.unity3d,1791,MonoScript,GraphicGessoInkSlate,,96,
data.unity3d,1792,MonoScript,UIFeverStartEvent,,96,
data.unity3d,1793,MonoScript,AkPlaylist,,76,
data.unity3d,1794,MonoScript,MessagePackSakashoMaster,,132,
data.unity3d,1795,MonoScript,UITreasureBoxList,,96,
data.unity3d,1796,MonoScript,UIShopTopContentTypeDynamicMessage,,128,
data.unity3d,1797,MonoScript,UINetPlayEntryListItem,,104,
data.unity3d,1798,MonoScript,UIInstantiateManager,,96,
data.unity3d,1799,MonoScript,TestListenerWrapper,,132,
data.unity3d,1800,MonoScript,AkCallbackInfo,,84,
data.unity3d,1801,MonoScript,SakashoAnnouncementManager,,112,
data.unity3d,1802,MonoScript,CameraInfoProxy,,88,
data.unity3d,1803,MonoScript,AkDurationCallbackInfo,,100,
data.unity3d,1804,MonoScript,ItemComponentAtt,,88,
data.unity3d,1805,MonoScript,UIShopItemListItem,,96,
data.unity3d,1806,MonoScript,AkUtilities,,76,
data.unity3d,1807,MonoScript,TestPlatform,,124,
data.unity3d,1808,MonoScript,ValueNotChangeEvent,,96,
data.unity3d,1809,MonoScript,Outline,,104,
data.unity3d,1810,MonoScript,UIPrepareRemoveNintendoAccountAction2,,136,
data.unity3d,1811,MonoScript,UIGreetCoinButton,,96,
data.unity3d,1812,MonoScript,AssetListBase,,92,
data.unity3d,1813,MonoScript,SakashoStorageStockWappen,,112,
data.unity3d,1814,MonoScript,UITreasureBoxProductInfo,,104,
data.unity3d,1815,MonoScript,ItemEventChecker,,88,
data.unity3d,1816,MonoScript,NabeBatch,,76,
data.unity3d,1817,MonoScript,AudioObjSeCourseObj,,96,
data.unity3d,1818,MonoScript,SakashoStorageKeyList,,104,
data.unity3d,1819,MonoScript,Dithering,,112,
data.unity3d,1820,MonoScript,TestEnumerator,,116,
data.unity3d,1821,MonoScript,SeadTaskID,,84,
data.unity3d,1822,MonoScript,SakashoRankingCourseScore,,104,
data.unity3d,1823,MonoScript,SakashoStorageStockKartBalloon,,120,
data.unity3d,1824,MonoScript,UIScrollToTopReactionComponent,,120,
data.unity3d,1825,MonoScript,SakashoStorageNewFlag,,104,
data.unity3d,1826,MonoScript,UIResetPrivateAnnouncementNewFlagAction,,136,
data.unity3d,1827,MonoScript,UIPickupProductListItem2,,104,
data.unity3d,1828,MonoScript,AnimationPreviewUpdateCallback,,136,
data.unity3d,1829,MonoScript,RaceP2PUdemaeCalculator,,100,
data.unity3d,1830,MonoScript,ItemOwnerSettingEvent,,104,
data.unity3d,1831,MonoScript,UIUserRankIconSetTarget,,104,
data.unity3d,1832,MonoScript,UIMenuButtonItem,,88,
data.unity3d,1833,MonoScript,ScriptableGraphicShader,,104,
data.unity3d,1834,MonoScript,PointerEventData,,108,
data.unity3d,1835,MonoScript,DisableLayoutGroup,,96,
data.unity3d,1836,MonoScript,ItemInfoProxy,,88,
data.unity3d,1837,MonoScript,SakashoRaceManager,,96,
data.unity3d,1838,MonoScript,UIRaceRankResultList,,96,
data.unity3d,1839,MonoScript,NetworkDataDrive,,88,
data.unity3d,1840,MonoScript,ScrollDragWatcher,,96,
data.unity3d,1841,MonoScript,AkMIDIEvent,,76,
data.unity3d,1842,MonoScript,UIKartBalloonList,,96,
data.unity3d,1843,MonoScript,IUserEditor,,84,
data.unity3d,1844,MonoScript,ScriptableItemComponentAnimator,,120,
data.unity3d,1845,MonoScript,SakashoFestivalFinishResult,,116,
data.unity3d,1846,MonoScript,OilPainting,,112,
data.unity3d,1847,MonoScript,UIChangedWappenNumEvent,,104,
data.unity3d,1848,MonoScript,ScriptableItemParamClass012,,112,
data.unity3d,1849,MonoScript,TestRunCallbackAttribute,,132,
data.unity3d,1850,MonoScript,RuntimeElement,,104,
data.unity3d,1851,MonoScript,EventSystem,,100,
data.unity3d,1852,MonoScript,UtilErrorCodeAppProductBase,,108,
data.unity3d,1853,MonoScript,ScriptableItemComponent,,104,
data.unity3d,1854,MonoScript,MapObjPot,,80,
data.unity3d,1855,MonoScript,UIListDialogDataTable,,104,
data.unity3d,1856,MonoScript,TMPro_ExtensionMethods,,112,
data.unity3d,1857,MonoScript,UIMiiTutorial,,88,
data.unity3d,1858,MonoScript,SakashoTimeEventDispatcher,,112,
data.unity3d,1859,MonoScript,UITransactionsLawDynamicMessage,,120,
data.unity3d,1860,MonoScript,GraphicLodUtil,,88,
data.unity3d,1861,MonoScript,ShelpCallback,,84,
data.unity3d,1862,MonoScript,UIMaintenance,,88,
data.unity3d,1863,MonoScript,UITeamSetting,,88,
data.unity3d,1864,MonoScript,SakashoSeasonSummaryNewFlag,,108,
data.unity3d,1865,MonoScript,UILeagueShopBorderList,,104,
data.unity3d,1866,MonoScript,SakashoFriendCandidatesPager,,116,
data.unity3d,1867,MonoScript,transport_Types,,104,
data.unity3d,1868,MonoScript,ScrollingFillAnimator,,136,
data.unity3d,1869,MonoScript,ScriptableWappen,,88,
data.unity3d,1870,MonoScript,AnimationFloatValue,,96,
data.unity3d,1871,MonoScript,UtilThreadingMessageExecutor,,100,
data.unity3d,1872,MonoScript,MapObjAirShip,,88,
data.unity3d,1873,MonoScript,SakashoStorageFlags,,104,
data.unity3d,1874,MonoScript,Method,,84,
data.unity3d,1875,MonoScript,ActiveSetterAction,,96,
data.unity3d,1876,MonoScript,common_Types,,112,
data.unity3d,1877,MonoScript,UIChangedVirtualCurrencyBundlesEvent,,128,
data.unity3d,1878,MonoScript,SakashoRefreshEventDispatcher,,120,
data.unity3d,1879,MonoScript,ItemComponentGndCol,,96,
data.unity3d,1880,MonoScript,PostProcessBundle,,128,
data.unity3d,1881,MonoScript,UtilResult,,80,
data.unity3d,1882,MonoScript,UIComboRankList,,88,
data.unity3d,1883,MonoScript,SakashoProductPurchaseResult,,108,
data.unity3d,1884,MonoScript,UICupList,,80,
data.unity3d,1885,MonoScript,UINetPlayWaitCoinComponent,,112,
data.unity3d,1886,MonoScript,Scroll,,76,
data.unity3d,1887,MonoScript,LocalSaveDataUtil,,96,
data.unity3d,1888,MonoScript,UIItemDamageComponent,,104,
data.unity3d,1889,MonoScript,UnityLogMessage,,92,
data.unity3d,1890,MonoScript,DebugPrintSetterAction,,104,
data.unity3d,1891,MonoScript,UIPickUpShopSpecialOfferListItem,,120,
data.unity3d,1892,MonoScript,SeadUnityUpdateThreadMethodTreeMgr,,124,
data.unity3d,1893,MonoScript,UnityWorkItem,,140,
data.unity3d,1894,MonoScript,MapObjDurationKadomatsu,,104,
data.unity3d,1895,MonoScript,SakashoFestivalBonusMedalSettings,,132,
data.unity3d,1896,MonoScript,TMP_InputValidator,,104,
data.unity3d,1897,MonoScript,TimelineClipExtensions,,120,
data.unity3d,1898,MonoScript,UIAutoModeShareDlg,,96,
data.unity3d,1899,MonoScript,UIRacePreparePowerUpPoint,,112,
data.unity3d,1900,MonoScript,SakashoFirebaseInitializer,,104,
data.unity3d,1901,MonoScript,ScreenSpaceReflections,,136,
data.unity3d,1902,MonoScript,EitReferenceData,,96,
data.unity3d,1903,MonoScript,UISubMenu,,80,
data.unity3d,1904,MonoScript,WwiseRtpcReference,,92,
data.unity3d,1905,MonoScript,NavMeshSurface,,108,
data.unity3d,1906,MonoScript,UICcList,,72,
data.unity3d,1907,MonoScript,EditorGuiLayout,,92,
data.unity3d,1908,MonoScript,PanelRaycaster,,108,
data.unity3d,1909,MonoScript,SakashoAnnouncementSerializableExtra,,128,
data.unity3d,1910,MonoScript,ScriptableKartSet,,96,
data.unity3d,1911,MonoScript,TapGameObjectAction,,96,
data.unity3d,1912,MonoScript,Selectable,,92,
data.unity3d,1913,MonoScript,UITutorialSequenceManager,,112,
data.unity3d,1914,MonoScript,SeadHostIOException,,84,
data.unity3d,1915,MonoScript,SakashoRankingRanking,,100,
data.unity3d,1916,MonoScript,UnityCombinatorialStrategy,,140,
data.unity3d,1917,MonoScript,UIDynamicWaitPvpImageLoader,,112,
data.unity3d,1918,MonoScript,UIFinalLapStartEvent,,96,
data.unity3d,1919,MonoScript,wan_Types,,104,
data.unity3d,1920,MonoScript,IStateMachineBehaviourReceiver,,120,
data.unity3d,1921,MonoScript,SakashoTitleImageManager,,100,
data.unity3d,1922,MonoScript,UITreasureBoxDescriptionDynamicMessage,,136,
data.unity3d,1923,MonoScript,ItemObjGessoDirector,,96,
data.unity3d,1924,MonoScript,TMP_Dropdown,,88,
data.unity3d,1925,MonoScript,UIFestivalTeamConfirmScreen,,112,
data.unity3d,1926,MonoScript,UIItemDetailDynamicMessage,,112,
data.unity3d,1927,MonoScript,UIEventRewardTargetLeisureDynamicMessage,,136,
data.unity3d,1928,MonoScript,MaskUtilities,,100,
data.unity3d,1929,MonoScript,DebugScriptableMakeupEditMove,,120,
data.unity3d,1930,MonoScript,CoroutineTween,,112,
data.unity3d,1931,MonoScript,UtilErrorCodeLog,,100,
data.unity3d,1932,MonoScript,ItemModelObjBase,,88,
data.unity3d,1933,MonoScript,SeadRandom,,76,
data.unity3d,1934,MonoScript,ShelpVCAccessor,,92,
data.unity3d,1935,MonoScript,MapObjEventTrigger,,96,
data.unity3d,1936,MonoScript,SakashoAnalyticsQuickStart,,116,
data.unity3d,1937,MonoScript,ShelpFriendSentRequestPager,,104,
data.unity3d,1938,MonoScript,SakashoEditorTitleImageReplacer,,108,
data.unity3d,1939,MonoScript,EffectGpuPtclAreaLoop,,104,
data.unity3d,1940,MonoScript,UIDriverLevelUp,,88,
data.unity3d,1941,MonoScript,UIResources,,80,
data.unity3d,1942,MonoScript,UtilUnityApiAdapterTransform,,108,
data.unity3d,1943,MonoScript,InputAccelerometer,,96,
data.unity3d,1944,MonoScript,UIQuickStartRewardListItem,,112,
data.unity3d,1945,MonoScript,SakashoLoginBonusBonus,,100,
data.unity3d,1946,MonoScript,ItemEvent,,80,
data.unity3d,1947,MonoScript,SakashoInventoryContentItem,,116,
data.unity3d,1948,MonoScript,UIDynamicTreasureBoxProductImageLoader,,136,
data.unity3d,1949,MonoScript,UISeasonRewardList,,96,
data.unity3d,1950,MonoScript,ScriptableItemReactTable,,104,
data.unity3d,1951,MonoScript,PlayGamesHelperObject,,128,
data.unity3d,1952,MonoScript,ItemUtil,,72,
data.unity3d,1953,MonoScript,UIDynamicItemDataImageLoader,,112,
data.unity3d,1954,MonoScript,UIOpenListDialogAction,,104,
data.unity3d,1955,MonoScript,UIGoalPointDynamicMessage,,112,
data.unity3d,1956,MonoScript,IEvent,,104,
data.unity3d,1957,MonoScript,SakashoQuickStartManager,,104,
data.unity3d,1958,MonoScript,UICloseScreenJumpSetting,,104,
data.unity3d,1959,MonoScript,AkPositioningInfo,,92,
data.unity3d,1960,MonoScript,SakashoLoginBonusStep,,96,
data.unity3d,1961,MonoScript,AkTriggerMouseUp,,84,
data.unity3d,1962,MonoScript,NetworkUtil,,80,
data.unity3d,1963,MonoScript,RaceMetaSkillParameterAttribute,,120,
data.unity3d,1964,MonoScript,UIChallengeRewardAndPresentReceiveAllAction,,144,
data.unity3d,1965,MonoScript,ILocalizeComponent,,96,
data.unity3d,1966,MonoScript,PlaymodeWorkItemFactory,,156,
data.unity3d,1967,MonoScript,UIPickupProductListItem,,104,
data.unity3d,1968,MonoScript,SakashoSubscriptionContinuation,,128,
data.unity3d,1969,MonoScript,UIRacePauseWindowWatcher,,104,
data.unity3d,1970,MonoScript,ItemTimeDiff,,84,
data.unity3d,1971,MonoScript,GearUtilByamlIter,,88,
data.unity3d,1972,MonoScript,DemoGoalCamera,,88,
data.unity3d,1973,MonoScript,UIPremiumPassDisableObject,,112,
data.unity3d,1974,MonoScript,BeforeAfterTestCommandState,,140,
data.unity3d,1975,MonoScript,NetCreateSessionSettingNative,,128,
data.unity3d,1976,MonoScript,KartTreeAndWappenTestCase,,112,
data.unity3d,1977,MonoScript,AkAuxSendArray,,84,
data.unity3d,1978,MonoScript,UIRestCountCostButtonDynamicMessage,,128,
data.unity3d,1979,MonoScript,FacelineTextureRenderer,,108,
data.unity3d,1980,MonoScript,UIChallengeSheetTotalPoint,,112,
data.unity3d,1981,MonoScript,SakashoIzumoManager,,96,
data.unity3d,1982,MonoScript,RaceSkillManager,,88,
data.unity3d,1983,MonoScript,SakashoAnnouncementPager,,120,
data.unity3d,1984,MonoScript,ItemComponentPosSetterKart,,112,
data.unity3d,1985,MonoScript,RaceEventBalloonBattleManager,,120,
data.unity3d,1986,MonoScript,UtilEditorGameViewSizeSettings,,100,
data.unity3d,1987,MonoScript,TimelinePlayable,,104,
data.unity3d,1988,MonoScript,SingedNumberSetTarget,,104,
data.unity3d,1989,MonoScript,Ak3DAudioSinkCapabilities,,108,
data.unity3d,1990,MonoScript,MapObjAirCurrent,,88,
data.unity3d,1991,MonoScript,UINotificationHandler,,104,
data.unity3d,1992,MonoScript,AkVector64,,76,
data.unity3d,1993,MonoScript,KartStaticResourceManager,,112,
data.unity3d,1994,MonoScript,ResourceRMapObj,,76,
data.unity3d,1995,MonoScript,CollisionGndColInfo,,96,
data.unity3d,1996,MonoScript,NetworkTeamAssignInfo,,104,
data.unity3d,1997,MonoScript,ShelpInventoryAccessor,,100,
data.unity3d,1998,MonoScript,SeadMethodTreeMgr,,92,
data.unity3d,1999,MonoScript,UITourTopHeaderDynamicMessage,,120,
data.unity3d,2000,MonoScript,DemoCamera,,80,
data.unity3d,2001,MonoScript,SakashoAssetManager,,96,
data.unity3d,2002,MonoScript,BinMsgFile,,104,
data.unity3d,2003,MonoScript,UIChallengeScreen,,96,
data.unity3d,2004,MonoScript,ItemObj012,,80,
data.unity3d,2005,MonoScript,ParamCharInfoAccessor,,108,
data.unity3d,2006,MonoScript,UIUserNetPlayRank,,96,
data.unity3d,2007,MonoScript,DemoCameraRail,,88,
data.unity3d,2008,MonoScript,FeatureFlag,,92,
data.unity3d,2009,MonoScript,UtilErrorCodeSakashoSpecificModuleMapping,,140,
data.unity3d,2010,MonoScript,ICacheManager,,92,
data.unity3d,2011,MonoScript,UIActiveOnlyEventTutorialComponent,,128,
data.unity3d,2012,MonoScript,ItemComponentVisiblityAndColMode,,120,
data.unity3d,2013,MonoScript,UINewObjectBase,,88,
data.unity3d,2014,MonoScript,RemoteTestResultDataFactory,,152,
data.unity3d,2015,MonoScript,Misc,,76,
data.unity3d,2016,MonoScript,EventTestCase,,88,
data.unity3d,2017,MonoScript,TouchEffectBase,,88,
data.unity3d,2018,MonoScript,LayoutUtility,,100,
data.unity3d,2019,MonoScript,PlayableTrack,,104,
data.unity3d,2020,MonoScript,UITreasureBoxInfo,,96,
data.unity3d,2021,MonoScript,ItemComponentAudio,,96,
data.unity3d,2022,MonoScript,ColorBlock,,92,
data.unity3d,2023,MonoScript,ItemComponentScaleByHit,,104,
data.unity3d,2024,MonoScript,ScriptableItemComponentAtt,,112,
data.unity3d,2025,MonoScript,MapObjPartRollHelper,,96,
data.unity3d,2026,MonoScript,ImmediateEnumerableCommand,,140,
data.unity3d,2027,MonoScript,ShelpGiftablePlayerResourceListPager,,120,
data.unity3d,2028,MonoScript,TextAnimationController,,104,
data.unity3d,2029,MonoScript,SeadTickTime,,76,
data.unity3d,2030,MonoScript,SakashoAnnouncementDefine,,108,
data.unity3d,2031,MonoScript,ItemObjThunder,,88,
data.unity3d,2032,MonoScript,UIDynamicSuperWinPinbadgeImageLoader,,128,
data.unity3d,2033,MonoScript,UICoinRaceList,,88,
data.unity3d,2034,MonoScript,PrepareIntegrityTokenRequest,,140,
data.unity3d,2035,MonoScript,UtilUnityApiAdapterDefine,,108,
data.unity3d,2036,MonoScript,ImageVertexTransform,,96,
data.unity3d,2037,MonoScript,ScriptableCameraKartParam,,112,
data.unity3d,2038,MonoScript,UITutorialBalloonSettings,,112,
data.unity3d,2039,MonoScript,UICourseInEndEvent,,96,
data.unity3d,2040,MonoScript,GearActorOnPostRender,,100,
data.unity3d,2041,MonoScript,MapObjDotBar,,80,
data.unity3d,2042,MonoScript,EffectMapObj,,80,
data.unity3d,2043,MonoScript,UIPickUpShopInfo,,88,
data.unity3d,2044,MonoScript,TMP_SpriteAsset,,96,
data.unity3d,2045,MonoScript,SnsTwitterJsonUser,,88,
data.unity3d,2046,MonoScript,SeadHostIOAttribute,,84,
data.unity3d,2047,MonoScript,SeadTaskBase,,76,
data.unity3d,2048,MonoScript,AudioBehaviorScreen,,96,
data.unity3d,2049,MonoScript,UIProgressBarDynamicMessage,,112,
data.unity3d,2050,MonoScript,SeadHostIOEventListenter,,88,
data.unity3d,2051,MonoScript,ItemSlotMaster,,88,
data.unity3d,2052,MonoScript,CameraModuleParam,,96,
data.unity3d,2053,MonoScript,UIDescriptionOnceAction,,104,
data.unity3d,2054,MonoScript,SystemUtil,,80,
data.unity3d,2055,MonoScript,DebugUIDrawer,,88,
data.unity3d,2056,MonoScript,AkVector,,68,
data.unity3d,2057,MonoScript,UIDownloadInfo,,88,
data.unity3d,2058,MonoScript,UtilErrorCodeSakashoCommonMapping,,124,
data.unity3d,2059,MonoScript,MessageSetterOrTextNumberTextureComponent,,144,
data.unity3d,2060,MonoScript,ShelpSubscriptionEntitlement,,112,
data.unity3d,2061,MonoScript,IMeshModifier,,100,
data.unity3d,2062,MonoScript,Delivery,,76,
data.unity3d,2063,MonoScript,NetworkDataRace,,88,
data.unity3d,2064,MonoScript,AIItemRandom,,80,
data.unity3d,2065,MonoScript,UtilSafetyCast,,72,
data.unity3d,2066,MonoScript,RaceEventCountBeatKuriboManager,,120,
data.unity3d,2067,MonoScript,UIPartsSortTypeNameDynamicMessage,,128,
data.unity3d,2068,MonoScript,ItemFork,,72,
data.unity3d,2069,MonoScript,net_Types,,112,
data.unity3d,2070,MonoScript,NetworkSynchronizerItemEvent,,112,
data.unity3d,2071,MonoScript,AspectRatioFitter,,108,
data.unity3d,2072,MonoScript,UIPvPRuleLimitedToItemDynamicMessage,,128,
data.unity3d,2073,MonoScript,ShelpSecurityAccessor,,100,
data.unity3d,2074,MonoScript,RaceTourEndingParadeManager,,112,
data.unity3d,2075,MonoScript,ShelpAssetAccessor,,92,
data.unity3d,2076,MonoScript,NetworkPacketBase,,88,
data.unity3d,2077,MonoScript,UIGo,,64,
data.unity3d,2078,MonoScript,AudioDebugManager,,96,
data.unity3d,2079,MonoScript,FastAction,,88,
data.unity3d,2080,MonoScript,RaceQuickRaceManager,,96,
data.unity3d,2081,MonoScript,WanCreateSessionSettingNative,,128,
data.unity3d,2082,MonoScript,IRemoteTestResultDataFactory,,152,
data.unity3d,2083,MonoScript,UnityTestAssemblyRunner,,156,
data.unity3d,2084,MonoScript,ShelpApiResultTemplateHandler,,112,
data.unity3d,2085,MonoScript,AnimationStartAndUpdateVector3Value,,128,
data.unity3d,2086,MonoScript,TMP_TextElement_Legacy,,112,
data.unity3d,2087,MonoScript,UISubscriptionWarning,,104,
data.unity3d,2088,MonoScript,UtilErrorCodeAutoNumbering,,108,
data.unity3d,2089,MonoScript,AISpeedRankRace,,88,
data.unity3d,2090,MonoScript,ShelpRankRaceAccessor,,100,
data.unity3d,2091,MonoScript,UIScreenManagerBase,,96,
data.unity3d,2092,MonoScript,SakashoStorageStockCoinraceTicket,,128,
data.unity3d,2093,MonoScript,UIPvpPinInput,,88,
data.unity3d,2094,MonoScript,ActivityResult,,112,
data.unity3d,2095,MonoScript,UIPvPRuleBalloonNumDynamicMessage,,128,
data.unity3d,2096,MonoScript,SakashoAnalyticsTreasure,,104,
data.unity3d,2097,MonoScript,DebugScriptableCollisionGndCol,,120,
data.unity3d,2098,MonoScript,MapObjMatoateStand,,96,
data.unity3d,2099,MonoScript,UIScreenOpeningEventActionTrigger,,128,
data.unity3d,2100,MonoScript,PiaPluginSessionNative,,108,
data.unity3d,2101,MonoScript,ScriptableItemParamClass019,,112,
data.unity3d,2102,MonoScript,MapUnitManager,,88,
data.unity3d,2103,MonoScript,MapObjReact,,80,
data.unity3d,2104,MonoScript,KartGlidePathUpdater,,96,
data.unity3d,2105,MonoScript,AkWaapiUtilities,,84,
data.unity3d,2106,MonoScript,UISuperWinAchievementInfo,,112,
data.unity3d,2107,MonoScript,SnsTwitterAuthHeader,,92,
data.unity3d,2108,MonoScript,GraphicKartDriverResource,,112,
data.unity3d,2109,MonoScript,IEditModeTestYieldInstruction,,148,
data.unity3d,2110,MonoScript,UIUserRankIcon,,88,
data.unity3d,2111,MonoScript,UIDynamicQuickStartIconImageLoader,,128,
data.unity3d,2112,MonoScript,ICurvesOwner,,96,
data.unity3d,2113,MonoScript,Marker,,88,
data.unity3d,2114,MonoScript,DataHolderValueSource,,104,
data.unity3d,2115,MonoScript,ActionList,,80,
data.unity3d,2116,MonoScript,UIDynamicPassImageLoader,,104,
data.unity3d,2117,MonoScript,NotificationCenter,,124,
data.unity3d,2118,MonoScript,AISpeedBossKoopaBalloon,,104,
data.unity3d,2119,MonoScript,ShelpPlayerAccessor,,116,
data.unity3d,2120,MonoScript,SakashoWappenSheetManager,,112,
data.unity3d,2121,MonoScript,MeterTarget,,80,
data.unity3d,2122,MonoScript,UIMarkPointComponent,,96,
data.unity3d,2123,MonoScript,PanelEventHandler,,116,
data.unity3d,2124,MonoScript,SakashoInventoryContent,,108,
data.unity3d,2125,MonoScript,UIStaminaProductInfo,,96,
data.unity3d,2126,MonoScript,SakashoPartsLevelParams,,96,
data.unity3d,2127,MonoScript,MapObjGlideCannon,,96,
data.unity3d,2128,MonoScript,StateMachineBehaviourEnterEvent,,120,
data.unity3d,2129,MonoScript,GridLayoutGroup,,100,
data.unity3d,2130,MonoScript,AkSpatialAudioListener,,100,
data.unity3d,2131,MonoScript,UIPvPRaceNumBeltDynamicMessage,,120,
data.unity3d,2132,MonoScript,SakashoPvPBattleRuleScheduleManager,,128,
data.unity3d,2133,MonoScript,UIChangedStockVirtualCurrencyEvent,,128,
data.unity3d,2134,MonoScript,UIRaceHudCameraButton,,104,
data.unity3d,2135,MonoScript,UIMessage,,80,
data.unity3d,2136,MonoScript,NabeFileBinary,,84,
data.unity3d,2137,MonoScript,UIMiiCommonDescriptionDynamicMessage,,128,
data.unity3d,2138,MonoScript,cloud_Definitions,,108,
data.unity3d,2139,MonoScript,ItemSlotUIProxy,,88,
data.unity3d,2140,MonoScript,UINewsDescriptionDynamicMessage,,120,
data.unity3d,2141,MonoScript,AudioTrack,,96,
data.unity3d,2142,MonoScript,SeadFramework,,84,
data.unity3d,2143,MonoScript,UITitle,,72,
data.unity3d,2144,MonoScript,UtilUnityApiAdapterGameObject,,116,
data.unity3d,2145,MonoScript,ForegroundAndBackgroundColor,,112,
data.unity3d,2146,MonoScript,UtilUnitySampler,,72,
data.unity3d,2147,MonoScript,ScriptableItemParamBase,,104,
data.unity3d,2148,MonoScript,OpenCloseObjectOpenAction,,112,
data.unity3d,2149,MonoScript,UIBingoChallengeCellListItem,,112,
data.unity3d,2150,MonoScript,EffectMapObjTrigger,,96,
data.unity3d,2151,MonoScript,PostProcessVolume,,128,
data.unity3d,2152,MonoScript,AkReflectionPathInfo,,92,
data.unity3d,2153,MonoScript,UIRestBackKeyHandler,,96,
data.unity3d,2154,MonoScript,AIItemRunType018,,88,
data.unity3d,2155,MonoScript,TestExtensions,,132,
data.unity3d,2156,MonoScript,MoveToTarget,,80,
data.unity3d,2157,MonoScript,UIEventShopConfirm,,96,
data.unity3d,2158,MonoScript,sync_Definitions,,108,
data.unity3d,2159,MonoScript,DiscreteTime,,96,
data.unity3d,2160,MonoScript,AkTerminator,,76,
data.unity3d,2161,MonoScript,AnimatorTester,,88,
data.unity3d,2162,MonoScript,SakashoProductLeagueShopSlotNewFlag,,124,
data.unity3d,2163,MonoScript,DebugScriptableCameraGetawayParam,,128,
data.unity3d,2164,MonoScript,Localize,,76,
data.unity3d,2165,MonoScript,ScriptableMapObjModelShadow,,112,
data.unity3d,2166,MonoScript,NetworkSynchronizerRace,,104,
data.unity3d,2167,MonoScript,UINotActivenInViewModeGoalComponent,,128,
data.unity3d,2168,MonoScript,UIItemData,,80,
data.unity3d,2169,MonoScript,UICoreArea,,80,
data.unity3d,2170,MonoScript,MaxAttribute,,112,
data.unity3d,2171,MonoScript,ScrollText,,80,
data.unity3d,2172,MonoScript,ShelpMasterAccessor,,100,
data.unity3d,2173,MonoScript,UIResetPresentListNewFlagAction,,120,
data.unity3d,2174,MonoScript,UILapCountUpEventActionTrigger,,120,
data.unity3d,2175,MonoScript,NabeProxy,,76,
data.unity3d,2176,MonoScript,MemberValueSource,,96,
data.unity3d,2177,MonoScript,UIRegionDynamicMessage,,104,
data.unity3d,2178,MonoScript,UICupCourseInfo,,88,
data.unity3d,2179,MonoScript,UtilApplicationArgument,,88,
data.unity3d,2180,MonoScript,ScriptableAudioParamGeneral,,112,
data.unity3d,2181,MonoScript,emulation_Types,,116,
data.unity3d,2182,MonoScript,Prefab,,76,
data.unity3d,2183,MonoScript,RaceDefine,,80,
data.unity3d,2184,MonoScript,DebugUserCameraFactory,,104,
data.unity3d,2185,MonoScript,MapObjCrab,,80,
data.unity3d,2186,MonoScript,DebugMachinePartsCapture,,104,
data.unity3d,2187,MonoScript,MapObjBoundPinball,,96,
data.unity3d,2188,MonoScript,SynchronizedScaleAnimationManager,,128,
data.unity3d,2189,MonoScript,UIBuretteListItem,,96,
data.unity3d,2190,MonoScript,ScriptableItemComponentEffect,,120,
data.unity3d,2191,MonoScript,UIDynamicAvailableItemIconImageLoader,,136,
data.unity3d,2192,MonoScript,UIExternalSystem,,88,
data.unity3d,2193,MonoScript,UIApplicationBackAction,,104,
data.unity3d,2194,MonoScript,UIPlayerName,,80,
data.unity3d,2195,MonoScript,LeaderboardScoreData,,120,
data.unity3d,2196,MonoScript,ItemObjKouraG,,88,
data.unity3d,2197,MonoScript,PostProcessProfile,,128,
data.unity3d,2198,MonoScript,AssetIntDictionaryBase,,108,
data.unity3d,2199,MonoScript,AtomicProtocolNative,,108,
data.unity3d,2200,MonoScript,ItemObj005,,80,
data.unity3d,2201,MonoScript,AISearch,,72,
data.unity3d,2202,MonoScript,MapObjGenerateBase,,96,
data.unity3d,2203,MonoScript,IFeatureFlagStore,,100,
data.unity3d,2204,MonoScript,UISettingHelpScreen,,96,
data.unity3d,2205,MonoScript,ItemFeverProbabilityOfRankData,,120,
data.unity3d,2206,MonoScript,UIRacePvPErrorManager,,104,
data.unity3d,2207,MonoScript,IntervalTree,,96,
data.unity3d,2208,MonoScript,ScriptableItemComponentStraight,,120,
data.unity3d,2209,MonoScript,MonoBehaviourEvent,,96,
data.unity3d,2210,MonoScript,UISubEngine,,80,
data.unity3d,2211,MonoScript,UIExceptionWindow,,96,
data.unity3d,2212,MonoScript,SakashoStorageUdemaeRestorer,,128,
data.unity3d,2213,MonoScript,ShelpPlayerStorageSaveEntry,,116,
data.unity3d,2214,MonoScript,CollisionPrimColManager,,104,
data.unity3d,2215,MonoScript,UIExternal,,80,
data.unity3d,2216,MonoScript,StateMachineBehaviourEventSender,,120,
data.unity3d,2217,MonoScript,UIRaceYposAdjuster,,96,
data.unity3d,2218,MonoScript,UIFewTimeIcon,,88,
data.unity3d,2219,MonoScript,GyroBackgroundMoveBase,,104,
data.unity3d,2220,MonoScript,UISeasonNameDynamicMessage,,112,
data.unity3d,2221,MonoScript,UIObjectPool,,80,
data.unity3d,2222,MonoScript,UIBuySpecialOfferRepeatedly,,112,
data.unity3d,2223,MonoScript,UtilVfrVector3,,84,
data.unity3d,2224,MonoScript,Toggle,,84,
data.unity3d,2225,MonoScript,Mask.Impl,,76,
data.unity3d,2226,MonoScript,UICupNotOpenDynamicMessage,,112,
data.unity3d,2227,MonoScript,SnsTwitterRequestToken,,96,
data.unity3d,2228,MonoScript,ToggleMessageSetterOverride,,112,
data.unity3d,2229,MonoScript,UIOnOffDropdownMessage,,104,
data.unity3d,2230,MonoScript,MapObjArrowWood,,88,
data.unity3d,2231,MonoScript,UIComboAttackHideComponent,,112,
data.unity3d,2232,MonoScript,ItemAnim,,72,
data.unity3d,2233,MonoScript,SakashoRankingAI,,92,
data.unity3d,2234,MonoScript,TMP_CharacterInfo,,104,
data.unity3d,2235,MonoScript,ScriptableItemParamClass005,,112,
data.unity3d,2236,MonoScript,ItemNumManager,,88,
data.unity3d,2237,MonoScript,UISeasonRewardRankPointChanger,,120,
data.unity3d,2238,MonoScript,MapObjWaterSurface,,96,
data.unity3d,2239,MonoScript,GearUtilRandom,,80,
data.unity3d,2240,MonoScript,DisplayNameAttribute,,128,
data.unity3d,2241,MonoScript,AssemblyNameFilter,,148,
data.unity3d,2242,MonoScript,EffectItemObj,,88,
data.unity3d,2243,MonoScript,IPlayGamesClient,,112,
data.unity3d,2244,MonoScript,UtilRail,,76,
data.unity3d,2245,MonoScript,UIJumpButtonDynamicMessage,,112,
data.unity3d,2246,MonoScript,PayloadExtensions,,108,
data.unity3d,2247,MonoScript,SakashoStorageStaminaInfo,,112,
data.unity3d,2248,MonoScript,UICupOpenTicket,,88,
data.unity3d,2249,MonoScript,UIGdprTarget,,80,
data.unity3d,2250,MonoScript,ScriptableItemMtxCurveL,,104,
data.unity3d,2251,MonoScript,AkSoundEngineController,,100,
data.unity3d,2252,MonoScript,AkBasePathGetter,,84,
data.unity3d,2253,MonoScript,MapObjPuddle,,80,
data.unity3d,2254,MonoScript,SeadUnityUpdateThreadTask,,108,
data.unity3d,2255,MonoScript,BaseEventData,,108,
data.unity3d,2256,MonoScript,SakashoStorageStockPartsScoreUpTicket,,136,
data.unity3d,2257,MonoScript,EffectDefine,,80,
data.unity3d,2258,MonoScript,Group,,96,
data.unity3d,2259,MonoScript,UIDotLineSeparator,,96,
data.unity3d,2260,MonoScript,UIExternalRaceCommon,,96,
data.unity3d,2261,MonoScript,InspectorButtonAttribute,,112,
data.unity3d,2262,MonoScript,CollisionPrimColDefine,,104,
data.unity3d,2263,MonoScript,IGraphicEnabledDisabled,,116,
data.unity3d,2264,MonoScript,SakashoAnalyticsOSAchievement,,116,
data.unity3d,2265,MonoScript,UISeasonRewardListItem,,104,
data.unity3d,2266,MonoScript,MessageMsTextReader,,96,
data.unity3d,2267,MonoScript,SakashoProductSpecialOffer,,104,
data.unity3d,2268,MonoScript,ShelpInventoryPager,,104,
data.unity3d,2269,MonoScript,ShelpInventoryServerControlledResource,,132,
data.unity3d,2270,MonoScript,UtilVersion,,76,
data.unity3d,2271,MonoScript,MapObjGlideBoard3dstcBlock,,112,
data.unity3d,2272,MonoScript,AkGameObjPositionOffsetData,,108,
data.unity3d,2273,MonoScript,GearUtilByamlUtil,,88,
data.unity3d,2274,MonoScript,DebugTouchEffect,,88,
data.unity3d,2275,MonoScript,AutomaticDataCollector,,108,
data.unity3d,2276,MonoScript,UIGetItemReasonDynamicMessage,,120,
data.unity3d,2277,MonoScript,AdvertisingResult,,128,
data.unity3d,2278,MonoScript,SakashoAnnouncementAnnouncementData,,128,
data.unity3d,2279,MonoScript,UIWappenCelebration,,96,
data.unity3d,2280,MonoScript,UIDynamicMainMenuItemBackgroundImageLoader,,144,
data.unity3d,2281,MonoScript,SakashoRaceIndividualCourse,,112,
data.unity3d,2282,MonoScript,UIRaceManagerEvent,,96,
data.unity3d,2283,MonoScript,SystemUICaptureManager,,104,
data.unity3d,2284,MonoScript,PostProcessLayer,,120,
data.unity3d,2285,MonoScript,AkWwiseState,,80,
data.unity3d,2286,MonoScript,UIItemListItem,,88,
data.unity3d,2287,MonoScript,UtilMofManager,,84,
data.unity3d,2288,MonoScript,UIAuthorizeAndLinkNintendoAccountAction,,136,
data.unity3d,2289,MonoScript,CameraUtil,,80,
data.unity3d,2290,MonoScript,SeadVector2CalcCommon,,104,
data.unity3d,2291,MonoScript,SeadHostIODefine,,80,
data.unity3d,2292,MonoScript,Utils,,104,
data.unity3d,2293,MonoScript,WanSessionSearchCriteriaNative,,128,
data.unity3d,2294,MonoScript,TextMeshPro,,88,
data.unity3d,2295,MonoScript,ArrayTools,,116,
data.unity3d,2296,MonoScript,NetworkRaceInfoManagerPacket,,108,
data.unity3d,2297,MonoScript,AkSoundEngine_Windows,,92,
data.unity3d,2298,MonoScript,GraphicCustomStandardShaderProperties,,136,
data.unity3d,2299,MonoScript,RectMask2DEx,,80,
data.unity3d,2300,MonoScript,SakashoAnalyticsLeagueShop,,120,
data.unity3d,2301,MonoScript,Images,,72,
data.unity3d,2302,MonoScript,PlayerUtil,,80,
data.unity3d,2303,MonoScript,SakashoAnalyticsP2PMatching,,112,
data.unity3d,2304,MonoScript,InvalidSignatureException,,148,
data.unity3d,2305,MonoScript,EffectTransformHash,,96,
data.unity3d,2306,MonoScript,UIWebViewOpenTreasureBoxDescriptionAction,,144,
data.unity3d,2307,MonoScript,TMP_Sprite,,88,
data.unity3d,2308,MonoScript,NearbyConnectionConfiguration,,152,
data.unity3d,2309,MonoScript,AkEnvironment,,84,
data.unity3d,2310,MonoScript,CameraModuleAutoRotate,,104,
data.unity3d,2311,MonoScript,ItemGenerator,,88,
data.unity3d,2312,MonoScript,MapObjRoadAppear,,88,
data.unity3d,2313,MonoScript,AIManager,,80,
data.unity3d,2314,MonoScript,ShelpSeasonSummaryAccessor,,108,
data.unity3d,2315,MonoScript,TMPro_EventManager,,104,
data.unity3d,2316,MonoScript,UIRemoveDialogStackTopAction,,116,
data.unity3d,2317,MonoScript,ShelpPaymentAccessor,,112,
data.unity3d,2318,MonoScript,CameraParade,,80,
data.unity3d,2319,MonoScript,UIDiscountRateAnimationSynchronize,,128,
data.unity3d,2320,MonoScript,Ak3dData,,68,
data.unity3d,2321,MonoScript,UtilLabelAttribute,,92,
data.unity3d,2322,MonoScript,MaskableGraphic,,100,
data.unity3d,2323,MonoScript,Event,,84,
data.unity3d,2324,MonoScript,UIEventRewardTargetRaceDynamicMessage,,136,
data.unity3d,2325,MonoScript,NabeCargo,,76,
data.unity3d,2326,MonoScript,AkWwiseTrigger,,84,
data.unity3d,2327,MonoScript,EffectFieldObj,,88,
data.unity3d,2328,MonoScript,SakashoInventoryContentSelectable,,132,
data.unity3d,2329,MonoScript,CollisionDataGndMaterialSet,,112,
data.unity3d,2330,MonoScript,SakashoAnalyticsMission,,104,
data.unity3d,2331,MonoScript,TextNumberTextureDebugComponent,,120,
data.unity3d,2332,MonoScript,TextNumberTextureImage,,104,
data.unity3d,2333,MonoScript,MapObjHeyhoCarpet,,96,
data.unity3d,2334,MonoScript,DebugSerializedEnumChecker,,108,
data.unity3d,2335,MonoScript,AkWwiseSoundbanksInfoXMLFileWatcher,,124,
data.unity3d,2336,MonoScript,RenderLayerManager,,88,
data.unity3d,2337,MonoScript,MapObjMovingRoadEx,,96,
data.unity3d,2338,MonoScript,UIMenuItem,,88,
data.unity3d,2339,MonoScript,UnityTestAssemblyBuilder,,148,
data.unity3d,2340,MonoScript,UIBtnViewModeComponent,,104,
data.unity3d,2341,MonoScript,SakashoAnalyticsMatchingBeforeRace,,132,
data.unity3d,2342,MonoScript,UIParadeFilterNameDynamicMessage,,120,
data.unity3d,2343,MonoScript,LogMatch,,108,
data.unity3d,2344,MonoScript,UICrashreportAction,,96,
data.unity3d,2345,MonoScript,UIRebootAction,,88,
data.unity3d,2346,MonoScript,UIEventShopInfo,,88,
data.unity3d,2347,MonoScript,UIPresentList,,88,
data.unity3d,2348,MonoScript,AkSoundEnginePINVOKE_Windows,,100,
data.unity3d,2349,MonoScript,UIMissionDetailDynamicMessage,,120,
data.unity3d,2350,MonoScript,SakashoRaceWeeklyEvent,,100,
data.unity3d,2351,MonoScript,UIDisableDialogPushStackAction,,116,
data.unity3d,2352,MonoScript,DebugProfilingManager,,104,
data.unity3d,2353,MonoScript,WanServiceSettingNative,,116,
data.unity3d,2354,MonoScript,NabePack,,68,
data.unity3d,2355,MonoScript,NumberMaching,,92,
data.unity3d,2356,MonoScript,PlayerAccessor,,88,
data.unity3d,2357,MonoScript,UINotificationScreen,,96,
data.unity3d,2358,MonoScript,UtilUnionString,,72,
data.unity3d,2359,MonoScript,UIRankingCustomizeItem,,104,
data.unity3d,2360,MonoScript,UtilErrorCodeVideoPlayerIterator,,116,
data.unity3d,2361,MonoScript,SakashoProductSpecialOfferStorageController,,140,
data.unity3d,2362,MonoScript,MapUnitSoundObj,,88,
data.unity3d,2363,MonoScript,TestEnumeratorWrapper,,140,
data.unity3d,2364,MonoScript,SakashoProductSeasonPass,,100,
data.unity3d,2365,MonoScript,UISceneJumpManager,,96,
data.unity3d,2366,MonoScript,SafeAreaDrawer,,88,
data.unity3d,2367,MonoScript,net_SessionSetting,,116,
data.unity3d,2368,MonoScript,ItemResource,,80,
data.unity3d,2369,MonoScript,MapObjForceArea,,88,
data.unity3d,2370,MonoScript,UIRankingDetailConfirm,,104,
data.unity3d,2371,MonoScript,AudioListenerManager,,96,
data.unity3d,2372,MonoScript,DummyNearbyConnectionClient,,144,
data.unity3d,2373,MonoScript,SliderSetTarget,,88,
data.unity3d,2374,MonoScript,SessionReport,,100,
data.unity3d,2375,MonoScript,InfiniteRuntimeClip,,112,
data.unity3d,2376,MonoScript,LensDistortion,,120,
data.unity3d,2377,MonoScript,UIRestCountSpecialOfferDynamicMessage,,136,
data.unity3d,2378,MonoScript,ShelpPlayerStorageAccessor,,108,
data.unity3d,2379,MonoScript,WaitAction,,80,
data.unity3d,2380,MonoScript,UIDisableLeavingTimerColor,,112,
data.unity3d,2381,MonoScript,SakashoMiiIconCacheSystem,,112,
data.unity3d,2382,MonoScript,UIFestivalTeamNameDynamicMessage,,120,
data.unity3d,2383,MonoScript,ScriptableItemComponentAroundRot,,120,
data.unity3d,2384,MonoScript,UIEventRaceTime,,88,
data.unity3d,2385,MonoScript,SakashoRaceEventRaceManager,,108,
data.unity3d,2386,MonoScript,UIToggleGroupComponent,,104,
data.unity3d,2387,MonoScript,NGMediaSaveCallbackiOS,,132,
data.unity3d,2388,MonoScript,UIItemNameDynamicMessage,,104,
data.unity3d,2389,MonoScript,GearUtilRigidBody,,88,
data.unity3d,2390,MonoScript,UIDialogBackButtons,,96,
data.unity3d,2391,MonoScript,NabeDebug,,76,
data.unity3d,2392,MonoScript,RaceUtil,,72,
data.unity3d,2393,MonoScript,UIUserRankSeasonPointList,,112,
data.unity3d,2394,MonoScript,UIMainMenuTreasureBoxItemInfo,,120,
data.unity3d,2395,MonoScript,UIGlobalDecideAction,,96,
data.unity3d,2396,MonoScript,AkTriggerBase,,84,
data.unity3d,2397,MonoScript,ItemHeartOwner,,88,
data.unity3d,2398,MonoScript,UIRequestRetryAction,,96,
data.unity3d,2399,MonoScript,UITotalPointChallengeRewardList,,120,
data.unity3d,2400,MonoScript,Time,,68,
data.unity3d,2401,MonoScript,MapObjLocatorObserver,,104,
data.unity3d,2402,MonoScript,AkSoundEngine,,84,
data.unity3d,2403,MonoScript,EndpointDetails,,120,
data.unity3d,2404,MonoScript,ScriptableKCollision,,96,
data.unity3d,2405,MonoScript,UIFriendInviteListItem,,104,
data.unity3d,2406,MonoScript,MapObjMoray,,80,
data.unity3d,2407,MonoScript,UIDynamicMenuButtonImageLoader,,120,
data.unity3d,2408,MonoScript,UIEventCategoryChildTitleDynamicMessage,,136,
data.unity3d,2409,MonoScript,ItemSensorManager,,96,
data.unity3d,2410,MonoScript,AkiOSSettings,,84,
data.unity3d,2411,MonoScript,RepeatImage,,80,
data.unity3d,2412,MonoScript,BoolTestCase,,80,
data.unity3d,2413,MonoScript,UICupNormalCourseClearConditionDynamicMessage,,152,
data.unity3d,2414,MonoScript,KartTireSettings,,88,
data.unity3d,2415,MonoScript,UtilVfrQuat,,76,
data.unity3d,2416,MonoScript,ItemObj027,,80,
data.unity3d,2417,MonoScript,SakashoNintendoAccountManager,,120,
data.unity3d,2418,MonoScript,OpenCloseObjectClosedEvent,,112,
data.unity3d,2419,MonoScript,SakashoRaceTaskPlan,,96,
data.unity3d,2420,MonoScript,SakashoResourceAccessor,,104,
data.unity3d,2421,MonoScript,IError,,84,
data.unity3d,2422,MonoScript,ShelpPlayerStorageConfig,,104,
data.unity3d,2423,MonoScript,AkPositioningData,,92,
data.unity3d,2424,MonoScript,SceneJumpSetting,,88,
data.unity3d,2425,MonoScript,MapObjChoropoo,,88,
data.unity3d,2426,MonoScript,ClipperRegistry,,100,
data.unity3d,2427,MonoScript,SystemErrorCodeManager,,104,
data.unity3d,2428,MonoScript,UISwitchNintendoAccountAction,,120,
data.unity3d,2429,MonoScript,Reckoning3dProtocolNative,,124,
data.unity3d,2430,MonoScript,CameraModuleFreeRotate,,104,
data.unity3d,2431,MonoScript,SakashoProductTreasureBoxProduct,,112,
data.unity3d,2432,MonoScript,AnimatorEventListener,,104,
data.unity3d,2433,MonoScript,UIDynamicRarityImageLoader,,112,
data.unity3d,2434,MonoScript,MapObjTrackHelper,,96,
data.unity3d,2435,MonoScript,AkRoomParams,,76,
data.unity3d,2436,MonoScript,EffectGameObjectContainerPair,,124,
data.unity3d,2437,MonoScript,SakashoStorageServerSpecified,,120,
data.unity3d,2438,MonoScript,PageScroller,,80,
data.unity3d,2439,MonoScript,CustomInspectorAttribute,,112,
data.unity3d,2440,MonoScript,InputVirtualStick,,96,
data.unity3d,2441,MonoScript,IMonoBehaviourTest,,124,
data.unity3d,2442,MonoScript,RuntimeTestRunnerFilter,,144,
data.unity3d,2443,MonoScript,PlayGamesLeaderboard,,112,
data.unity3d,2444,MonoScript,MapUnitDefine,,88,
data.unity3d,2445,MonoScript,MapObjCannonBarrel,,96,
data.unity3d,2446,MonoScript,EffectDirector,,88,
data.unity3d,2447,MonoScript,AudioObjSeItemObj,,96,
data.unity3d,2448,MonoScript,AIItemRunKiller,,88,
data.unity3d,2449,MonoScript,AudioScriptableParamManager,,112,
data.unity3d,2450,MonoScript,UIPromotionCourseNumDynamicMessage,,128,
data.unity3d,2451,MonoScript,NGPermissionCallbackAndroid,,140,
data.unity3d,2452,MonoScript,RaceAnalyticsCommonRecorder,,100,
data.unity3d,2453,MonoScript,AkMusicPlaylistCallbackInfo,,108,
data.unity3d,2454,MonoScript,UIPickupProductBorderList,,112,
data.unity3d,2455,MonoScript,EffectKartChassis,,96,
data.unity3d,2456,MonoScript,MapObjPropellerRing,,96,
data.unity3d,2457,MonoScript,UIFirstSetting,,88,
data.unity3d,2458,MonoScript,UIDynamicLockImageSwitcher,,112,
data.unity3d,2459,MonoScript,SystemGalleryUtil,,96,
data.unity3d,2460,MonoScript,UITicketNumSetting,,96,
data.unity3d,2461,MonoScript,AttributeUtil,,76,
data.unity3d,2462,MonoScript,InputGyrometer,,88,
data.unity3d,2463,MonoScript,SakashoFriendPager,,96,
data.unity3d,2464,MonoScript,AkTriggerMouseDown,,92,
data.unity3d,2465,MonoScript,SakashoAnalyticsSuperWin,,112,
data.unity3d,2466,MonoScript,GraphicStarCalculator,,104,
data.unity3d,2467,MonoScript,ScriptableGndMaterialList,,112,
data.unity3d,2468,MonoScript,SeadMathCalcCommon,,84,
data.unity3d,2469,MonoScript,SakashoAnalyticsP2PRaceDetail,,116,
data.unity3d,2470,MonoScript,UISpecialOfferContentList,,112,
data.unity3d,2471,MonoScript,UtilShredCodeExecutor,,100,
data.unity3d,2472,MonoScript,UtilThreadingMessageQueue,,96,
data.unity3d,2473,MonoScript,MapObjCrossing,,88,
data.unity3d,2474,MonoScript,AkBehavioralPositioningData,,108,
data.unity3d,2475,MonoScript,UIDlgTutorialDrift,,96,
data.unity3d,2476,MonoScript,ScriptableAudioSoundBankAvailabilityPolicy,,144,
data.unity3d,2477,MonoScript,UIEventShopCoin,,88,
data.unity3d,2478,MonoScript,ScriptableItemComponentColorChanger,,128,
data.unity3d,2479,MonoScript,AIUnit,,72,
data.unity3d,2480,MonoScript,UITemporarilyDisableExceptionWindowAction,,144,
data.unity3d,2481,MonoScript,clone_AtomicProtocol,,108,
data.unity3d,2482,MonoScript,CollisionBoxColDefine,,92,
data.unity3d,2483,MonoScript,UIFriendGiftRewards,,96,
data.unity3d,2484,MonoScript,DemoCameraUtil,,88,
data.unity3d,2485,MonoScript,SakashoAnalyticsEventRace,,112,
data.unity3d,2486,MonoScript,AkImageSourceParams,,92,
data.unity3d,2487,MonoScript,AkMarkerCallbackInfo,,92,
data.unity3d,2488,MonoScript,SakashoMasterColorVariationEntry,,116,
data.unity3d,2489,MonoScript,UIRaceRankComponent,,96,
data.unity3d,2490,MonoScript,UtilResetable,,72,
data.unity3d,2491,MonoScript,UIPartsItemSkillDetailDynamicMessage,,128,
data.unity3d,2492,MonoScript,RuntimeUtilities,,120,
data.unity3d,2493,MonoScript,ItemObj036,,80,
data.unity3d,2494,MonoScript,UIUserRankInfo,,88,
data.unity3d,2495,MonoScript,SnsTwitterTokenBase,,92,
data.unity3d,2496,MonoScript,AnimationControllerTriggerAction,,120,
data.unity3d,2497,MonoScript,AIUtil,,72,
data.unity3d,2498,MonoScript,UIPartsItemSkillList,,96,
data.unity3d,2499,MonoScript,UtilThreadingIReceiver,,92,
data.unity3d,2500,MonoScript,common_Api,,112,
data.unity3d,2501,MonoScript,ToggleChangedEvent,,96,
data.unity3d,2502,MonoScript,Adjustment,,84,
data.unity3d,2503,MonoScript,EffectGpuPtclFireWorks,,100,
data.unity3d,2504,MonoScript,UINewsListItem,,88,
data.unity3d,2505,MonoScript,UIFriendRequestAction,,104,
data.unity3d,2506,MonoScript,AudioObjStateCourseSoundPoint,,124,
data.unity3d,2507,MonoScript,MapObjKillerCannon,,96,
data.unity3d,2508,MonoScript,FrameworkEngineCreator,,104,
data.unity3d,2509,MonoScript,IApp,,76,
data.unity3d,2510,MonoScript,AnimationOutputWeightProcessor,,136,
data.unity3d,2511,MonoScript,SakashoMiiIconCacheBase,,116,
data.unity3d,2512,MonoScript,Metadata,,84,
data.unity3d,2513,MonoScript,UIMainMenuNewsListItem,,104,
data.unity3d,2514,MonoScript,ATrace,,76,
data.unity3d,2515,MonoScript,IzumoServiceSettingNative,,120,
data.unity3d,2516,MonoScript,RaceEventDefine,,84,
data.unity3d,2517,MonoScript,LogHistogram,,112,
data.unity3d,2518,MonoScript,UITipsDynamicMessage,,96,
data.unity3d,2519,MonoScript,UtilErrorCodeShelpIterator,,108,
data.unity3d,2520,MonoScript,UIChangedStockCoinEvent,,104,
data.unity3d,2521,MonoScript,SakashoRankingManager,,104,
data.unity3d,2522,MonoScript,AndroidSavedGameClient,,128,
data.unity3d,2523,MonoScript,DemoCameraTarget,,88,
data.unity3d,2524,MonoScript,SakashoAnalyticsRankRaceItem,,108,
data.unity3d,2525,MonoScript,WwiseTriggerReference,,100,
data.unity3d,2526,MonoScript,UIMiiSelect,,80,
data.unity3d,2527,MonoScript,TMP_UpdateRegistery,,104,
data.unity3d,2528,MonoScript,MapUnitMapObj,,88,
data.unity3d,2529,MonoScript,UIOpenKartPartsListAction,,112,
data.unity3d,2530,MonoScript,ItemObjKouraB,,88,
data.unity3d,2531,MonoScript,SystemGalleryManager,,96,
data.unity3d,2532,MonoScript,HorizontalOrVerticalLayoutGroup,,132,
data.unity3d,2533,MonoScript,ItemDefine,,80,
data.unity3d,2534,MonoScript,UIDynamicRankingRankImageLoader,,120,
data.unity3d,2535,MonoScript,UI2DMapInfo,,80,
data.unity3d,2536,MonoScript,ComponentIterator,,96,
data.unity3d,2537,MonoScript,Graphic,,84,
data.unity3d,2538,MonoScript,WhiteListValueSource,,96,
data.unity3d,2539,MonoScript,UIRaceSpeedDynamicMessage,,112,
data.unity3d,2540,MonoScript,PiaPluginIzumoNative,,104,
data.unity3d,2541,MonoScript,ScriptableAudioRumble,,104,
data.unity3d,2542,MonoScript,AIItemParade,,80,
data.unity3d,2543,MonoScript,GraphicDriverFaceChangeEvent,,112,
data.unity3d,2544,MonoScript,Player,,96,
data.unity3d,2545,MonoScript,UIActivenOnlyTutorialComponent,,120,
data.unity3d,2546,MonoScript,ItemSlotResultParamAI,,104,
data.unity3d,2547,MonoScript,GameInfo,,88,
data.unity3d,2548,MonoScript,SakashoAnalyticsManager,,116,
data.unity3d,2549,MonoScript,GearUtilProfile,,80,
data.unity3d,2550,MonoScript,UIMainMenuWindow,,88,
data.unity3d,2551,MonoScript,SakashoStorageAccessorHolder,,116,
data.unity3d,2552,MonoScript,UIEventResult,,88,
data.unity3d,2553,MonoScript,Animation,,84,
data.unity3d,2554,MonoScript,CustomSignalEventDrawer,,120,
data.unity3d,2555,MonoScript,UINextPowerUpInfoDynamicMessage,,120,
data.unity3d,2556,MonoScript,MapObjBubble,,80,
data.unity3d,2557,MonoScript,GearRenderDefine,,84,
data.unity3d,2558,MonoScript,UITotalPointChallengeCellList,,120,
data.unity3d,2559,MonoScript,KartUtilSpring,,88,
data.unity3d,2560,MonoScript,UIPickupInfo,,80,
data.unity3d,2561,MonoScript,CacheManager,,84,
data.unity3d,2562,MonoScript,NabeXXHash,,64,
data.unity3d,2563,MonoScript,NabeHolder,,64,
data.unity3d,2564,MonoScript,Asset,,76,
data.unity3d,2565,MonoScript,MapUnitArea,,80,
data.unity3d,2566,MonoScript,AIItemEvent,,80,
data.unity3d,2567,MonoScript,AnimationSpriteChangerSetTarget,,120,
data.unity3d,2568,MonoScript,CupTestCase,,80,
data.unity3d,2569,MonoScript,UIStaminaItemList,,96,
data.unity3d,2570,MonoScript,UnhandledLogMessageException,,148,
data.unity3d,2571,MonoScript,AkAcousticSurface,,92,
data.unity3d,2572,MonoScript,ISavedGameMetadata,,132,
data.unity3d,2573,MonoScript,izumo_SessionSetting,,120,
data.unity3d,2574,MonoScript,UIEulaContentDynamicMessage,,112,
data.unity3d,2575,MonoScript,SakashoMasterLanguage,,96,
data.unity3d,2576,MonoScript,FolderPathAttribute,,92,
data.unity3d,2577,MonoScript,CollisionBoxColUtil,,88,
data.unity3d,2578,MonoScript,UIRacePlaySteer,,88,
data.unity3d,2579,MonoScript,ScriptableDriverMotionFaceChangeEvent,,136,
data.unity3d,2580,MonoScript,FieldLightProbeChanger,,104,
data.unity3d,2581,MonoScript,UISelectMiiListItem,,96,
data.unity3d,2582,MonoScript,UIHostIoInspectorRoot,,104,
data.unity3d,2583,MonoScript,sync_SyncProtocol,,104,
data.unity3d,2584,MonoScript,ShelpMiiAccessor,,88,
data.unity3d,2585,MonoScript,UIUserRankChanger,,96,
data.unity3d,2586,MonoScript,DemoCourseIntroCamera,,104,
data.unity3d,2587,MonoScript,AnimationColorValue,,96,
data.unity3d,2588,MonoScript,UICurrentWappen,,88,
data.unity3d,2589,MonoScript,MapObjGroupCoordinator,,104,
data.unity3d,2590,MonoScript,NotificationTextTarget,,104,
data.unity3d,2591,MonoScript,UIPvpPinCodePlaceHolderDynamicMessage,,136,
data.unity3d,2592,MonoScript,MapObjBall,,80,
data.unity3d,2593,MonoScript,UINetPlayLobbyComponent,,104,
data.unity3d,2594,MonoScript,UIListDialogList,,88,
data.unity3d,2595,MonoScript,DemoStartCamera,,88,
data.unity3d,2596,MonoScript,AudioObjStateCourse,,96,
data.unity3d,2597,MonoScript,SessionTracker,,92,
data.unity3d,2598,MonoScript,PlayGamesUserProfile,,112,
data.unity3d,2599,MonoScript,HorizontalOrVerticalLayoutGroupEx,,128,
data.unity3d,2600,MonoScript,SakashoProductTreasureNewFlag,,112,
data.unity3d,2601,MonoScript,TMP_StyleSheet,,96,
data.unity3d,2602,MonoScript,UIOpenCoinRaceListAction,,104,
data.unity3d,2603,MonoScript,SakashoMasterMiiSuitBonusBasePoint,,124,
data.unity3d,2604,MonoScript,izumo_IzumoService,,104,
data.unity3d,2605,MonoScript,UIScreenClosedEventActionTrigger,,120,
data.unity3d,2606,MonoScript,RecordTargetId,,88,
data.unity3d,2607,MonoScript,FrameworkArena,,88,
data.unity3d,2608,MonoScript,ItemGameObjectManager,,104,
data.unity3d,2609,MonoScript,UICanUseSkillLevelUpTicket,,112,
data.unity3d,2610,MonoScript,MapObjBlockShellFish,,96,
data.unity3d,2611,MonoScript,RaceCallbackManager,,92,
data.unity3d,2612,MonoScript,QuadShape,,80,
data.unity3d,2613,MonoScript,AkSurfaceReflector,,92,
data.unity3d,2614,MonoScript,session_Definitions,,116,
data.unity3d,2615,MonoScript,MapObjSanbo,,80,
data.unity3d,2616,MonoScript,MapObjDeck,,80,
data.unity3d,2617,MonoScript,GearActorDebugManager,,100,
data.unity3d,2618,MonoScript,RaceSequenceSubManagerEvent,,112,
data.unity3d,2619,MonoScript,Breadcrumb,,92,
data.unity3d,2620,MonoScript,MapObjLookAtHelper,,96,
data.unity3d,2621,MonoScript,UILinkFacebookAction,,96,
data.unity3d,2622,MonoScript,UIFeverEndChecker,,96,
data.unity3d,2623,MonoScript,IPrebuildSceneSetup,,120,
data.unity3d,2624,MonoScript,UIBuretteListBase,,96,
data.unity3d,2625,MonoScript,MapObjBanana,,80,
data.unity3d,2626,MonoScript,AkWwiseEditorSettings,,100,
data.unity3d,2627,MonoScript,ScriptableItemParamThunder,,112,
data.unity3d,2628,MonoScript,UINetPlayWaitCoinContentComponent,,128,
data.unity3d,2629,MonoScript,PiaPlugin_ConnectionAnalysisDataNative,,140,
data.unity3d,2630,MonoScript,LayoutElementSizeCopy,,104,
data.unity3d,2631,MonoScript,AudioBehaviorBase,,96,
data.unity3d,2632,MonoScript,ResourceRKart,,76,
data.unity3d,2633,MonoScript,SakashoStorageStorageAccessor,,124,
data.unity3d,2634,MonoScript,KartUnit,,72,
data.unity3d,2635,MonoScript,ConnectionResponse,,128,
data.unity3d,2636,MonoScript,UIPointContentCharaListItem,,112,
data.unity3d,2637,MonoScript,UIEventShopJumpSetting,,104,
data.unity3d,2638,MonoScript,MapObjPotSnake,,88,
data.unity3d,2639,MonoScript,ColorGrading,,112,
data.unity3d,2640,MonoScript,AchievementsUtil,,88,
data.unity3d,2641,MonoScript,AnimationSpriteChanger,,104,
data.unity3d,2642,MonoScript,AkRoomAwareObject,,92,
data.unity3d,2643,MonoScript,UIPurchasePremiumPassRewardList,,120,
data.unity3d,2644,MonoScript,MapObjFloat,,80,
data.unity3d,2645,MonoScript,SakashoUserProfileManager,,112,
data.unity3d,2646,MonoScript,FrameworkSceneGameBase,,104,
data.unity3d,2647,MonoScript,AutoScroller,,80,
data.unity3d,2648,MonoScript,KartInfoProxy,,88,
data.unity3d,2649,MonoScript,SakashoStorageMiiData,,104,
data.unity3d,2650,MonoScript,UIPointContentCharaList,,104,
data.unity3d,2651,MonoScript,CameraBase,,80,
data.unity3d,2652,MonoScript,MessageStudioData,,96,
data.unity3d,2653,MonoScript,UISpriteList,,80,
data.unity3d,2654,MonoScript,MapUnitRailPoint,,88,
data.unity3d,2655,MonoScript,IDataHolder,,80,
data.unity3d,2656,MonoScript,SakashoWappenSheetReceivedReward,,116,
data.unity3d,2657,MonoScript,UtilErrorCodeShelpMapping,,108,
data.unity3d,2658,MonoScript,GraphicDefine,,88,
data.unity3d,2659,MonoScript,SakashoFestivalStatistic,,112,
data.unity3d,2660,MonoScript,AkAmbient,,76,
data.unity3d,2661,MonoScript,AttributeHelper,,116,
data.unity3d,2662,MonoScript,RaceScoreManager,,88,
data.unity3d,2663,MonoScript,SakashoStorageDefine,,100,
data.unity3d,2664,MonoScript,IStackframe,,92,
data.unity3d,2665,MonoScript,UIDynamicFeaturedItemRibbonImageLoader,,136,
data.unity3d,2666,MonoScript,LocalSaveData,,88,
data.unity3d,2667,MonoScript,UICustomizeContentTypeDynamicMessage,,128,
data.unity3d,2668,MonoScript,MapObjBasabasa,,88,
data.unity3d,2669,MonoScript,WwiseBankReference,,92,
data.unity3d,2670,MonoScript,UIRaceTitleArea,,88,
data.unity3d,2671,MonoScript,transport_ProtocolAnalysisData,,128,
data.unity3d,2672,MonoScript,SakashoStorageStockBoostTicket,,120,
data.unity3d,2673,MonoScript,PlayerProfile,,88,
data.unity3d,2674,MonoScript,ShelpV2SecurityAccessor,,100,
data.unity3d,2675,MonoScript,FieldSectorBase,,84,
data.unity3d,2676,MonoScript,AkCallbackManager,,92,
data.unity3d,2677,MonoScript,ToggleColors,,80,
data.unity3d,2678,MonoScript,FloatEqualityComparer,,136,
data.unity3d,2679,MonoScript,ItemDirector,,80,
data.unity3d,2680,MonoScript,NabeAssert,,76,
data.unity3d,2681,MonoScript,InputModule,,80,
data.unity3d,2682,MonoScript,UINominatedProductsShopInfo,,112,
data.unity3d,2683,MonoScript,SeadKCollisionTypes,,80,
data.unity3d,2684,MonoScript,ITextPreProcessor,,104,
data.unity3d,2685,MonoScript,TimeNotificationBehaviour,,128,
data.unity3d,2686,MonoScript,SakashoStorageBase,,100,
data.unity3d,2687,MonoScript,ItemAdditional,,92,
data.unity3d,2688,MonoScript,AkRoomManager,,84,
data.unity3d,2689,MonoScript,MapUnitPathRoute,,88,
data.unity3d,2690,MonoScript,ScriptableTwitterSettings,,112,
data.unity3d,2691,MonoScript,UtilFont,,56,
data.unity3d,2692,MonoScript,WwiseObjectReference,,92,
data.unity3d,2693,MonoScript,SimpleShapeWithLifeTime,,104,
data.unity3d,2694,MonoScript,CollisionGndMaterialManager,,112,
data.unity3d,2695,MonoScript,UIFestivalTeamData,,96,
data.unity3d,2696,MonoScript,ScriptableItemSlotResultCatalog,,120,
data.unity3d,2697,MonoScript,AkWwiseAuxBus,,84,
data.unity3d,2698,MonoScript,RaceEventFreeRaceManager,,104,
data.unity3d,2699,MonoScript,DisableButtonTappedEvent,,104,
data.unity3d,2700,MonoScript,SakashoVirtualCurrencyManager,,120,
data.unity3d,2701,MonoScript,ScriptableUI,,80,
data.unity3d,2702,MonoScript,UISettingToggleItem,,96,
data.unity3d,2703,MonoScript,UIPvPRuleCheckCategoryDynamicMessage,,128,
data.unity3d,2704,MonoScript,ShelpEventRacePurchaseResult,,112,
data.unity3d,2705,MonoScript,UIPresentReceiveAction,,104,
data.unity3d,2706,MonoScript,UIPurchasePremiumPassRewardScrollLoopList,,144,
data.unity3d,2707,MonoScript,MiniJson,,84,
data.unity3d,2708,MonoScript,RemoteTestData,,128,
data.unity3d,2709,MonoScript,GraphicGessoInkKey,,88,
data.unity3d,2710,MonoScript,TagProcessorBase,,112,
data.unity3d,2711,MonoScript,UtilResolutionChanger,,88,
data.unity3d,2712,MonoScript,AudioObjBgmRaceCmn,,96,
data.unity3d,2713,MonoScript,SakashoStorageMissionProgress,,124,
data.unity3d,2714,MonoScript,AxisEventData,,108,
data.unity3d,2715,MonoScript,KartTireTypeSettings,,96,
data.unity3d,2716,MonoScript,UIRaceMapLoader,,88,
data.unity3d,2717,MonoScript,EmulationNetworkFactoryNative,,132,
data.unity3d,2718,MonoScript,UIColorSetting,,96,
data.unity3d,2719,MonoScript,SpriteResourceLoadObject,,104,
data.unity3d,2720,MonoScript,Achievement,,104,
data.unity3d,2721,MonoScript,SakashoVirtualCurrencyUtil,,104,
data.unity3d,2722,MonoScript,UIProfileRecordList,,96,
data.unity3d,2723,MonoScript,DebugProfilingNumberDrawer,,112,
data.unity3d,2724,MonoScript,ScheduleRuntimeClip,,112,
data.unity3d,2725,MonoScript,AnimationValueChangerBase,,112,
data.unity3d,2726,MonoScript,Il2CppSetOptionAttribute,,120,
data.unity3d,2727,MonoScript,ScrollLoopPageScroller,,104,
data.unity3d,2728,MonoScript,NetworkRuleInfo,,88,
data.unity3d,2729,MonoScript,SynchronizedAnimationImageManager,,128,
data.unity3d,2730,MonoScript,UIWeeklyEventShopInfo,,104,
data.unity3d,2731,MonoScript,SakashoAnalyticsMatching,,104,
data.unity3d,2732,MonoScript,FrameworkFrameDropCounter,,112,
data.unity3d,2733,MonoScript,MapObjHanachan,,88,
data.unity3d,2734,MonoScript,AkTriggerHandler,,84,
data.unity3d,2735,MonoScript,TextAnimationPlayEndEventTrigger,,120,
data.unity3d,2736,MonoScript,ItemEventManager,,88,
data.unity3d,2737,MonoScript,UIWaitTipsDynamicMessageBase,,112,
data.unity3d,2738,MonoScript,MapObjTestNoshi,,88,
data.unity3d,2739,MonoScript,ScriptableItemParamGesso,,104,
data.unity3d,2740,MonoScript,UICommonDialogSettings,,104,
data.unity3d,2741,MonoScript,PlayerDefine,,80,
data.unity3d,2742,MonoScript,SakashoAnalyticsBattle,,104,
data.unity3d,2743,MonoScript,CameraDemoDirector,,96,
data.unity3d,2744,MonoScript,GraphicDriverMotionStateUtil,,112,
data.unity3d,2745,MonoScript,MapObjExtendPart,,88,
data.unity3d,2746,MonoScript,UIListDialogItem,,88,
data.unity3d,2747,MonoScript,framework_Framework,,108,
data.unity3d,2748,MonoScript,InputAction,,80,
data.unity3d,2749,MonoScript,UIProfileScreen,,88,
data.unity3d,2750,MonoScript,IntSliderChangedEvent,,104,
data.unity3d,2751,MonoScript,SakashoRaceCupClearRewardReceiver,,132,
data.unity3d,2752,MonoScript,AutoExposure,,112,
data.unity3d,2753,MonoScript,Rect,,68,
data.unity3d,2754,MonoScript,UIExceptionManager,,96,
data.unity3d,2755,MonoScript,AISpeed,,72,
data.unity3d,2756,MonoScript,ConstructDelegator,,140,
data.unity3d,2757,MonoScript,ItemComponentAroundRot,,104,
data.unity3d,2758,MonoScript,TMP_RichTextTagsCommon,,100,
data.unity3d,2759,MonoScript,SignalTrack,,96,
data.unity3d,2760,MonoScript,UIWappenListItem,,88,
data.unity3d,2761,MonoScript,EffectUtil,,80,
data.unity3d,2762,MonoScript,EffectKart,,80,
data.unity3d,2763,MonoScript,RaceParadeLogManager,,96,
data.unity3d,2764,MonoScript,UIDynamicTutorialGuideImageLoader,,128,
data.unity3d,2765,MonoScript,SakashoRaceMatchingCandidateInfo,,120,
data.unity3d,2766,MonoScript,UIMiniMessage,,88,
data.unity3d,2767,MonoScript,Halftone,,104,
data.unity3d,2768,MonoScript,InputDefine,,80,
data.unity3d,2769,MonoScript,LastRunInfo,,84,
data.unity3d,2770,MonoScript,SakashoProfanityWordCheckNGWordResult,,132,
data.unity3d,2771,MonoScript,UIScreenClosedChildEventActionTrigger,,136,
data.unity3d,2772,MonoScript,Boot,,64,
data.unity3d,2773,MonoScript,PlayerManager,,88,
data.unity3d,2774,MonoScript,UIRaceTeamOrderList,,96,
data.unity3d,2775,MonoScript,CoroutineTestWorkItem,,156,
data.unity3d,2776,MonoScript,ScriptableKartBalloonTest,,112,
data.unity3d,2777,MonoScript,UISettingToggleItemSetting,,112,
data.unity3d,2778,MonoScript,SystemDeviceInfo,,88,
data.unity3d,2779,MonoScript,AkWwiseAcousticTexture,,100,
data.unity3d,2780,MonoScript,UtilErrorCodeAppProductStandard,,116,
data.unity3d,2781,MonoScript,UIRaceItemSlotItemMesh,,104,
data.unity3d,2782,MonoScript,SakashoAnalyticsUserInfo,,116,
data.unity3d,2783,MonoScript,UIShowMiniMessageAction,,104,
data.unity3d,2784,MonoScript,KartVehicleCpu,,88,
data.unity3d,2785,MonoScript,AudioScene,,80,
data.unity3d,2786,MonoScript,UIResultPartsExpMaxDynamicMessage,,128,
data.unity3d,2787,MonoScript,UIExternalEventRace,,96,
data.unity3d,2788,MonoScript,IPropertyPreview,,104,
data.unity3d,2789,MonoScript,UISelectPvPRoomTypeScreen,,112,
data.unity3d,2790,MonoScript,SakashoRaceEventCategory,,104,
data.unity3d,2791,MonoScript,KartVehicleDrift,,88,
data.unity3d,2792,MonoScript,WwiseSwitchReference,,92,
data.unity3d,2793,MonoScript,UIPvPTreasureScreen,,96,
data.unity3d,2794,MonoScript,SceneJumpManager,,88,
data.unity3d,2795,MonoScript,ResourceDefine,,96,
data.unity3d,2796,MonoScript,ShelpResult,,80,
data.unity3d,2797,MonoScript,SakashoLoginBonusLocal,,124,
data.unity3d,2798,MonoScript,ScriptableItemComponentArea,,112,
data.unity3d,2799,MonoScript,NearbyHelperObject,,120,
data.unity3d,2800,MonoScript,UITreasureBoxProductDynamicMessage,,128,
data.unity3d,2801,MonoScript,RaceMatchingP2PManager,,104,
data.unity3d,2802,MonoScript,UIPartsPowerUpContent,,104,
data.unity3d,2803,MonoScript,UtilThreadChecker,,80,
data.unity3d,2804,MonoScript,RaceSkillFunctions,,88,
data.unity3d,2805,MonoScript,MapObjForceHelper,,96,
data.unity3d,2806,MonoScript,UIActionScoreDynamicMessage,,112,
data.unity3d,2807,MonoScript,TMP_LineInfo,,88,
data.unity3d,2808,MonoScript,UIScreenJumpSetting,,96,
data.unity3d,2809,MonoScript,MeshLoader,,84,
data.unity3d,2810,MonoScript,NetworkEngine,,88,
data.unity3d,2811,MonoScript,SakashoFriendPvpActiveList,,108,
data.unity3d,2812,MonoScript,AreaLimit,,80,
data.unity3d,2813,MonoScript,PiaPluginWanNative,,104,
data.unity3d,2814,MonoScript,UIP2PEventRaceInfo,,96,
data.unity3d,2815,MonoScript,UITourEndingParadeDynamicMessage,,120,
data.unity3d,2816,MonoScript,UIEventAim,,80,
data.unity3d,2817,MonoScript,UIRemoveNintendoAccountAction,,120,
data.unity3d,2818,MonoScript,KartBodyWingSettings,,96,
data.unity3d,2819,MonoScript,UIDynamicTourGiftIconImageLoader,,120,
data.unity3d,2820,MonoScript,PostProcessRenderContext,,136,
data.unity3d,2821,MonoScript,CollisionBigBits256,,96,
data.unity3d,2822,MonoScript,SeadLine,,72,
data.unity3d,2823,MonoScript,CollisionGndColDef,,88,
data.unity3d,2824,MonoScript,RaceEventTutorialCourseGoodAtManager,,128,
data.unity3d,2825,MonoScript,ScriptableItemParamClass014,,112,
data.unity3d,2826,MonoScript,UIPvPForceFinishDynamicMessage,,120,
data.unity3d,2827,MonoScript,SakashoUtil,,80,
data.unity3d,2828,MonoScript,UIPrefabList,,80,
data.unity3d,2829,MonoScript,ShelpProductAccessor,,112,
data.unity3d,2830,MonoScript,NetworkSynchronizerMiscEvent,,112,
data.unity3d,2831,MonoScript,AssetList,,80,
data.unity3d,2832,MonoScript,UIUnlinkTwitterAction,,104,
data.unity3d,2833,MonoScript,StandardIntegrityManager,,132,
data.unity3d,2834,MonoScript,AudioSubSceneRace,,96,
data.unity3d,2835,MonoScript,RaceAnalyticsScoreRecorder,,100,
data.unity3d,2836,MonoScript,UIResetSpecialOfferNewFlagForBalloonAction,,144,
data.unity3d,2837,MonoScript,SakashoStorageDummyDataFactory,,120,
data.unity3d,2838,MonoScript,UtilVfrMtxT,,76,
data.unity3d,2839,MonoScript,UIFestivalTotalScore,,96,
data.unity3d,2840,MonoScript,TypeTools,,116,
data.unity3d,2841,MonoScript,AkDynamicSequenceItemCallbackInfo,,124,
data.unity3d,2842,MonoScript,AudioObjStateKart,,96,
data.unity3d,2843,MonoScript,UILapChecker,,80,
data.unity3d,2844,MonoScript,NotificationUtilities,,120,
data.unity3d,2845,MonoScript,SakashoAnalyticsUIButton,,104,
data.unity3d,2846,MonoScript,MapObjItemGenerator,,96,
data.unity3d,2847,MonoScript,UIRaceCoinAndLap,,88,
data.unity3d,2848,MonoScript,UISwitchNintendoAccountActionForTrophyTerm1,,144,
data.unity3d,2849,MonoScript,MapObjPillarFire,,88,
data.unity3d,2850,MonoScript,MapObjDurationPumpkinBig,,104,
data.unity3d,2851,MonoScript,MainThreadDispatchBehaviour,,116,
data.unity3d,2852,MonoScript,MotionBlur,,112,
data.unity3d,2853,MonoScript,UIContentScroller,,96,
data.unity3d,2854,MonoScript,UIRacePrepare,,88,
data.unity3d,2855,MonoScript,AndroidNotificationExtensions,,156,
data.unity3d,2856,MonoScript,ScriptableItemParamKiller,,112,
data.unity3d,2857,MonoScript,SynchronousFilter,,136,
data.unity3d,2858,MonoScript,UIChallengeSheetListBuretteList,,120,
data.unity3d,2859,MonoScript,SetPropertyUtility,,108,
data.unity3d,2860,MonoScript,ItemTypeTestCase,,88,
data.unity3d,2861,MonoScript,IOuterUnityTestAction,,132,
data.unity3d,2862,MonoScript,SakashoMasterFunctionEnableSetting,,124,
data.unity3d,2863,MonoScript,UIMiiSelectConfirm,,96,
data.unity3d,2864,MonoScript,ScriptableItemParamExplosion,,112,
data.unity3d,2865,MonoScript,ScriptableItemSlotResultInRace,,120,
data.unity3d,2866,MonoScript,SakashoStorageCustomizeFactory,,120,
data.unity3d,2867,MonoScript,GearActor,,76,
data.unity3d,2868,MonoScript,UISubscriptionAnalyticsLogAction,,120,
data.unity3d,2869,MonoScript,UIJugemSeasonReplacer,,104,
data.unity3d,2870,MonoScript,ItemOwnerSetting,,88,
data.unity3d,2871,MonoScript,AkDiffractionPathInfo,,100,
data.unity3d,2872,MonoScript,UIInfoWindowContentDynamicMessage,,128,
data.unity3d,2873,MonoScript,MapObjKuribo,,80,
data.unity3d,2874,MonoScript,DeviceWithState,,100,
data.unity3d,2875,MonoScript,MapObjPopupHelper,,96,
data.unity3d,2876,MonoScript,MapObjDebugDraw,,88,
data.unity3d,2877,MonoScript,UISpecialOfferDescriptionDynamicMessage,,136,
data.unity3d,2878,MonoScript,NabeLoader,,76,
data.unity3d,2879,MonoScript,UITestScreen,,80,
data.unity3d,2880,MonoScript,NabeDownloader,,84,
data.unity3d,2881,MonoScript,SakashoMasterTourExtraEventCoinEvents,,128,
data.unity3d,2882,MonoScript,UIGetItemList,,88,
data.unity3d,2883,MonoScript,AudioObjBgmMenuStartup,,104,
data.unity3d,2884,MonoScript,UtilFile,,56,
data.unity3d,2885,MonoScript,SakashoLocalPushManager,,104,
data.unity3d,2886,MonoScript,ShelpNintendoAccountAccount,,112,
data.unity3d,2887,MonoScript,UIChangedEnableMainMenuButtonEvent,,128,
data.unity3d,2888,MonoScript,IntegrityTokenResponse,,132,
data.unity3d,2889,MonoScript,SakashoRaceSeason,,92,
data.unity3d,2890,MonoScript,VoidResult,,100,
data.unity3d,2891,MonoScript,ScriptableItemParamClass025,,112,
data.unity3d,2892,MonoScript,SakashoStorageStockItemSlotTicketk,,128,
data.unity3d,2893,MonoScript,SakashoFriendSentRequestPager,,112,
data.unity3d,2894,MonoScript,ItemComponentTarget,,96,
data.unity3d,2895,MonoScript,ShelpAnnouncementAccessor,,108,
data.unity3d,2896,MonoScript,IClient,,76,
data.unity3d,2897,MonoScript,SakashoRaceDefine,,92,
data.unity3d,2898,MonoScript,AudioAnimationBase,,96,
data.unity3d,2899,MonoScript,UIMenuHudSetting,,88,
data.unity3d,2900,MonoScript,TrialScriptableP2PBossKoopaConfig,,128,
data.unity3d,2901,MonoScript,ImageSetActionBase,,96,
data.unity3d,2902,MonoScript,framework_Types,,120,
data.unity3d,2903,MonoScript,SakashoStorageManager,,104,
data.unity3d,2904,MonoScript,SakashoRaceCommonRaceResult,,108,
data.unity3d,2905,MonoScript,ParameterOverride,,128,
data.unity3d,2906,MonoScript,AudioObjBase,,80,
data.unity3d,2907,MonoScript,SakashoRaceSeasonReward,,116,
data.unity3d,2908,MonoScript,UIPurchasePremiumPassRewardListItem,,128,
data.unity3d,2909,MonoScript,UIKartBalloonListScreen,,104,
data.unity3d,2910,MonoScript,SystemCrashreportUtil,,104,
data.unity3d,2911,MonoScript,ShelpRankRaceTermSituationResult,,128,
data.unity3d,2912,MonoScript,MapObjCollisionParam,,96,
data.unity3d,2913,MonoScript,UvScrollImage,,88,
data.unity3d,2914,MonoScript,UIRaceHudDLRace,,88,
data.unity3d,2915,MonoScript,SakashoStorageSaver,,112,
data.unity3d,2916,MonoScript,GraphicKartKiller,,96,
data.unity3d,2917,MonoScript,SeadHostIOINode,,80,
data.unity3d,2918,MonoScript,MapObjEventRing,,88,
data.unity3d,2919,MonoScript,AudioObjPackResult,,96,
data.unity3d,2920,MonoScript,KartGlidePath,,88,
data.unity3d,2921,MonoScript,ItemModelObjDirector,,96,
data.unity3d,2922,MonoScript,ImageSetTarget,,88,
data.unity3d,2923,MonoScript,MapObjDurationTreeX,,96,
data.unity3d,2924,MonoScript,UniversalLinksUtil,,96,
data.unity3d,2925,MonoScript,ScriptableGraphicLookCommon,,112,
data.unity3d,2926,MonoScript,MapObjWaterBox,,88,
data.unity3d,2927,MonoScript,OutputLabelInfo,,88,
data.unity3d,2928,MonoScript,UITutorialSeparateSequenceManager,,128,
data.unity3d,2929,MonoScript,UICupOpenTicketDynamicMessage,,120,
data.unity3d,2930,MonoScript,DirectorControlPlayable,,120,
data.unity3d,2931,MonoScript,UIMultiPlayLobbyInAction,,104,
data.unity3d,2932,MonoScript,CameraDefine,,80,
data.unity3d,2933,MonoScript,ScriptableItemComponentPath,,112,
data.unity3d,2934,MonoScript,UILoadSettingsLoader,,96,
data.unity3d,2935,MonoScript,RaceTime,,72,
data.unity3d,2936,MonoScript,SakashoDailyChallengeManager,,112,
data.unity3d,2937,MonoScript,UIDynamicNotOpenCupImageLoader,,120,
data.unity3d,2938,MonoScript,UtilErrorCodeAppDebugBase,,108,
data.unity3d,2939,MonoScript,MapObjPoo,,80,
data.unity3d,2940,MonoScript,AkRoom,,68,
data.unity3d,2941,MonoScript,GyroBackgroundPositionMove,,112,
data.unity3d,2942,MonoScript,CaptureImage,,80,
data.unity3d,2943,MonoScript,AppWithState,,92,
data.unity3d,2944,MonoScript,NetworkSynchronizerKartVehicleNet,,128,
data.unity3d,2945,MonoScript,MapObjTollGateBar,,96,
data.unity3d,2946,MonoScript,DemoTriggerCollision,,96,
data.unity3d,2947,MonoScript,UICostButton,,80,
data.unity3d,2948,MonoScript,MapObjBarrel,,80,
data.unity3d,2949,MonoScript,UIMiiSuitShopInfo,,96,
data.unity3d,2950,MonoScript,PendulumHelper,,88,
data.unity3d,2951,MonoScript,wan_WanService,,100,
data.unity3d,2952,MonoScript,SakashoStorageCAche,,100,
data.unity3d,2953,MonoScript,DefaultControls,,100,
data.unity3d,2954,MonoScript,CanvasUpdateRegistry,,108,
data.unity3d,2955,MonoScript,UIResultBase,,80,
data.unity3d,2956,MonoScript,TimelineAsset,,104,
data.unity3d,2957,MonoScript,SeadGeometry,,76,
data.unity3d,2958,MonoScript,SakashoMasterConvertingDefine,,112,
data.unity3d,2959,MonoScript,UIGetItem,,80,
data.unity3d,2960,MonoScript,SeadKCollision,,76,
data.unity3d,2961,MonoScript,AudioBehaviorDrag,,96,
data.unity3d,2962,MonoScript,SeadCurveFunc,,84,
data.unity3d,2963,MonoScript,SeadVectorCalcCommon,,96,
data.unity3d,2964,MonoScript,KartBalloon,,80,
data.unity3d,2965,MonoScript,UIOpenMultiPlayRuleDialogAction,,120,
data.unity3d,2966,MonoScript,BackgroundCapture,,96,
data.unity3d,2967,MonoScript,AkEmitterObstructionOcclusion,,116,
data.unity3d,2968,MonoScript,CloudSessionSearchCriteriaNative,,132,
data.unity3d,2969,MonoScript,UIFriendConfirm,,88,
data.unity3d,2970,MonoScript,SakashoAnalyticsTutorial,,112,
data.unity3d,2971,MonoScript,cloud_SessionSetting,,120,
data.unity3d,2972,MonoScript,SakashoP2PEventRaceSetting,,112,
data.unity3d,2973,MonoScript,MapObjBase,,80,
data.unity3d,2974,MonoScript,SakashoProductSpecialOfferNewFlag,,120,
data.unity3d,2975,MonoScript,AkThreadProperties_Windows,,100,
data.unity3d,2976,MonoScript,DebugPromotionCapture,,104,
data.unity3d,2977,MonoScript,UISettingToggleItemTitleOnlyDynamicMessage,,144,
data.unity3d,2978,MonoScript,UIPremiumPassContinuedReward,,112,
data.unity3d,2979,MonoScript,UIExtraCoinAmountUnknownDynamicMessage,,136,
data.unity3d,2980,MonoScript,UINetPlayListItemBase,,104,
data.unity3d,2981,MonoScript,UISkillHolderDetailDynamicMessage,,128,
data.unity3d,2982,MonoScript,MapObjStartGatePendulum,,104,
data.unity3d,2983,MonoScript,AmbientOcclusion,,120,
data.unity3d,2984,MonoScript,PlayGamesPlatform,,112,
data.unity3d,2985,MonoScript,ScriptableKartParamVehicleDash,,120,
data.unity3d,2986,MonoScript,ItemObj035,,80,
data.unity3d,2987,MonoScript,UIExceptionList,,88,
data.unity3d,2988,MonoScript,RaceAnalyticsManager,,96,
data.unity3d,2989,MonoScript,AssetHolderBase,,92,
data.unity3d,2990,MonoScript,PiaPluginCloudNative,,104,
data.unity3d,2991,MonoScript,ClassNameAttribute,,96,
data.unity3d,2992,MonoScript,ScriptableParade,,88,
data.unity3d,2993,MonoScript,ValueConvert,,84,
data.unity3d,2994,MonoScript,AkEvent,,68,
data.unity3d,2995,MonoScript,IzumoJoinRandomSessionSettngNative,,140,
data.unity3d,2996,MonoScript,UINetPlayLobbyListItem,,104,
data.unity3d,2997,MonoScript,UIPvpTopWinCountDynamicMessage,,120,
data.unity3d,2998,MonoScript,UICancelRemoveNintendoAccountAction,,128,
data.unity3d,2999,MonoScript,UIBingoChallengeSelectedCellDynamicMessage,,144,
data.unity3d,3000,MonoScript,MapObjDefault,,88,
data.unity3d,3001,MonoScript,UIDynamicRaceRankImageLoader,,112,
data.unity3d,3002,MonoScript,MapObjShadowHelper,,96,
data.unity3d,3003,MonoScript,ShelpSystemManager,,96,
data.unity3d,3004,MonoScript,UITimerBase,,80,
data.unity3d,3005,MonoScript,AkGeometryInstanceParams,,100,
data.unity3d,3006,MonoScript,RaceSequenceSubManagerAutoMode,,120,
data.unity3d,3007,MonoScript,TimelineHelpURLAttribute,,120,
data.unity3d,3008,MonoScript,UIProductSceneError,,96,
data.unity3d,3009,MonoScript,SakashoStorageStorage,,104,
data.unity3d,3010,MonoScript,UIResetWeeklyEventShopNewFlagAction,,128,
data.unity3d,3011,MonoScript,IAsyncTestAssemblyBuilder,,156,
data.unity3d,3012,MonoScript,ItemSlot,,72,
data.unity3d,3013,MonoScript,AkPlatformInitSettings_Windows,,108,
data.unity3d,3014,MonoScript,ColorUtilities,,120,
data.unity3d,3015,MonoScript,ScriptableKartBalloon,,104,
data.unity3d,3016,MonoScript,MapObjDokanJA,,88,
data.unity3d,3017,MonoScript,AkListenerDistanceProbe,,100,
data.unity3d,3018,MonoScript,UIStaminaGauge,,88,
data.unity3d,3019,MonoScript,UIRaceHundleButtonDynamicMessage,,120,
data.unity3d,3020,MonoScript,UIShopTopContentListBuretteList,,120,
data.unity3d,3021,MonoScript,AnimationFloatUpdateValue,,112,
data.unity3d,3022,MonoScript,AIItemBossKart,,88,
data.unity3d,3023,MonoScript,AndroidConstants,,116,
data.unity3d,3024,MonoScript,UIProgressBar,,88,
data.unity3d,3025,MonoScript,UICourseTypeDynamicMessage,,112,
data.unity3d,3026,MonoScript,RaceEventBossKoopaManager,,112,
data.unity3d,3027,MonoScript,ShelpRarityBoxLotteryLottery,,112,
data.unity3d,3028,MonoScript,VertexHelper,,92,
data.unity3d,3029,MonoScript,AchievementsDefine,,108,
data.unity3d,3030,MonoScript,PhysicsRaycaster,,108,
data.unity3d,3031,MonoScript,UIPeriod,,72,
data.unity3d,3032,MonoScript,CollisionGndColDebug,,92,
data.unity3d,3033,MonoScript,QuickStartReward,,88,
data.unity3d,3034,MonoScript,KartGlidePathManager,,96,
data.unity3d,3035,MonoScript,UIOpenNintendoAccountSettingAction,,128,
data.unity3d,3036,MonoScript,ScriptableAIParamDummyData,,112,
data.unity3d,3037,MonoScript,PostProcessDebug,,120,
data.unity3d,3038,MonoScript,AudioDefine,,80,
data.unity3d,3039,MonoScript,MapObjPenguin,,88,
data.unity3d,3040,MonoScript,RaceEventPvPTeamRaceManager,,112,
data.unity3d,3041,MonoScript,ScalableAO,,112,
data.unity3d,3042,MonoScript,UITreasureBoxNameDynamicMessage,,120,
data.unity3d,3043,MonoScript,NabeMpcResolver,,104,
data.unity3d,3044,MonoScript,AudioSoundBankInfoXmlParser,,104,
data.unity3d,3045,MonoScript,AkExternalSourceInfoArray,,108,
data.unity3d,3046,MonoScript,RectangularVertexClipper,,116,
data.unity3d,3047,MonoScript,UIMessages,,80,
data.unity3d,3048,MonoScript,UINetPlayEntryList,,96,
data.unity3d,3049,MonoScript,KartStrategy,,80,
data.unity3d,3050,MonoScript,GenerateParticleSystemAction,,112,
data.unity3d,3051,MonoScript,MapObjDossun,,80,
data.unity3d,3052,MonoScript,ChildComponentIterator,,104,
data.unity3d,3053,MonoScript,UIPvpResultWinCountDynamicMessage,,128,
data.unity3d,3054,MonoScript,UISnsLinkListItem,,96,
data.unity3d,3055,MonoScript,UIFriendOpenAction,,96,
data.unity3d,3056,MonoScript,AnimationTriggers,,108,
data.unity3d,3057,MonoScript,Spline,,104,
data.unity3d,3058,MonoScript,DriverMetamorphosisParameter,,112,
data.unity3d,3059,MonoScript,UIMiiSuitSelectList,,96,
data.unity3d,3060,MonoScript,UIChangedSeasonRewardRankPointCacheEvent,,136,
data.unity3d,3061,MonoScript,EffectAreaEnv,,88,
data.unity3d,3062,MonoScript,UIMk8UserOnlyObjects,,96,
data.unity3d,3063,MonoScript,MapObjNoshi,,80,
data.unity3d,3064,MonoScript,UtilErrorCodeFake,,92,
data.unity3d,3065,MonoScript,UILinkTwitterAction,,96,
data.unity3d,3066,MonoScript,UIFriendConfirmTypePosiButtonDynamicMessage,,144,
data.unity3d,3067,MonoScript,ScriptableManifest,,96,
data.unity3d,3068,MonoScript,UIMainMenuEndingTreasureStateDynamicMessage,,144,
data.unity3d,3069,MonoScript,SakashoStorageStockScoreLevelUnlockTicket,,144,
data.unity3d,3070,MonoScript,AudioMapObjSoundId,,96,
data.unity3d,3071,MonoScript,MapObjTarget,,80,
data.unity3d,3072,MonoScript,NetworkGPSUtil,,88,
data.unity3d,3073,MonoScript,IDeviceWithState,,100,
data.unity3d,3074,MonoScript,UIMainMenuSceneJumpSetting,,112,
data.unity3d,3075,MonoScript,ScriptableItemComponentTarget,,120,
data.unity3d,3076,MonoScript,UIFriendGreetCoinBalloons,,112,
data.unity3d,3077,MonoScript,DefaultTestWorkItem,,148,
data.unity3d,3078,MonoScript,SakashoMiiPlayerStorageIconCache,,132,
data.unity3d,3079,MonoScript,SakashoRaceSeasonRankPointTreasure,,124,
data.unity3d,3080,MonoScript,AudioObjSeResult,,88,
data.unity3d,3081,MonoScript,ConnectionRequest,,128,
data.unity3d,3082,MonoScript,UIMiiCommon,,80,
data.unity3d,3083,MonoScript,ConditionalIgnoreAttribute,,140,
data.unity3d,3084,MonoScript,RaceEventConfig,,88,
data.unity3d,3085,MonoScript,ReverseRectShape,,88,
data.unity3d,3086,MonoScript,SakashoAnalyticsVCNominatedProduct,,124,
data.unity3d,3087,MonoScript,ItemCurve,,80,
data.unity3d,3088,MonoScript,AkOutputSettings,,84,
data.unity3d,3089,MonoScript,SerializedEnumAttribute,,100,
data.unity3d,3090,MonoScript,SakashoStorageEntry,,100,
data.unity3d,3091,MonoScript,SeadNamable,,76,
data.unity3d,3092,MonoScript,ItemOwnerSkillSetting,,104,
data.unity3d,3093,MonoScript,Utility,,96,
data.unity3d,3094,MonoScript,SakashoMasterDefine,,104,
data.unity3d,3095,MonoScript,MapObjBattan,,80,
data.unity3d,3096,MonoScript,UtilTime,,56,
data.unity3d,3097,MonoScript,clone_BroadcastEventProtocol,,124,
data.unity3d,3098,MonoScript,ScriptableItemComponentScale,,112,
data.unity3d,3099,MonoScript,SimpleJson,,84,
data.unity3d,3100,MonoScript,SeadVector2,,76,
data.unity3d,3101,MonoScript,UINotifyDialogDisplayChangeAction,,128,
data.unity3d,3102,MonoScript,DropdownDynamicMessageBase,,112,
data.unity3d,3103,MonoScript,CollisionInnerUtil,,96,
data.unity3d,3104,MonoScript,ScriptableItemParamClass024,,112,
data.unity3d,3105,MonoScript,LogAssert,,108,
data.unity3d,3106,MonoScript,ItemLockOn,,80,
data.unity3d,3107,MonoScript,AkObstructionOcclusion,,100,
data.unity3d,3108,MonoScript,InputVirtualStickFixed,,104,
data.unity3d,3109,MonoScript,SystemInnerUtil,,88,
data.unity3d,3110,MonoScript,IconAttachable,,80,
data.unity3d,3111,MonoScript,AkAudioInterruptionCallbackInfo,,116,
data.unity3d,3112,MonoScript,UISettingSeparateDynamicMessage,,120,
data.unity3d,3113,MonoScript,AkGameObjPositionData,,100,
data.unity3d,3114,MonoScript,UIFade,,72,
data.unity3d,3115,MonoScript,PiaPluginFrameworkNative,,112,
data.unity3d,3116,MonoScript,UIDamageUIAplhaCallbackComponent,,120,
data.unity3d,3117,MonoScript,PiaPlugin_ProtocolAnalysisDataNative,,132,
data.unity3d,3118,MonoScript,TMP_SelectionCaret,,104,
data.unity3d,3119,MonoScript,UIDialogSettingsBase,,104,
data.unity3d,3120,MonoScript,SakashoAnalyticsAutoRaceManager,,132,
data.unity3d,3121,MonoScript,UIRacePreparePowerUpSkill,,112,
data.unity3d,3122,MonoScript,InteractableSetterAction,,104,
data.unity3d,3123,MonoScript,UISpriteListsHolder,,96,
data.unity3d,3124,MonoScript,UtilDoubleBufferUtility,,100,
data.unity3d,3125,MonoScript,RaceAnalyticsMirrorModeRecorder,,108,
data.unity3d,3126,MonoScript,IDevice,,76,
data.unity3d,3127,MonoScript,UtilErrorCodeUtil,,96,
data.unity3d,3128,MonoScript,UIDynamicShopTopContentImageLoader,,128,
data.unity3d,3129,MonoScript,MapObjRoadIceMelt,,96,
data.unity3d,3130,MonoScript,SakashoRaceSeasonGraphicPostEffect,,120,
data.unity3d,3131,MonoScript,UIDiscountRateAnimationSynchronizeElement,,144,
data.unity3d,3132,MonoScript,TagInfo,,96,
data.unity3d,3133,MonoScript,StandardIntegrityTokenProvider,,148,
data.unity3d,3134,MonoScript,INearbyConnectionClient,,136,
data.unity3d,3135,MonoScript,GearResource,,76,
data.unity3d,3136,MonoScript,MapObjEventGate,,88,
data.unity3d,3137,MonoScript,LayoutGroup,,92,
data.unity3d,3138,MonoScript,UIDynamicTitleImageLoader,,112,
data.unity3d,3139,MonoScript,AkCommonPlatformSettings,,100,
data.unity3d,3140,MonoScript,RacePlayDataRecorder,,96,
data.unity3d,3141,MonoScript,PointerInputModule,,116,
data.unity3d,3142,MonoScript,MapObjRock,,80,
data.unity3d,3143,MonoScript,MapObjTrainMoba,,88,
data.unity3d,3144,MonoScript,UIRegionAndLangudageTitleDymamicMessage,,136,
data.unity3d,3145,MonoScript,UINewsMiniDynamicMessage,,104,
data.unity3d,3146,MonoScript,UserInput,,84,
data.unity3d,3147,MonoScript,ScriptableDemoGoalCamera,,104,
data.unity3d,3148,MonoScript,UIPremiumPassPurchaseConfirm,,112,
data.unity3d,3149,MonoScript,ShelpLoginBonusAccessor,,100,
data.unity3d,3150,MonoScript,ItemLimitationP2P,,96,
data.unity3d,3151,MonoScript,UIRankingDescription,,96,
data.unity3d,3152,MonoScript,MapUnitPathLapAccessor,,104,
data.unity3d,3153,MonoScript,AkWwiseBaseType,,84,
data.unity3d,3154,MonoScript,WwiseStateReference,,92,
data.unity3d,3155,MonoScript,MapObjCreateArg,,88,
data.unity3d,3156,MonoScript,UIRankRaceEntryLandscape,,104,
data.unity3d,3157,MonoScript,AIItemBase,,80,
data.unity3d,3158,MonoScript,UnitySetUpAttribute,,124,
data.unity3d,3159,MonoScript,ItemPossessList,,88,
data.unity3d,3160,MonoScript,UIViewModeBtnBalloonDynamicMessage,,128,
data.unity3d,3161,MonoScript,Reflection,,84,
data.unity3d,3162,MonoScript,UtilErrorCodeAppProductStandardIterator,,132,
data.unity3d,3163,MonoScript,WwiseAuxBusReference,,92,
data.unity3d,3164,MonoScript,AkWaapiHelper,,84,
data.unity3d,3165,MonoScript,RaceParadeManager,,96,
data.unity3d,3166,MonoScript,UINetPlayPinSetComponent,,104,
data.unity3d,3167,MonoScript,MailAddressTextCutterFittingRect,,120,
data.unity3d,3168,MonoScript,UIFestivalBalloon,,96,
data.unity3d,3169,MonoScript,EffectKartGndAttribute,,104,
data.unity3d,3170,MonoScript,RaceAnalyticsP2PEnemyLogRecorder,,108,
data.unity3d,3171,MonoScript,HistogramMonitor,,120,
data.unity3d,3172,MonoScript,RaceEventParadeSnapDefine,,112,
data.unity3d,3173,MonoScript,UIFriendListItem,,88,
data.unity3d,3174,MonoScript,UIProfileRecordListItem,,104,
data.unity3d,3175,MonoScript,NetworkAsyncTaskContext,,104,
data.unity3d,3176,MonoScript,UtilMofDataHolder,,92,
data.unity3d,3177,MonoScript,AkMIDIPost,,76,
data.unity3d,3178,MonoScript,UIMiiManagement,,88,
data.unity3d,3179,MonoScript,AudioManager,,80,
data.unity3d,3180,MonoScript,DynamicRigUtility,,96,
data.unity3d,3181,MonoScript,MapObjDurationPumpkin,,104,
data.unity3d,3182,MonoScript,SakashoProductVCNominatedProductManager,,144,
data.unity3d,3183,MonoScript,AkTriggerExit,,84,
data.unity3d,3184,MonoScript,ScriptableItemParamCoin,,104,
data.unity3d,3185,MonoScript,EditorNabeAddressDictionary,,100,
data.unity3d,3186,MonoScript,Logger,,96,
data.unity3d,3187,MonoScript,ItemModelObjCoin,,88,
data.unity3d,3188,MonoScript,AkTriggerCollisionExit,,100,
data.unity3d,3189,MonoScript,NativeGallery,,92,
data.unity3d,3190,MonoScript,UIChangedStockVirtualCurrencyCacheEvent,,136,
data.unity3d,3191,MonoScript,UIMiiAdd,,72,
data.unity3d,3192,MonoScript,util_Types,,96,
data.unity3d,3193,MonoScript,AkTriggerMouseExit,,92,
data.unity3d,3194,MonoScript,UIToggleItemListItem,,96,
data.unity3d,3195,MonoScript,Event,,104,
data.unity3d,3196,MonoScript,UIEulaDialog,,80,
data.unity3d,3197,MonoScript,UtilAclInnerUtil,,84,
data.unity3d,3198,MonoScript,IMask,,84,
data.unity3d,3199,MonoScript,UIItemAlertList,,88,
data.unity3d,3200,MonoScript,UINASettingScreen,,96,
data.unity3d,3201,MonoScript,TMP_PackageResourceImporter,,120,
data.unity3d,3202,MonoScript,Sequence,,76,
data.unity3d,3203,MonoScript,NotificationsPermissionRequest,,148,
data.unity3d,3204,MonoScript,ItemLauncherOwner,,96,
data.unity3d,3205,MonoScript,UINetPlayTopComponent,,104,
data.unity3d,3206,MonoScript,ValueWithMax,,92,
data.unity3d,3207,MonoScript,UIExternalP2PRaceInterface,,100,
data.unity3d,3208,MonoScript,ItemValueSwitch,,88,
data.unity3d,3209,MonoScript,SakashoProductTreasureBoxManager,,128,
data.unity3d,3210,MonoScript,Shadow,,84,
data.unity3d,3211,MonoScript,UIDynamicTreasureBoxTypeImageLoader,,128,
data.unity3d,3212,MonoScript,UITicketTargetTypeDynamicMessage,,120,
data.unity3d,3213,MonoScript,RaceSequenceSubManagerBase,,112,
data.unity3d,3214,MonoScript,MapObjItemBoxFixed,,96,
data.unity3d,3215,MonoScript,AnimatorBindingCache,,112,
data.unity3d,3216,MonoScript,UIExceptionListItem,,96,
data.unity3d,3217,MonoScript,MessageSetterOverride,,104,
data.unity3d,3218,MonoScript,ScriptableKartParamVehicle,,112,
data.unity3d,3219,MonoScript,NetworkSynchronizerEventRaceEvent,,128,
data.unity3d,3220,MonoScript,UIPartsSortSelectList,,104,
data.unity3d,3221,MonoScript,AudioObjStateCourseArea,,104,
data.unity3d,3222,MonoScript,SakashoAnalyticsUtil,,108,
data.unity3d,3223,MonoScript,UIItemHitEvent,,88,
data.unity3d,3224,MonoScript,UIRaceHudHundleButton,,104,
data.unity3d,3225,MonoScript,AllocatingGCMemoryConstraint,,152,
data.unity3d,3226,MonoScript,EventTrigger,,100,
data.unity3d,3227,MonoScript,UIResetTreasureBoxNewFlagForBalloonAction,,144,
data.unity3d,3228,MonoScript,UIEventRaceRemainingTime,,104,
data.unity3d,3229,MonoScript,HashUtility,,96,
data.unity3d,3230,MonoScript,UIResultActionDialogItem,,104,
data.unity3d,3231,MonoScript,UIDynamicNetPlayResultListImageLoader,,136,
data.unity3d,3232,MonoScript,UnreliableProtocolNative,,120,
data.unity3d,3233,MonoScript,GroupTrack,,96,
data.unity3d,3234,MonoScript,DebugCountGameObject,,100,
data.unity3d,3235,MonoScript,AudioObjBgmMenu,,88,
data.unity3d,3236,MonoScript,SakashoRaceEventRaceResult,,108,
data.unity3d,3237,MonoScript,ScriptablePartsCommonSettings,,120,
data.unity3d,3238,MonoScript,RaceMatchingDefine,,92,
data.unity3d,3239,MonoScript,Ver3Common,,84,
data.unity3d,3240,MonoScript,SakashoStorageStockPartsSkillUpTicket,,136,
data.unity3d,3241,MonoScript,MapObjCrashHelper,,96,
data.unity3d,3242,MonoScript,UIDynamicCoinRaceBackgroundLoader,,128,
data.unity3d,3243,MonoScript,DemoDefine,,80,
data.unity3d,3244,MonoScript,InputField,,92,
data.unity3d,3245,MonoScript,UIScreenLoader,,88,
data.unity3d,3246,MonoScript,ITestRunnerListener,,132,
data.unity3d,3247,MonoScript,PrebuildSceneSetupAttribute,,136,
data.unity3d,3248,MonoScript,UIStatus,,72,
data.unity3d,3249,MonoScript,MapObjFlipper,,88,
data.unity3d,3250,MonoScript,SakashoVirtualCurrencyRecoverResult,,124,
data.unity3d,3251,MonoScript,UIChallengeOrPresentItem,,108,
data.unity3d,3252,MonoScript,AkEventCallbackInfo,,92,
data.unity3d,3253,MonoScript,FieldStart,,80,
data.unity3d,3254,MonoScript,SakashoLoginBonusManager,,104,
data.unity3d,3255,MonoScript,MapObjRoadGuraGuraTest,,104,
data.unity3d,3256,MonoScript,session_SessionSearchCriteria,,148,
data.unity3d,3257,MonoScript,UIGoEvent,,80,
data.unity3d,3258,MonoScript,ActivationControlPlayable,,128,
data.unity3d,3259,MonoScript,MapObjNinja,,80,
data.unity3d,3260,MonoScript,AnimationTrack,,104,
data.unity3d,3261,MonoScript,UISelectMiiList,,88,
data.unity3d,3262,MonoScript,UIDigitalMeterWithNumber,,104,
data.unity3d,3263,MonoScript,ItemShadow,,80,
data.unity3d,3264,MonoScript,UISnsLinkStatusDynamicMessage,,120,
data.unity3d,3265,MonoScript,UtilMesh,,72,
data.unity3d,3266,MonoScript,UIRankingHeaderDynamicMessage,,120,
data.unity3d,3267,MonoScript,SakashoStoragePublicAccount,,116,
data.unity3d,3268,MonoScript,UnityPlayerHelper,,116,
data.unity3d,3269,MonoScript,AkSpatialAudioDebugDraw,,100,
data.unity3d,3270,MonoScript,UIMenuButtonItemWappen,,104,
data.unity3d,3271,MonoScript,UIWeeklyEventTitleDynamicMessage,,120,
data.unity3d,3272,MonoScript,FrameworkEngineBase,,96,
data.unity3d,3273,MonoScript,UILoading,,80,
data.unity3d,3274,MonoScript,RaceEventCountCoinManager,,112,
data.unity3d,3275,MonoScript,PiaPluginNetNative,,116,
data.unity3d,3276,MonoScript,UnityTestMethodCommand,,132,
data.unity3d,3277,MonoScript,SystemDefine,,80,
data.unity3d,3278,MonoScript,FilePathAttribute,,92,
data.unity3d,3279,MonoScript,ShelpApiCaller,,96,
data.unity3d,3280,MonoScript,MapObjShadowProjectorHelper,,112,
data.unity3d,3281,MonoScript,MapObjJellyfish,,88,
data.unity3d,3282,MonoScript,UIDaysDynamicMessage,,96,
data.unity3d,3283,MonoScript,ShelpSerializingBuffer,,104,
data.unity3d,3284,MonoScript,UITicketButtonList,,96,
data.unity3d,3285,MonoScript,CameraParadeStartDemo,,104,
data.unity3d,3286,MonoScript,UIMainMenuNewsList,,96,
data.unity3d,3287,MonoScript,TrackExtensions,,108,
data.unity3d,3288,MonoScript,TextSetPerCharacter2,,96,
data.unity3d,3289,MonoScript,UICoreAreaDrawer,,88,
data.unity3d,3290,MonoScript,AudioObjBgmMenuMain,,96,
data.unity3d,3291,MonoScript,ResourceMpcResolver,,120,
data.unity3d,3292,MonoScript,cloud_Types,,104,
data.unity3d,3293,MonoScript,SakashoProductMiiSuitShopProduct,,116,
data.unity3d,3294,MonoScript,ItemObjYoshiEgg,,88,
data.unity3d,3295,MonoScript,UIChangedMissionListEvent,,112,
data.unity3d,3296,MonoScript,MapObjFlowerRing,,88,
data.unity3d,3297,MonoScript,ShelpInnerUtil,,88,
data.unity3d,3298,MonoScript,UIWappenListPageRewardDynamicMessage,,128,
data.unity3d,3299,MonoScript,UIDemoDisableObject,,96,
data.unity3d,3300,MonoScript,SakashoMasterTourExtraCoinEvents,,116,
data.unity3d,3301,MonoScript,AndroidJavaConverter,,120,
data.unity3d,3302,MonoScript,TextSetPerCharacter,,96,
data.unity3d,3303,MonoScript,GraphicPostEffectManager,,104,
data.unity3d,3304,MonoScript,ItemComponentGndColSensor,,112,
data.unity3d,3305,MonoScript,UIScreenManager,,88,
data.unity3d,3306,MonoScript,AIItemRunType020,,88,
data.unity3d,3307,MonoScript,AkCallbackSerializer,,92,
data.unity3d,3308,MonoScript,DebugProfilingLateBehaviour,,112,
data.unity3d,3309,MonoScript,UIExternalRanking,,96,
data.unity3d,3310,MonoScript,FieldSector,,76,
data.unity3d,3311,MonoScript,AudioObjSeMapObjCmn,,96,
data.unity3d,3312,MonoScript,RaceLog,,72,
data.unity3d,3313,MonoScript,UIMaterialHolder,,88,
data.unity3d,3314,MonoScript,WaveformMonitor,,120,
data.unity3d,3315,MonoScript,UIMainMenuEmphasisTypeDynamicMessage,,128,
data.unity3d,3316,MonoScript,MapObjClownFuture,,96,
data.unity3d,3317,MonoScript,UIEntry,,72,
data.unity3d,3318,MonoScript,ResetNeverSleepAction,,104,
data.unity3d,3319,MonoScript,UIFestivalTeamSetting,,104,
data.unity3d,3320,MonoScript,UIFriendAdd,,80,
data.unity3d,3321,MonoScript,SakashoAnalyticsSeasonRankReward,,120,
data.unity3d,3322,MonoScript,GraphicDriver,,88,
data.unity3d,3323,MonoScript,ColorEqualityComparer,,136,
data.unity3d,3324,MonoScript,EffectKartWing,,88,
data.unity3d,3325,MonoScript,AkExternalSourceInfo,,92,
data.unity3d,3326,MonoScript,UIRankingSeparatorDynamicMessage,,120,
data.unity3d,3327,MonoScript,Grain,,104,
data.unity3d,3328,MonoScript,ValueSource,,80,
data.unity3d,3329,MonoScript,UICurrentRankingLeagueRankIcon,,120,
data.unity3d,3330,MonoScript,ItemObjKouraBowser,,96,
data.unity3d,3331,MonoScript,AndroidNearbyConnectionClient,,144,
data.unity3d,3332,MonoScript,Error,,76,
data.unity3d,3333,MonoScript,ScriptableKartBodyWing,,104,
data.unity3d,3334,MonoScript,net_NetService,,100,
data.unity3d,3335,MonoScript,UIItemSelectAction,,96,
data.unity3d,3336,MonoScript,HandledState,,92,
data.unity3d,3337,MonoScript,UIMiiSuitShopSpecialOfferList,,120,
data.unity3d,3338,MonoScript,AkRadialEmitter,,84,
data.unity3d,3339,MonoScript,AkVertex,,68,
data.unity3d,3340,MonoScript,SignalAsset,,96,
data.unity3d,3341,MonoScript,UniqueLogThrottle,,100,
data.unity3d,3342,MonoScript,UIWappenEquipAction,,96,
data.unity3d,3343,MonoScript,UIPvPRuleItemSlotNumDynamicMessage,,128,
data.unity3d,3344,MonoScript,UIDynamicUserRankOpenInfoImageLoader,,128,
data.unity3d,3345,MonoScript,UIPvpWaitPlayerEntryListDynamicMessage,,136,
data.unity3d,3346,MonoScript,SakashoStorageStockItemList,,116,
data.unity3d,3347,MonoScript,GraphicShadowManagerCameraMonoBehavior,,136,
data.unity3d,3348,MonoScript,OpenBrowserAction,,96,
data.unity3d,3349,MonoScript,SakashoMasterRegion,,92,
data.unity3d,3350,MonoScript,ScriptableItemParamClass034,,112,
data.unity3d,3351,MonoScript,MapObjGlideBoard3dstc,,104,
data.unity3d,3352,MonoScript,CollisionGndColBlockKCol,,104,
data.unity3d,3353,MonoScript,UISendStoreReviewAnalyticsAction,,120,
data.unity3d,3354,MonoScript,GearUtilProfileObjectBase,,112,
data.unity3d,3355,MonoScript,NetServiceSettingNative,,124,
data.unity3d,3356,MonoScript,DriverTestCase,,88,
data.unity3d,3357,MonoScript,UtilDoubleBuffer,,84,
data.unity3d,3358,MonoScript,RaceEventRecordMarkPointManager,,120,
data.unity3d,3359,MonoScript,UISubMenuSceneJumpSetting,,112,
data.unity3d,3360,MonoScript,VertexColors,,80,
data.unity3d,3361,MonoScript,UIPresentListItem,,96,
data.unity3d,3362,MonoScript,KartVehicle,,80,
data.unity3d,3363,MonoScript,AudioObjSeVoice,,88,
data.unity3d,3364,MonoScript,RaceEventGatePassManager,,104,
data.unity3d,3365,MonoScript,MapObjBlockIce,,88,
data.unity3d,3366,MonoScript,AudioMixerProperties,,112,
data.unity3d,3367,MonoScript,SakashoPvPRuleSchedule,,104,
data.unity3d,3368,MonoScript,UtilErrorCodeShelp,,92,
data.unity3d,3369,MonoScript,UIButtonTappedEventActionTrigger,,120,
data.unity3d,3370,MonoScript,SeadQuat,,68,
data.unity3d,3371,MonoScript,UIBtnNetPlayLobbyTxtInfoDynamicMessage,,136,
data.unity3d,3372,MonoScript,UIMiiShareCapture,,96,
data.unity3d,3373,MonoScript,SakashoGreetCoinNewFlag,,100,
data.unity3d,3374,MonoScript,SingleBufferedSimpleShapeBase,,120,
data.unity3d,3375,MonoScript,CrawledDataUnpacker,,132,
data.unity3d,3376,MonoScript,AkChannelEmitter,,84,
data.unity3d,3377,MonoScript,ScriptableRaceItemSlotTable,,112,
data.unity3d,3378,MonoScript,UIClearWebRequestTextureAllAction,,128,
data.unity3d,3379,MonoScript,UITutorialGood,,88,
data.unity3d,3380,MonoScript,UIDynamicExtraCoinImageLoader,,120,
data.unity3d,3381,MonoScript,SakashoAnalyticsSpecialOffer,,116,
data.unity3d,3382,MonoScript,SakashoAnalyticsSystem,,104,
data.unity3d,3383,MonoScript,UIPvPRuleJoinAcceptTypeDynamicMessage,,136,
data.unity3d,3384,MonoScript,reckoning_Reckoning3dProtocol,,128,
data.unity3d,3385,MonoScript,AudioObjSeMapObj,,88,
data.unity3d,3386,MonoScript,IEventsClient,,120,
data.unity3d,3387,MonoScript,SakashoRaceSeasonCupCourseClearReward,,136,
data.unity3d,3388,MonoScript,EffectObjArea,,88,
data.unity3d,3389,MonoScript,UIRankRaceResult,,88,
data.unity3d,3390,MonoScript,DebugScriptableRandomKartPromotion,,128,
data.unity3d,3391,MonoScript,ScriptableDotDriver,,96,
data.unity3d,3392,MonoScript,NotificationText,,88,
data.unity3d,3393,MonoScript,SakashoStorageSpecialOffer,,112,
data.unity3d,3394,MonoScript,SakashoFriendManager,,96,
data.unity3d,3395,MonoScript,RaceEventPvPTeamRaceScoreManager,,120,
data.unity3d,3396,MonoScript,GraphicShaderProperty,,104,
data.unity3d,3397,MonoScript,RaceEventTutorialManager,,104,
data.unity3d,3398,MonoScript,NabeContentAsset,,84,
data.unity3d,3399,MonoScript,UIUserRankOpenInfoDynamicMessage,,120,
data.unity3d,3400,MonoScript,ButtonAudioBehavior,,96,
data.unity3d,3401,MonoScript,AkGameObjPosOffsetData,,100,
data.unity3d,3402,MonoScript,ChangeToTrueEvent,,96,
data.unity3d,3403,MonoScript,MessageId,,80,
data.unity3d,3404,MonoScript,SakashoAnalyticsCupClear,,104,
data.unity3d,3405,MonoScript,CameraCollision,,88,
data.unity3d,3406,MonoScript,UIRaceItemSlotEffectMesh,,104,
data.unity3d,3407,MonoScript,IEnumerableTestMethodCommand,,164,
data.unity3d,3408,MonoScript,GraphicKartDriver,,96,
data.unity3d,3409,MonoScript,FieldDirector,,88,
data.unity3d,3410,MonoScript,UIFriendIdRequestButton,,104,
data.unity3d,3411,MonoScript,NetworkCloneManager,,96,
data.unity3d,3412,MonoScript,SakashoStorageStockCupConstructTicket,,136,
data.unity3d,3413,MonoScript,GraphicRaycaster,,100,
data.unity3d,3414,MonoScript,SakashoWebViewTreasureBoxPageInjectionData,,136,
data.unity3d,3415,MonoScript,SakashoEventRaceFestivalTeamStockPartsUpdater,,144,
data.unity3d,3416,MonoScript,UIMultiLinePrefabList,,104,
data.unity3d,3417,MonoScript,ShelpSubscriptionAccessor,,108,
data.unity3d,3418,MonoScript,PiaUnityVersion,,100,
data.unity3d,3419,MonoScript,FrameworkSceneGame,,96,
data.unity3d,3420,MonoScript,ImageEx,,72,
data.unity3d,3421,MonoScript,InertAddressNative,,108,
data.unity3d,3422,MonoScript,MapObjSplineMoveHelper,,104,
data.unity3d,3423,MonoScript,RaceSequenceSubManagerDownloadRace,,128,
data.unity3d,3424,MonoScript,UICourseResultDialogRace,,104,
data.unity3d,3425,MonoScript,UIParameterDescriptionDynamicMessage,,128,
data.unity3d,3426,MonoScript,UIP2PEventTitleDynamicMessage,,120,
data.unity3d,3427,MonoScript,EnumerableSetUpTearDownCommand,,148,
data.unity3d,3428,MonoScript,IDynamicMessageInfoList,,96,
data.unity3d,3429,MonoScript,FieldLightProbeChangeData,,112,
data.unity3d,3430,MonoScript,CanvasGroupAlphaSetTarget,,112,
data.unity3d,3431,MonoScript,Math,,68,
data.unity3d,3432,MonoScript,UI2DMapSetting,,88,
data.unity3d,3433,MonoScript,StreamBroadcastReliableProtocolNative,,148,
data.unity3d,3434,MonoScript,AkPlaylistItem,,84,
data.unity3d,3435,MonoScript,UIRestTimeBase,,88,
data.unity3d,3436,MonoScript,UIDynamicImageScriptableObjectLoaderBase,,136,
data.unity3d,3437,MonoScript,ScriptableItemComponentVisiblityAndColMode,,144,
data.unity3d,3438,MonoScript,MapObjFuzzyLine,,88,
data.unity3d,3439,MonoScript,SakashoInnerUtil,,88,
data.unity3d,3440,MonoScript,UISetDriftModeAction,,96,
data.unity3d,3441,MonoScript,CameraRemote,,80,
data.unity3d,3442,MonoScript,UIFestivalTeamResultDynamicMessage,,128,
data.unity3d,3443,MonoScript,ScriptableAudioCourseObj,,104,
data.unity3d,3444,MonoScript,CloudJoinRandomSessionSettngNative,,140,
data.unity3d,3445,MonoScript,ItemSlotResultInRace,,96,
data.unity3d,3446,MonoScript,UIDynamicCupOptionButtonImageLoader,,128,
data.unity3d,3447,MonoScript,MapObjPackunFlowerInk,,104,
data.unity3d,3448,MonoScript,UtilErrorCodeCSharpExceptionHashGenerator,,140,
data.unity3d,3449,MonoScript,AndroidNotificationCallback,,140,
data.unity3d,3450,MonoScript,PlayCoreTranslator,,132,
data.unity3d,3451,MonoScript,UILeftPlayerNumComponent,,104,
data.unity3d,3452,MonoScript,MapObjPillarIce,,88,
data.unity3d,3453,MonoScript,UIBingoChallengeCompleteDynamicMessage,,136,
data.unity3d,3454,MonoScript,UIBingoChallengeBuyDynamicMessage,,128,
data.unity3d,3455,MonoScript,ItemObj037,,80,
data.unity3d,3456,MonoScript,MapObjLeafRed,,88,
data.unity3d,3457,MonoScript,EventProtocolBaseNative,,116,
data.unity3d,3458,MonoScript,ScriptableKartBodyTire,,104,
data.unity3d,3459,MonoScript,GraphicShadowProjectorRenderTexture,,128,
data.unity3d,3460,MonoScript,TestResultRendererCallback,,160,
data.unity3d,3461,MonoScript,UIGreetCoinReceiveAction,,104,
data.unity3d,3462,MonoScript,WwiseApiAdapterEventBuffer,,112,
data.unity3d,3463,MonoScript,Mask,,68,
data.unity3d,3464,MonoScript,AkReflectionPathInfoArray,,108,
data.unity3d,3465,MonoScript,UtilThreadingContext,,84,
data.unity3d,3466,MonoScript,PropertySheetFactory,,128,
data.unity3d,3467,MonoScript,SakashoRankingFinishResult,,112,
data.unity3d,3468,MonoScript,AkResourceMonitorDataSummary,,108,
data.unity3d,3469,MonoScript,UITicketContentTitleDynamicMessage,,128,
data.unity3d,3470,MonoScript,UIRaceResultSequence,,96,
data.unity3d,3471,MonoScript,UIReEnterRaceEvent,,96,
data.unity3d,3472,MonoScript,RaceMatchingManager,,96,
data.unity3d,3473,MonoScript,SetUpTearDownCommand,,124,
data.unity3d,3474,MonoScript,ItemObjStraight,,88,
data.unity3d,3475,MonoScript,CharModel,,84,
data.unity3d,3476,MonoScript,UIMiiSuitPointUpList,,96,
data.unity3d,3477,MonoScript,ShelpResultSpecificErrorCode,,112,
data.unity3d,3478,MonoScript,UIScreenOpenAction,,96,
data.unity3d,3479,MonoScript,UITotalPointChallengeCellListItem,,128,
data.unity3d,3480,MonoScript,MapObjBlockNote,,88,
data.unity3d,3481,MonoScript,MapEdCustumizer,,88,
data.unity3d,3482,MonoScript,SakashoAnalyticsSubscription,,112,
data.unity3d,3483,MonoScript,ActivationMixerPlayable,,120,
data.unity3d,3484,MonoScript,UIRaceMap,,80,
data.unity3d,3485,MonoScript,ButtonEx,,72,
data.unity3d,3486,MonoScript,AudioEventManager,,96,
data.unity3d,3487,MonoScript,SakashoAllPvPRuleSchedules,,112,
data.unity3d,3488,MonoScript,Outline,,84,
data.unity3d,3489,MonoScript,AkInitializer,,84,
data.unity3d,3490,MonoScript,UIResultPartsPointUpDynamicMessage,,128,
data.unity3d,3491,MonoScript,TargetCaptureBase,,96,
data.unity3d,3492,MonoScript,AkDeviceDescription,,92,
data.unity3d,3493,MonoScript,NabeTimeoutScope,,84,
data.unity3d,3494,MonoScript,AudioObjPackKart,,88,
data.unity3d,3495,MonoScript,WwiseAcousticTextureReference,,116,
data.unity3d,3496,MonoScript,UserProfileData,,88,
data.unity3d,3497,MonoScript,EffectManager,,88,
data.unity3d,3498,MonoScript,TMP_MeshInfo,,88,
data.unity3d,3499,MonoScript,AudioObjSeKartMtr,,96,
data.unity3d,3500,MonoScript,UIWeeklyEventShopBorderList,,112,
data.unity3d,3501,MonoScript,UtilUnityApiAdapterGameObjectBuffer,,124,
data.unity3d,3502,MonoScript,UIBackButtonDynamicMessage,,112,
data.unity3d,3503,MonoScript,ScrollLoopLayoutGroup,,104,
data.unity3d,3504,MonoScript,EffectKartBody,,88,
data.unity3d,3505,MonoScript,EnumerableRepeatedTestCommand,,148,
data.unity3d,3506,MonoScript,UIMainMenuHudButton,,96,
data.unity3d,3507,MonoScript,UICourseNameDynamicMessage,,112,
data.unity3d,3508,MonoScript,UIResetNominatedProductListNewFlagAction,,136,
data.unity3d,3509,MonoScript,UICurrentRaceTime,,96,
data.unity3d,3510,MonoScript,UIPartsItemSpecialSkillListItem,,120,
data.unity3d,3511,MonoScript,SakashoProductNominaterProductSlotNewFlag,,136,
data.unity3d,3512,MonoScript,Common,,76,
data.unity3d,3513,MonoScript,AssetIntDictionary,,96,
data.unity3d,3514,MonoScript,AkTriangleArray,,84,
data.unity3d,3515,MonoScript,ScriptableDriverMotionSetting,,120,
data.unity3d,3516,MonoScript,UIEnterRaceAction,,96,
data.unity3d,3517,MonoScript,UISpriteIntDictionary,,104,
data.unity3d,3518,MonoScript,ChildComponentValueSource,,112,
data.unity3d,3519,MonoScript,UITourTop,,80,
data.unity3d,3520,MonoScript,UtilHashSet,,64,
data.unity3d,3521,MonoScript,DrawCommon,,92,
data.unity3d,3522,MonoScript,UINumberOfWinDynamicMessage,,112,
data.unity3d,3523,MonoScript,AkSoundEngine,,84,
data.unity3d,3524,MonoScript,StateMachineBehaviourExitEvent,,120,
data.unity3d,3525,MonoScript,ItemComponentEffort,,96,
data.unity3d,3526,MonoScript,UIForceLoginNintendoAccountSequenceAction,,144,
data.unity3d,3527,MonoScript,ShaderIDs,,112,
data.unity3d,3528,MonoScript,ScriptableCameraP2PStartDemo,,112,
data.unity3d,3529,MonoScript,MessageMsTextAllLanguageReader,,120,
data.unity3d,3530,MonoScript,BaseInputEx,,80,
data.unity3d,3531,MonoScript,PostProcessEvent,,128,
data.unity3d,3532,MonoScript,ItemComponentPosSetterCamera,,112,
data.unity3d,3533,MonoScript,UIGoalEventActionTrigger,,104,
data.unity3d,3534,MonoScript,UtilErrorCodeAppDebugStandardIterator,,132,
data.unity3d,3535,MonoScript,UIRankingPlayerList,,96,
data.unity3d,3536,MonoScript,UITicketButtonListItem,,104,
data.unity3d,3537,MonoScript,TMP_SpriteAssetImportFormats,,136,
data.unity3d,3538,MonoScript,ScriptableItemParamClass027,,112,
data.unity3d,3539,MonoScript,PlatformDynamicMessage,,104,
data.unity3d,3540,MonoScript,SignalReceiver,,104,
data.unity3d,3541,MonoScript,PlayGamesAchievement,,112,
data.unity3d,3542,MonoScript,NetworkCloneHeader,,88,
data.unity3d,3543,MonoScript,SystemBuildInfoDefine,,104,
data.unity3d,3544,MonoScript,FrameworkEngineTaskParameter,,104,
data.unity3d,3545,MonoScript,MapUnitPathPull,,88,
data.unity3d,3546,MonoScript,SakashoAnalyticsRanking,,104,
data.unity3d,3547,MonoScript,AkBankManager,,84,
data.unity3d,3548,MonoScript,ResourceDevelopConfig,,104,
data.unity3d,3549,MonoScript,UIUrlSet,,72,
data.unity3d,3550,MonoScript,SakashoServerConfig,,96,
data.unity3d,3551,MonoScript,DataHolder,,84,
data.unity3d,3552,MonoScript,IPayload,,84,
data.unity3d,3553,MonoScript,UIPvPPremiumPassExplanationDynamicMessage,,144,
data.unity3d,3554,MonoScript,ScriptableItemComponentGndColSensor,,128,
data.unity3d,3555,MonoScript,UIFadeBase,,80,
data.unity3d,3556,MonoScript,UIListDialog,,80,
data.unity3d,3557,MonoScript,GearResourceCollection,,100,
data.unity3d,3558,MonoScript,ActionListAction,,88,
data.unity3d,3559,MonoScript,EffectObjKartPool,,96,
data.unity3d,3560,MonoScript,GraphicDriverWill,,96,
data.unity3d,3561,MonoScript,MapObjBalloonBase,,96,
data.unity3d,3562,MonoScript,AIDriftDrive,,80,
data.unity3d,3563,MonoScript,UICcDifficultyDynamicMessage,,112,
data.unity3d,3564,MonoScript,ShelpDebugPlayerAccessor,,104,
data.unity3d,3565,MonoScript,IBackAction,,80,
data.unity3d,3566,MonoScript,AssetStringDictionary,,104,
data.unity3d,3567,MonoScript,MapObjKakiwari,,88,
data.unity3d,3568,MonoScript,UIDynamicCupImageLoader,,104,
data.unity3d,3569,MonoScript,DynamicMessageSetTarget,,104,
data.unity3d,3570,MonoScript,AkStdMovePolicy,,84,
data.unity3d,3571,MonoScript,SakashoProductLeagueShopManager,,128,
data.unity3d,3572,MonoScript,UISetUnscaledAnimAction,,104,
data.unity3d,3573,MonoScript,UIVirtualCurrencyShopItemList,,120,
data.unity3d,3574,MonoScript,WeightUtility,,104,
data.unity3d,3575,MonoScript,UIPvPRuleCheckRaceOrBattleNumTitleDynamicMessage,,152,
data.unity3d,3576,MonoScript,WwiseEventReference,,92,
data.unity3d,3577,MonoScript,UIFontLoader,,80,
data.unity3d,3578,MonoScript,MapObjWaterColumnManhole,,104,
data.unity3d,3579,MonoScript,ItemTestCase,,80,
data.unity3d,3580,MonoScript,UIMainMenuItemBalloon,,104,
data.unity3d,3581,MonoScript,ShelpRankRaceJoinResult,,104,
data.unity3d,3582,MonoScript,UISuperWinInfo,,88,
data.unity3d,3583,MonoScript,UIManagerExtend,,88,
data.unity3d,3584,MonoScript,AkSpatialAudioInitSettings,,108,
data.unity3d,3585,MonoScript,UISkillLevelMaxDynamicMessage,,120,
data.unity3d,3586,MonoScript,UIMultiPlayQuitSessionAction,,112,
data.unity3d,3587,MonoScript,SakashoFestivalTeamSetting,,116,
data.unity3d,3588,MonoScript,UIEventRewardList,,96,
data.unity3d,3589,MonoScript,ScriptableRaceSequenceParam,,112,
data.unity3d,3590,MonoScript,UILoginBonusTitleDynamicMessage,,120,
data.unity3d,3591,MonoScript,ItemAutoDefine,,88,
data.unity3d,3592,MonoScript,ItemSerial,,80,
data.unity3d,3593,MonoScript,SakashoAnalyticsDelayPoster,,124,
data.unity3d,3594,MonoScript,AkTriggerDisable,,84,
data.unity3d,3595,MonoScript,UIScreenPathTableLoader,,104,
data.unity3d,3596,MonoScript,UICourseResultDialogEvent,,112,
data.unity3d,3597,MonoScript,UtilUnityApiAdapterAnimator,,108,
data.unity3d,3598,MonoScript,ItemObjParabolic,,88,
data.unity3d,3599,MonoScript,RaceKartInfo,,80,
data.unity3d,3600,MonoScript,ItemActorBase,,88,
data.unity3d,3601,MonoScript,ItemGndCol,,80,
data.unity3d,3602,MonoScript,AkWaapiClient,,84,
data.unity3d,3603,MonoScript,SeadAssert,,76,
data.unity3d,3604,MonoScript,NetworkInnerUtil,,88,
data.unity3d,3605,MonoScript,HorizontalLayoutGroupEx,,104,
data.unity3d,3606,MonoScript,TransformClone,,88,
data.unity3d,3607,MonoScript,RaceEventParadeManager,,104,
data.unity3d,3608,MonoScript,ToggleVariableSync,,96,
data.unity3d,3609,MonoScript,UIScrollerPageChangeItem,,104,
data.unity3d,3610,MonoScript,SakashoMk8dxManager,,96,
data.unity3d,3611,MonoScript,session_SessionStationManager,,132,
data.unity3d,3612,MonoScript,MapUnitPathRouteParameter,,104,
data.unity3d,3613,MonoScript,BugsnagUnityWebRequest,,116,
data.unity3d,3614,MonoScript,RaceEventComboAttackManager,,112,
data.unity3d,3615,MonoScript,UIPvPTreasureInfo,,96,
data.unity3d,3616,MonoScript,RaceSequenceSubManagerP2PEvent,,120,
data.unity3d,3617,MonoScript,UIDynamicToggleItemImageLoader,,120,
data.unity3d,3618,MonoScript,KartDriverColorTextureSettings,,120,
data.unity3d,3619,MonoScript,ScriptableItemPos,,96,
data.unity3d,3620,MonoScript,UIChangedRatingEvent,,96,
data.unity3d,3621,MonoScript,NativeClient,,84,
data.unity3d,3622,MonoScript,MapObjSwapLinker,,88,
data.unity3d,3623,MonoScript,SeadRawPrint,,76,
data.unity3d,3624,MonoScript,CategoryFilterExtended,,156,
data.unity3d,3625,MonoScript,UIGoodCourseListLevelUp,,104,
data.unity3d,3626,MonoScript,UIPremiumPassAttention01DynamicMessage,,136,
data.unity3d,3627,MonoScript,Configuration,,92,
data.unity3d,3628,MonoScript,UICommonSequence,,88,
data.unity3d,3629,MonoScript,RaceStopwatch,,88,
data.unity3d,3630,MonoScript,ItemComponentArea,,96,
data.unity3d,3631,MonoScript,CollisionGndColUtil,,96,
data.unity3d,3632,MonoScript,UIButtonExDisableSetting,,104,
data.unity3d,3633,MonoScript,UIWeeklyEventShopList,,104,
data.unity3d,3634,MonoScript,UIDynamicPowerUpImageLoader,,112,
data.unity3d,3635,MonoScript,UIGoodCourseHeaderDynamicMessage,,120,
data.unity3d,3636,MonoScript,MapObjFerry,,80,
data.unity3d,3637,MonoScript,AIDefine,,72,
data.unity3d,3638,MonoScript,GraphicDriverFaceResourceCollection,,128,
data.unity3d,3639,MonoScript,UIDynamicTransactionsLawImageLoader,,128,
data.unity3d,3640,MonoScript,NetworkRaceCourseDecider,,108,
data.unity3d,3641,MonoScript,BugsnagAutoInit,,92,
data.unity3d,3642,MonoScript,SakashoRaceSeasonCupCourseScoreReward,,132,
data.unity3d,3643,MonoScript,UIItemInfoWindow,,88,
data.unity3d,3644,MonoScript,UtilString,,64,
data.unity3d,3645,MonoScript,Uri,,60,
data.unity3d,3646,MonoScript,ItemSlotProxy,,88,
data.unity3d,3647,MonoScript,RaceDirector,,80,
data.unity3d,3648,MonoScript,Misc,,88,
data.unity3d,3649,MonoScript,UIScheduledRestartEvent,,104,
data.unity3d,3650,MonoScript,transport_UnreliableProtocol,,124,
data.unity3d,3651,MonoScript,UIResetMiiSuitShopNewFlagAction,,120,
data.unity3d,3652,MonoScript,AudioObjSeKartMtrWall,,104,
data.unity3d,3653,MonoScript,NabeSipHash,,64,
data.unity3d,3654,MonoScript,PlayCoreHelper,,112,
data.unity3d,3655,MonoScript,AudioObjSeKart,,88,
data.unity3d,3656,MonoScript,UITicketContentList,,96,
data.unity3d,3657,MonoScript,ResourceManager,,88,
data.unity3d,3658,MonoScript,SakashoSuperWinManager,,104,
data.unity3d,3659,MonoScript,UIMainMenuNetPlayCountDownComponent,,128,
data.unity3d,3660,MonoScript,SakashoStorageStockParts,,116,
data.unity3d,3661,MonoScript,UIWebViewOpenAction,,96,
data.unity3d,3662,MonoScript,UIPvPRuleCOMKartActivityDynamicMessage,,136,
data.unity3d,3663,MonoScript,HeadwearTransform,,100,
data.unity3d,3664,MonoScript,CollisionGndColHitInfo,,104,
data.unity3d,3665,MonoScript,ScriptableEffectContainer,,112,
data.unity3d,3666,MonoScript,UIGoodCourseKartPartsList,,112,
data.unity3d,3667,MonoScript,FastApproximateAntialiasing,,144,
data.unity3d,3668,MonoScript,ScriptableCourse,,88,
data.unity3d,3669,MonoScript,AudioObjBgmRace,,88,
data.unity3d,3670,MonoScript,TMPro_MeshUtilities,,100,
data.unity3d,3671,MonoScript,SakashoUnshownErrorHandler,,112,
data.unity3d,3672,MonoScript,UIScreenDebugCloseAction,,104,
data.unity3d,3673,MonoScript,UIPvPRuleRaceNumDynamicMessage,,120,
data.unity3d,3674,MonoScript,INativeClient,,92,
data.unity3d,3675,MonoScript,wan_SessionSetting,,116,
data.unity3d,3676,MonoScript,AkState,,68,
data.unity3d,3677,MonoScript,FullNameFilter,,140,
data.unity3d,3678,MonoScript,ShelpSubscriptionLimitedPurchase,,120,
data.unity3d,3679,MonoScript,CollisionGndColBlock,,96,
data.unity3d,3680,MonoScript,pia_Type,,88,
data.unity3d,3681,MonoScript,AkChannelConfig,,84,
data.unity3d,3682,MonoScript,MapObjWanwan,,80,
data.unity3d,3683,MonoScript,SystemInfo,,80,
data.unity3d,3684,MonoScript,UIPurchaseNominatedProductAction,,120,
data.unity3d,3685,MonoScript,ScriptableItemComponentPosSetterCamera,,136,
data.unity3d,3686,MonoScript,AudioBehaviorDropdown,,104,
data.unity3d,3687,MonoScript,ItemObjExplosion,,88,
data.unity3d,3688,MonoScript,UIP2PRaceLobbyUserListItem,,112,
data.unity3d,3689,MonoScript,ResourceRCourse,,76,
data.unity3d,3690,MonoScript,UIResultCoinMaxDynamicMessage,,120,
data.unity3d,3691,MonoScript,UIShopTopContentList,,96,
data.unity3d,3692,MonoScript,UISkillOwnerList,,88,
data.unity3d,3693,MonoScript,MapObjStageCircle,,96,
data.unity3d,3694,MonoScript,DtPartsLoader,,88,
data.unity3d,3695,MonoScript,UITreasureBoxProductList,,104,
data.unity3d,3696,MonoScript,UIWipe,,72,
data.unity3d,3697,MonoScript,SimpleDigitalMeterShape,,104,
data.unity3d,3698,MonoScript,NetworkDefine,,88,
data.unity3d,3699,MonoScript,CameraModuleManager,,96,
data.unity3d,3700,MonoScript,RaceEventMatoateManager,,104,
data.unity3d,3701,MonoScript,UIDateTime,,80,
data.unity3d,3702,MonoScript,CameraBackMirror,,88,
data.unity3d,3703,MonoScript,AudioObjSeKartEngine,,96,
data.unity3d,3704,MonoScript,IntegrityTokenRequest,,132,
data.unity3d,3705,MonoScript,DynamicMessageBase,,96,
data.unity3d,3706,MonoScript,UIManager,,80,
data.unity3d,3707,MonoScript,UIDescriptionWindow,,96,
data.unity3d,3708,MonoScript,SnsTwitterJsonIds,,88,
data.unity3d,3709,MonoScript,DebugKartSetCapture,,96,
data.unity3d,3710,MonoScript,IResourceBuildEvent,,96,
data.unity3d,3711,MonoScript,UIBuretteList,,88,
data.unity3d,3712,MonoScript,ShelpIntentionalPushNotificationAccessor,,136,
data.unity3d,3713,MonoScript,UITicketContentListItem,,104,
data.unity3d,3714,MonoScript,ItemAssetInfo,,88,
data.unity3d,3715,MonoScript,UIEventPageScrollerSetting,,112,
data.unity3d,3716,MonoScript,ScriptingRuntimeProxy,,136,
data.unity3d,3717,MonoScript,SubpixelMorphologicalAntialiasing,,160,
data.unity3d,3718,MonoScript,KartVehicleNet,,88,
data.unity3d,3719,MonoScript,RaceEventCountMiniTurboManager,,120,
data.unity3d,3720,MonoScript,UIChangedSeparateModeEvent,,112,
data.unity3d,3721,MonoScript,UtilErrorCodeNabeIterator,,112,
data.unity3d,3722,MonoScript,TestCommandBuilder,,148,
data.unity3d,3723,MonoScript,BinLibmsFileBase,,112,
data.unity3d,3724,MonoScript,RaceEventOneHundredManager,,112,
data.unity3d,3725,MonoScript,AudioObjBgmResult,,96,
data.unity3d,3726,MonoScript,Error,,84,
data.unity3d,3727,MonoScript,ManagedHeapExtensions,,140,
data.unity3d,3728,MonoScript,UIDebugDrawInputRect,,96,
data.unity3d,3729,MonoScript,RaceAnalyticsItemRecorder,,100,
data.unity3d,3730,MonoScript,UIDynamicTreasureBoxImageLoader,,120,
data.unity3d,3731,MonoScript,TextMeshProUGUI,,96,
data.unity3d,3732,MonoScript,RaceSequenceSubManagerLuaProfile,,120,
data.unity3d,3733,MonoScript,UITutorialBalloonBasePosition,,120,
data.unity3d,3734,MonoScript,MapObjStart,,80,
data.unity3d,3735,MonoScript,UIUpdateLapCountEvent,,104,
data.unity3d,3736,MonoScript,ScriptableGndMaterialInKCol,,112,
data.unity3d,3737,MonoScript,AkAuxSendValue,,84,
data.unity3d,3738,MonoScript,AIPathData,,80,
data.unity3d,3739,MonoScript,IzumoCreateSessionSettingNative,,132,
data.unity3d,3740,MonoScript,ShelpFriendAccessor,,108,
data.unity3d,3741,MonoScript,UtilAclBuffer,,84,
data.unity3d,3742,MonoScript,SakashoAnalyticsFirstPlaySequence,,140,
data.unity3d,3743,MonoScript,UIGoodCourseListGood,,96,
data.unity3d,3744,MonoScript,SakashoInventoryManager,,104,
data.unity3d,3745,MonoScript,ItemReact,,80,
data.unity3d,3746,MonoScript,UIPartsPowerUpTitleDynamicMessage,,128,
data.unity3d,3747,MonoScript,UITicketContentInfoDynamicMessage,,128,
data.unity3d,3748,MonoScript,MultiScaleVO,,112,
data.unity3d,3749,MonoScript,SnsTwitter,,80,
data.unity3d,3750,MonoScript,MapObjKcolPrismSet,,96,
data.unity3d,3751,MonoScript,SeadHashCrc32,,84,
data.unity3d,3752,MonoScript,UIMissionDynamicMessageBase,,112,
data.unity3d,3753,MonoScript,ItemOwnerProxy,,88,
data.unity3d,3754,MonoScript,ParticleControlPlayable,,120,
data.unity3d,3755,MonoScript,UIResetFriendListNewFlagAction,,120,
data.unity3d,3756,MonoScript,AnimatorInitFrameTime,,104,
data.unity3d,3757,MonoScript,UIExitPvPSequenceAction,,104,
data.unity3d,3758,MonoScript,cloud_Api,,88,
data.unity3d,3759,MonoScript,GraphicSubEngine,,88,
data.unity3d,3760,MonoScript,UISettingToggleItemDynamicMessage,,128,
data.unity3d,3761,MonoScript,SpecialOfferTestCase,,96,
data.unity3d,3762,MonoScript,TMP_FontAssetCommon,,100,
data.unity3d,3763,MonoScript,StateMachineBehaviourEvent,,112,
data.unity3d,3764,MonoScript,IUpdate,,72,
data.unity3d,3765,MonoScript,UIRaceHud,,80,
data.unity3d,3766,MonoScript,UIMk8LinkAction,,88,
data.unity3d,3767,MonoScript,SeadQuatCalcCommon,,92,
data.unity3d,3768,MonoScript,UIChangedInitialSettingFlagEvent,,120,
data.unity3d,3769,MonoScript,SimpleShapeBase,,88,
data.unity3d,3770,MonoScript,UINetPlayWaitComponent,,104,
data.unity3d,3771,MonoScript,SkillTestCase,,88,
data.unity3d,3772,MonoScript,UICelebration,,88,
data.unity3d,3773,MonoScript,GearFrameworkDefine,,92,
data.unity3d,3774,MonoScript,MapObjActionCounter,,96,
data.unity3d,3775,MonoScript,UIChangedSeasonRewardRankPointEvent,,128,
data.unity3d,3776,MonoScript,GraphicKartSuspension,,104,
data.unity3d,3777,MonoScript,GearUtilByamlLocal,,88,
data.unity3d,3778,MonoScript,UIEventRewardListItem,,104,
data.unity3d,3779,MonoScript,FrameworkUtil,,88,
data.unity3d,3780,MonoScript,MapObjBaggage,,88,
data.unity3d,3781,MonoScript,UtilDirectory,,72,
data.unity3d,3782,MonoScript,AssetStringDictionaryBase,,116,
data.unity3d,3783,MonoScript,UICourseResultDialogBase,,104,
data.unity3d,3784,MonoScript,TimeUtility,,96,
data.unity3d,3785,MonoScript,UIExternalDebug,,88,
data.unity3d,3786,MonoScript,AISpeedCoinBattle,,96,
data.unity3d,3787,MonoScript,GraphicGessoInkData,,88,
data.unity3d,3788,MonoScript,ItemComponentParabolic,,104,
data.unity3d,3789,MonoScript,UIResultItem,,80,
data.unity3d,3790,MonoScript,InvisibleRaycastTarget,,104,
data.unity3d,3791,MonoScript,AudioInternal,,88,
data.unity3d,3792,MonoScript,UIPvpWaitUITipsLobbyMatchDynamicMessage,,136,
data.unity3d,3793,MonoScript,PiaPlugin_TransportAnalysisDataNative,,140,
data.unity3d,3794,MonoScript,SakashoStorageStockLevelableItem,,116,
data.unity3d,3795,MonoScript,SingletonValueSource,,96,
data.unity3d,3796,MonoScript,TextureLerper,,120,
data.unity3d,3797,MonoScript,UtilRailFixed,,84,
data.unity3d,3798,MonoScript,UIMainMenuEmphasisActiveFriendRoomTypeDynamicMessage,,160,
data.unity3d,3799,MonoScript,AkWwiseBank,,76,
data.unity3d,3800,MonoScript,AnimationIntChangerBase,,104,
data.unity3d,3801,MonoScript,TextureFormatUtilities,,136,
data.unity3d,3802,MonoScript,clone_Types,,100,
data.unity3d,3803,MonoScript,Correlation,,92,
data.unity3d,3804,MonoScript,EffectAnim,,80,
data.unity3d,3805,MonoScript,UtilErrorCodeBase,,92,
data.unity3d,3806,MonoScript,PlayerQuitHandler,,144,
data.unity3d,3807,MonoScript,ICameraTargetChange,,96,
data.unity3d,3808,MonoScript,UIDynamicCelebrationMessageImageLoader,,136,
data.unity3d,3809,MonoScript,UIBtnHatenaBoxComponent,,104,
data.unity3d,3810,MonoScript,CameraKart,,80,
data.unity3d,3811,MonoScript,SakashoAnalyticsFriend,,104,
data.unity3d,3812,MonoScript,NabeILoadCallback,,80,
data.unity3d,3813,MonoScript,WwiseStateGroupReference,,100,
data.unity3d,3814,MonoScript,ItemObjPath,,80,
data.unity3d,3815,MonoScript,Report,,84,
data.unity3d,3816,MonoScript,RaceEventParadeSnapManager,,112,
data.unity3d,3817,MonoScript,GearUtilStateObserver,,100,
data.unity3d,3818,MonoScript,AIPathHandler,,88,
data.unity3d,3819,MonoScript,DebugProfilingFastBehaviour,,112,
data.unity3d,3820,MonoScript,ScriptableItemParamKouraR,,112,
data.unity3d,3821,MonoScript,UIStockWappenListItem,,104,
data.unity3d,3822,MonoScript,AkMacSettings,,84,
data.unity3d,3823,MonoScript,PayloadManager,,92,
data.unity3d,3824,MonoScript,UINetPlayResultListItem,,104,
data.unity3d,3825,MonoScript,InputFieldSetterAction,,104,
data.unity3d,3826,MonoScript,UIDynamicCcImageLoader,,104,
data.unity3d,3827,MonoScript,util_PiaLog,,84,
data.unity3d,3828,MonoScript,AkMusicSyncCallbackInfo,,100,
data.unity3d,3829,MonoScript,MapObjKuriboTower,,96,
data.unity3d,3830,MonoScript,UINominatedProductBuyDynamicMessage,,128,
data.unity3d,3831,MonoScript,GraphicKartConstructor,,104,
data.unity3d,3832,MonoScript,AssemblyLoadProxy,,128,
data.unity3d,3833,MonoScript,UICoinGetEvent,,88,
data.unity3d,3834,MonoScript,NabeContentScene,,84,
data.unity3d,3835,MonoScript,FrameworkInnerUtil,,96,
data.unity3d,3836,MonoScript,UtilDebug,,64,
data.unity3d,3837,MonoScript,UIAsyncImageLoader,,96,
data.unity3d,3838,MonoScript,session_CreateSessionSetting,,124,
data.unity3d,3839,MonoScript,UIPvpWaitUIForLobbyMatchDynamicMessage,,136,
data.unity3d,3840,MonoScript,UIStarListItem,,88,
data.unity3d,3841,MonoScript,ItemComponent,,88,
data.unity3d,3842,MonoScript,ShelpInventoryItemData,,112,
data.unity3d,3843,MonoScript,UICrashreportButtonAction,,112,
data.unity3d,3844,MonoScript,UIFriendChallengeRewardMarkList,,120,
data.unity3d,3845,MonoScript,AkWindowsBasePathGetter,,92,
data.unity3d,3846,MonoScript,StacktraceFilter,,120,
data.unity3d,3847,MonoScript,ItemRaceAnalyzer,,88,
data.unity3d,3848,MonoScript,TextAnimationBasic,,96,
data.unity3d,3849,MonoScript,ScriptableMatchingParam,,104,
data.unity3d,3850,MonoScript,EmulationService,,108,
data.unity3d,3851,MonoScript,WanSessionStartupSettingNative,,128,
data.unity3d,3852,MonoScript,MapObjBarrelBombPropeller,,112,
data.unity3d,3853,MonoScript,ReflectionMethodsCache,,116,
data.unity3d,3854,MonoScript,ItemSensor,,80,
data.unity3d,3855,MonoScript,LoadingBar,,112,
data.unity3d,3856,MonoScript,UINotActivenInTutorialComponent,,120,
data.unity3d,3857,MonoScript,NotifierInfo,,92,
data.unity3d,3858,MonoScript,RaceEventItemBoxChaseStartManager,,128,
data.unity3d,3859,MonoScript,EmulationServiceSettingNative,,144,
data.unity3d,3860,MonoScript,AnimationSetController,,104,
data.unity3d,3861,MonoScript,UtilSMofDataHolder,,84,
data.unity3d,3862,MonoScript,transport_BroadcastReliableProtocol,,140,
data.unity3d,3863,MonoScript,UICurrentCoin,,88,
data.unity3d,3864,MonoScript,SeadVector3,,76,
data.unity3d,3865,MonoScript,UITourTopTitleDynamicMessage,,112,
data.unity3d,3866,MonoScript,UIGoodCourseLevelDynamicMessage,,120,
data.unity3d,3867,MonoScript,ItemProbabilyOfRankData,,104,
data.unity3d,3868,MonoScript,SakashoDefine,,88,
data.unity3d,3869,MonoScript,UIFirstMainMenuSequenceAction,,120,
data.unity3d,3870,MonoScript,SakashoStorageStorageFactory,,116,
data.unity3d,3871,MonoScript,ActivationPlayableAsset,,120,
data.unity3d,3872,MonoScript,WwiseApiAdapterEvent,,96,
data.unity3d,3873,MonoScript,BasicScriptPlayable,,116,
data.unity3d,3874,MonoScript,KartSteerAssistPathManager,,112,
data.unity3d,3875,MonoScript,UIPointContentList,,96,
data.unity3d,3876,MonoScript,DirectMessageSetterAction,,112,
data.unity3d,3877,MonoScript,IScriptingRuntimeProxy,,136,
data.unity3d,3878,MonoScript,UILoginBonusList,,88,
data.unity3d,3879,MonoScript,ItemFeverProbabilityOfLap,,112,
data.unity3d,3880,MonoScript,Image,,84,
data.unity3d,3881,MonoScript,SceneJumpAction,,88,
data.unity3d,3882,MonoScript,SakashoAsyncTaskHandler,,104,
data.unity3d,3883,MonoScript,TMP_ShaderUtilities,,100,
data.unity3d,3884,MonoScript,MapObjPukupukuBeach,,96,
data.unity3d,3885,MonoScript,ScriptableDemoCourseIntroCamera,,120,
data.unity3d,3886,MonoScript,MapObjPylonBase,,88,
data.unity3d,3887,MonoScript,UIPvPRuleTeamNumDynamicMessage,,120,
data.unity3d,3888,MonoScript,UnityTestAttribute,,124,
data.unity3d,3889,MonoScript,UINotifyDialogSortAction,,104,
data.unity3d,3890,MonoScript,UIFestivalTeamInfo,,96,
data.unity3d,3891,MonoScript,NearbyConnectionClientFactory,,136,
data.unity3d,3892,MonoScript,UIDynamicFestivalTeamImageLoader,,120,
data.unity3d,3893,MonoScript,IPostBuildCleanup,,124,
data.unity3d,3894,MonoScript,PageScrollerBase,,88,
data.unity3d,3895,MonoScript,MapObjPukupukuMecha,,96,
data.unity3d,3896,MonoScript,util_PiaAssert,,96,
data.unity3d,3897,MonoScript,SakashoFriendRequestData,,100,
data.unity3d,3898,MonoScript,MapObjBeltConveyorMobsi,,104,
data.unity3d,3899,MonoScript,UITeamColor,,80,
data.unity3d,3900,MonoScript,UnityTestTimeoutException,,148,
data.unity3d,3901,MonoScript,CameraParadeIntro,,96,
data.unity3d,3902,MonoScript,MapObjMarkPoint,,88,
data.unity3d,3903,MonoScript,MapObjUtil,,80,
data.unity3d,3904,MonoScript,UIChangedStockCoinCacheEvent,,112,
data.unity3d,3905,MonoScript,RaceCreateInfo,,88,
data.unity3d,3906,MonoScript,ItemExternal,,80,
data.unity3d,3907,MonoScript,System,,72,
data.unity3d,3908,MonoScript,System,,72,
data.unity3d,3909,MonoScript,SynchronizationContextBehavoir,,140,
data.unity3d,3910,MonoScript,FirebaseMonoBehaviour,,128,
data.unity3d,3911,MonoScript,NPFSDK,,68,
data.unity3d,3912,MonoScript,NPFSDK,,68,
data.unity3d,3913,MonoScript,NPFSDK,,68,
data.unity3d,1,PreloadData,,,1081,
data.unity3d,2,Material,AddBlend2,,888,
data.unity3d,3,Material,AddBlendEtc1,,888,
data.unity3d,4,Material,MultiBlend2,,888,
data.unity3d,5,Material,MultiBlendEtc1,,892,
data.unity3d,6,Material,Font Material,,148,
data.unity3d,7,Material,Font Material,,148,
data.unity3d,8,Material,Font Material,,148,
data.unity3d,9,Material,Font Material,,148,
data.unity3d,10,Texture2D,sactx-0-32x32-ASTC 5x5-3f3bda6c0c124956bb17edbe44251010-6b25a0c8,,208,32x32 fmt=49
data.unity3d,11,Texture2D,TitleLogo00,,156,672x152 fmt=49
data.unity3d,12,Texture2D,Font Texture,,128,0x0 fmt=4
data.unity3d,13,Texture2D,empty,,152,1x1 fmt=49
data.unity3d,14,Texture2D,SplashScreen00,,160,1024x1024 fmt=49
data.unity3d,15,Texture2D,Font Texture,,128,0x0 fmt=4
data.unity3d,16,Texture2D,WhiteEtc1,,156,1x1 fmt=50
data.unity3d,17,Texture2D,Font Texture,,128,0x0 fmt=4
data.unity3d,18,Texture2D,TitleBG00,,156,56x56 fmt=50
data.unity3d,19,Texture2D,Font Texture,,128,0x0 fmt=4
data.unity3d,20,Shader,UI(Booster)/Blend(\u52a0\u7b97\u3001\u4e57\u7b97),,6348,
data.unity3d,21,AnimationClip,TitleFreeTrialLoop00,,2432,
data.unity3d,22,AnimationClip,TitleLoading00,,2628,
data.unity3d,23,AnimatorController,TitleFreeTrial00,,444,
data.unity3d,24,AnimatorController,TitleLoading00,,436,
data.unity3d,25,Font,nintendoP_NTLG-NR-UB_003,,2456370,
data.unity3d,26,Font,UB003FDFD,,1678,
data.unity3d,27,Font,DB003FDFD,,1674,
data.unity3d,28,Font,nintendoP_NTLG-NR-DB_003,,2097474,
data.unity3d,29,Sprite,TitleLogo00,,1592,
data.unity3d,30,Sprite,empty,,460,
data.unity3d,31,Sprite,SplashScreen00,,468,
data.unity3d,32,Sprite,WhiteEtc1,,428,
data.unity3d,33,LightProbes,LightingData,,44,
data.unity3d,34,GameObject,FreeTrial,,51,
data.unity3d,35,GameObject,TextID,,71,
data.unity3d,36,GameObject,TxtTrialMessage00,,95,
data.unity3d,37,GameObject,Emp,,43,
data.unity3d,38,GameObject,Title00,,107,
data.unity3d,39,GameObject,SupportCode,,51,
data.unity3d,40,GameObject,Loading,,35,
data.unity3d,41,GameObject,TextCode,,71,
data.unity3d,42,GameObject,TextNumber,,87,
data.unity3d,43,GameObject,Base,,55,
data.unity3d,44,GameObject,LogoEmp,,35,
data.unity3d,45,GameObject,DebugInfo1,,111,
data.unity3d,46,GameObject,TxtTap,,71,
data.unity3d,47,GameObject,Image,,59,
data.unity3d,48,GameObject,StencilInitializer,,83,
data.unity3d,49,GameObject,SupportCode01,,67,
data.unity3d,50,GameObject,Image00,,83,
data.unity3d,51,GameObject,TitleLoadingPos,,43,
data.unity3d,52,GameObject,Logo00,,59,
data.unity3d,53,GameObject,Base,,55,
data.unity3d,54,GameObject,DebugInfo2,,111,
data.unity3d,55,GameObject,TextVer,,71,
data.unity3d,56,GameObject,TxtProgressCode,,79,
data.unity3d,57,GameObject,TxtLoadingNumber,,91,
data.unity3d,58,GameObject,ProgressBackground,,47,
data.unity3d,59,GameObject,TitleLoading00,,79,
data.unity3d,60,GameObject,Dot00,,83,
data.unity3d,61,GameObject,Emp,,43,
data.unity3d,62,GameObject,TxtLoading01,,87,
data.unity3d,63,GameObject,ProgressValue,,67,
data.unity3d,64,GameObject,TxtLoading02,,87,
data.unity3d,65,GameObject,Dot,,43,
data.unity3d,66,GameObject,Dot01,,83,
data.unity3d,67,GameObject,Dot02,,83,
data.unity3d,68,GameObject,TxtLoading,,99,
data.unity3d,69,GameObject,ProgressFrame,,79,
data.unity3d,70,Animator,,,56,
data.unity3d,71,Animator,,,56,
data.unity3d,72,CanvasRenderer,,,13,
data.unity3d,73,CanvasRenderer,,,13,
data.unity3d,74,CanvasRenderer,,,13,
data.unity3d,75,CanvasRenderer,,,13,
data.unity3d,76,CanvasRenderer,,,13,
data.unity3d,77,CanvasRenderer,,,13,
data.unity3d,78,CanvasRenderer,,,13,
data.unity3d,79,CanvasRenderer,,,13,
data.unity3d,80,CanvasRenderer,,,13,
data.unity3d,81,CanvasRenderer,,,13,
data.unity3d,82,CanvasRenderer,,,13,
data.unity3d,83,CanvasRenderer,,,13,
data.unity3d,84,CanvasRenderer,,,13,
data.unity3d,85,CanvasRenderer,,,13,
data.unity3d,86,CanvasRenderer,,,13,
data.unity3d,87,CanvasRenderer,,,13,
data.unity3d,88,CanvasRenderer,,,13,
data.unity3d,89,CanvasRenderer,,,13,
data.unity3d,90,CanvasRenderer,,,13,
data.unity3d,91,CanvasRenderer,,,13,
data.unity3d,92,CanvasRenderer,,,13,
data.unity3d,93,CanvasRenderer,,,13,
data.unity3d,94,CanvasRenderer,,,13,
data.unity3d,95,CanvasRenderer,,,13,
data.unity3d,96,CanvasRenderer,,,13,
data.unity3d,97,Canvas,,,63,
data.unity3d,98,RectTransform,,,108,
data.unity3d,99,RectTransform,,,168,
data.unity3d,100,RectTransform,,,108,
data.unity3d,101,RectTransform,,,108,
data.unity3d,102,RectTransform,,,168,
data.unity3d,103,RectTransform,,,144,
data.unity3d,104,RectTransform,,,108,
data.unity3d,105,RectTransform,,,108,
data.unity3d,106,RectTransform,,,108,
data.unity3d,107,RectTransform,,,108,
data.unity3d,108,RectTransform,,,108,
data.unity3d,109,RectTransform,,,108,
data.unity3d,110,RectTransform,,,120,
data.unity3d,111,RectTransform,,,108,
data.unity3d,112,RectTransform,,,120,
data.unity3d,113,RectTransform,,,132,
data.unity3d,114,RectTransform,,,108,
data.unity3d,115,RectTransform,,,132,
data.unity3d,116,RectTransform,,,120,
data.unity3d,117,RectTransform,,,108,
data.unity3d,118,RectTransform,,,108,
data.unity3d,119,RectTransform,,,132,
data.unity3d,120,RectTransform,,,108,
data.unity3d,121,RectTransform,,,120,
data.unity3d,122,RectTransform,,,108,
data.unity3d,123,RectTransform,,,156,
data.unity3d,124,RectTransform,,,108,
data.unity3d,125,RectTransform,,,144,
data.unity3d,126,RectTransform,,,108,
data.unity3d,127,RectTransform,,,108,
data.unity3d,128,RectTransform,,,108,
data.unity3d,129,RectTransform,,,108,
data.unity3d,130,RectTransform,,,108,
data.unity3d,131,RectTransform,,,120,
data.unity3d,132,RectTransform,,,144,
data.unity3d,133,RectTransform,,,108,
data.unity3d,134,SpriteAtlas,3f3bda6c0c124956bb17edbe44251010,,220,
data.unity3d,135,MonoBehaviour,,,732,<read error: ValueError>
data.unity3d,136,MonoBehaviour,,,732,<read error: ValueError>
data.unity3d,137,MonoBehaviour,,,2704,<read error: ValueError>
data.unity3d,138,MonoBehaviour,,,296,<read error: ValueError>
data.unity3d,139,MonoBehaviour,,,392,<read error: ValueError>
data.unity3d,140,MonoBehaviour,,,2680,<read error: ValueError>
data.unity3d,141,MonoBehaviour,,,2868,<read error: ValueError>
data.unity3d,142,MonoBehaviour,,,2684,<read error: ValueError>
data.unity3d,143,MonoBehaviour,,,172,<read error: ValueError>
data.unity3d,144,MonoBehaviour,,,60,<read error: ValueError>
data.unity3d,145,MonoBehaviour,,,44,<read error: ValueError>
data.unity3d,146,MonoBehaviour,,,84,<read error: ValueError>
data.unity3d,147,MonoBehaviour,,,148,<read error: ValueError>
data.unity3d,148,MonoBehaviour,,,148,<read error: ValueError>
data.unity3d,149,MonoBehaviour,,,124,<read error: ValueError>
data.unity3d,150,MonoBehaviour,,,432,<read error: ValueError>
data.unity3d,151,MonoBehaviour,,,148,<read error: ValueError>
data.unity3d,152,MonoBehaviour,,,172,<read error: ValueError>
data.unity3d,153,MonoBehaviour,,,52,<read error: ValueError>
data.unity3d,154,MonoBehaviour,,,80,<read error: ValueError>
data.unity3d,155,MonoBehaviour,,,56,<read error: ValueError>
data.unity3d,156,MonoBehaviour,,,84,<read error: ValueError>
data.unity3d,157,MonoBehaviour,,,136,<read error: ValueError>
data.unity3d,158,MonoBehaviour,,,56,<read error: ValueError>
data.unity3d,159,MonoBehaviour,,,432,<read error: ValueError>
data.unity3d,160,MonoBehaviour,,,148,<read error: ValueError>
data.unity3d,161,MonoBehaviour,,,136,<read error: ValueError>
data.unity3d,162,MonoBehaviour,,,268,<read error: ValueError>
data.unity3d,163,MonoBehaviour,,,80,<read error: ValueError>
data.unity3d,164,MonoBehaviour,,,80,<read error: ValueError>
data.unity3d,165,MonoBehaviour,,,56,<read error: ValueError>
data.unity3d,166,MonoBehaviour,,,148,<read error: ValueError>
data.unity3d,167,MonoBehaviour,,,56,<read error: ValueError>
data.unity3d,168,MonoBehaviour,,,148,<read error: ValueError>
data.unity3d,169,MonoBehaviour,,,44,<read error: ValueError>
data.unity3d,170,MonoBehaviour,,,456,<read error: ValueError>
data.unity3d,171,MonoBehaviour,,,60,<read error: ValueError>
data.unity3d,172,MonoBehaviour,,,148,<read error: ValueError>
data.unity3d,173,MonoBehaviour,,,52,<read error: ValueError>
data.unity3d,174,MonoBehaviour,,,128,<read error: ValueError>
data.unity3d,175,MonoBehaviour,,,40,<read error: ValueError>
data.unity3d,176,MonoBehaviour,,,36,<read error: ValueError>
data.unity3d,177,MonoBehaviour,,,32,
data.unity3d,178,MonoBehaviour,,,60,<read error: ValueError>
data.unity3d,179,MonoBehaviour,,,36,<read error: ValueError>
data.unity3d,180,MonoBehaviour,,,52,<read error: ValueError>
data.unity3d,181,MonoBehaviour,,,52,<read error: ValueError>
data.unity3d,182,MonoBehaviour,,,148,<read error: ValueError>
data.unity3d,183,MonoBehaviour,,,84,<read error: ValueError>
data.unity3d,184,MonoBehaviour,,,148,<read error: ValueError>
data.unity3d,185,MonoBehaviour,,,56,<read error: ValueError>
data.unity3d,186,MonoBehaviour,,,84,<read error: ValueError>
data.unity3d,187,MonoBehaviour,,,64,<read error: ValueError>
data.unity3d,188,MonoBehaviour,,,124,<read error: ValueError>
data.unity3d,189,MonoBehaviour,,,148,<read error: ValueError>
data.unity3d,190,MonoBehaviour,,,80,<read error: ValueError>
data.unity3d,191,MonoBehaviour,,,148,<read error: ValueError>
data.unity3d,192,MonoBehaviour,,,60,<read error: ValueError>
data.unity3d,193,MonoBehaviour,,,148,<read error: ValueError>
data.unity3d,194,MonoBehaviour,,,124,<read error: ValueError>
data.unity3d,195,MonoBehaviour,,,60,<read error: ValueError>
data.unity3d,196,MonoBehaviour,,,64,<read error: ValueError>
data.unity3d,197,MonoBehaviour,,,48,<read error: ValueError>
data.unity3d,198,MonoBehaviour,,,84,<read error: ValueError>
data.unity3d,199,MonoBehaviour,,,124,<read error: ValueError>
data.unity3d,200,MonoBehaviour,,,60,<read error: ValueError>
data.unity3d,201,MonoBehaviour,,,76,<read error: ValueError>
data.unity3d,202,MonoBehaviour,,,56,<read error: ValueError>
data.unity3d,203,MonoBehaviour,,,84,<read error: ValueError>
data.unity3d,204,MonoBehaviour,,,60,<read error: ValueError>
data.unity3d,205,MonoBehaviour,,,60,<read error: ValueError>
data.unity3d,206,MonoBehaviour,,,56,<read error: ValueError>
data.unity3d,207,MonoBehaviour,,,60,<read error: ValueError>
data.unity3d,208,MonoBehaviour,,,64,<read error: ValueError>
data.unity3d,209,MonoBehaviour,,,84,<read error: ValueError>
data.unity3d,210,MonoBehaviour,,,124,<read error: ValueError>
data.unity3d,211,MonoBehaviour,,,60,<read error: ValueError>
data.unity3d,212,MonoBehaviour,,,124,<read error: ValueError>
data.unity3d,213,MonoBehaviour,,,68,<read error: ValueError>
data.unity3d,214,MonoBehaviour,,,148,<read error: ValueError>
data.unity3d,1,GameObject,CrashReportManager,,59,
data.unity3d,2,GameObject,ExceptionManger,,55,
data.unity3d,3,GameObject,MainCamera,,123,
data.unity3d,4,GameObject,AudioManager,,63,
data.unity3d,5,GameObject,UIManager,,351,
data.unity3d,6,GameObject,MainCanvas,,87,
data.unity3d,7,GameObject,SplashScreen,,63,
data.unity3d,8,GameObject,UICamera,,47,
data.unity3d,9,GameObject,CoroutineManager,,55,
data.unity3d,10,GameObject,Reverse Rect,,75,
data.unity3d,11,GameObject,ScriptInput,,51,
data.unity3d,12,GameObject,DebugCanvas,,183,
data.unity3d,13,GameObject,SplashScreenCanvas,,71,
data.unity3d,14,GameObject,ProfilingNumberDrawer,,75,
data.unity3d,15,GameObject,Container,,51,
data.unity3d,16,GameObject,EventSystem,,75,
data.unity3d,17,Transform,,,68,
data.unity3d,18,Transform,,,68,
data.unity3d,19,Transform,,,68,
data.unity3d,20,Transform,,,68,
data.unity3d,21,Transform,,,68,
data.unity3d,22,Transform,,,68,
data.unity3d,23,Transform,,,68,
data.unity3d,24,Transform,,,128,
data.unity3d,25,Transform,,,80,
data.unity3d,26,Camera,,,184,
data.unity3d,27,Camera,,,184,
data.unity3d,28,RenderSettings,,,333,
data.unity3d,29,FlareLayer,,,16,
data.unity3d,30,LightmapSettings,,,72,
data.unity3d,31,NavMeshSettings,,,12,
data.unity3d,32,CanvasRenderer,,,13,
data.unity3d,33,CanvasRenderer,,,13,
data.unity3d,34,CanvasRenderer,,,13,
data.unity3d,35,CanvasRenderer,,,13,
data.unity3d,36,Canvas,,,63,
data.unity3d,37,Canvas,,,63,
data.unity3d,38,Canvas,,,63,
data.unity3d,39,Canvas,,,63,
data.unity3d,40,RectTransform,,,108,
data.unity3d,41,RectTransform,,,108,
data.unity3d,42,RectTransform,,,120,
data.unity3d,43,RectTransform,,,108,
data.unity3d,44,RectTransform,,,108,
data.unity3d,45,RectTransform,,,120,
data.unity3d,46,RectTransform,,,132,
data.unity3d,47,CanvasGroup,,,24,
data.unity3d,48,LightingSettings,Settings.lighting,,48,
data.unity3d,49,MonoBehaviour,,,32,
data.unity3d,50,MonoBehaviour,,,32,
data.unity3d,51,MonoBehaviour,,,32,
data.unity3d,52,MonoBehaviour,,,52,<read error: ValueError>
data.unity3d,53,MonoBehaviour,,,44,<read error: ValueError>
data.unity3d,54,MonoBehaviour,,,48,<read error: ValueError>
data.unity3d,55,MonoBehaviour,,,84,<read error: ValueError>
data.unity3d,56,MonoBehaviour,,,68,<read error: ValueError>
data.unity3d,57,MonoBehaviour,,,32,
data.unity3d,58,MonoBehaviour,,,32,
data.unity3d,59,MonoBehaviour,,,80,<read error: ValueError>
data.unity3d,60,MonoBehaviour,,,76,<read error: ValueError>
data.unity3d,61,MonoBehaviour,,,128,<read error: ValueError>
data.unity3d,62,MonoBehaviour,,,32,
data.unity3d,63,MonoBehaviour,,,68,<read error: ValueError>
data.unity3d,64,MonoBehaviour,,,32,
data.unity3d,65,MonoBehaviour,,,32,
data.unity3d,66,MonoBehaviour,,,120,<read error: ValueError>
data.unity3d,67,MonoBehaviour,,,36,<read error: ValueError>
data.unity3d,68,MonoBehaviour,,,44,<read error: ValueError>
data.unity3d,69,MonoBehaviour,,,136,<read error: ValueError>
data.unity3d,70,MonoBehaviour,,,80,<read error: ValueError>
data.unity3d,71,MonoBehaviour,,,32,
data.unity3d,72,MonoBehaviour,,,36,<read error: ValueError>
data.unity3d,73,MonoBehaviour,,,32,
data.unity3d,74,MonoBehaviour,,,36,<read error: ValueError>
data.unity3d,75,MonoBehaviour,,,108,<read error: ValueError>
data.unity3d,76,MonoBehaviour,,,52,<read error: ValueError>
data.unity3d,77,MonoBehaviour,,,44,<read error: ValueError>
data.unity3d,78,MonoBehaviour,,,32,
data.unity3d,79,MonoBehaviour,,,32,
data.unity3d,80,MonoBehaviour,,,124,<read error: ValueError>
data.unity3d,81,MonoBehaviour,,,52,<read error: ValueError>
data.unity3d,82,MonoBehaviour,,,116,<read error: ValueError>
data.unity3d,83,MonoBehaviour,,,84,<read error: ValueError>
data.unity3d,84,MonoBehaviour,,,32,
data.unity3d,85,MonoBehaviour,,,284,<read error: ValueError>
data.unity3d,86,MonoBehaviour,,,76,<read error: ValueError>
data.unity3d,87,MonoBehaviour,,,32,
data.unity3d,88,MonoBehaviour,,,44,<read error: ValueError>
data.unity3d,89,MonoBehaviour,,,64,<read error: ValueError>
data.unity3d,90,MonoBehaviour,,,80,<read error: ValueError>
data.unity3d,91,MonoBehaviour,,,44,<read error: ValueError>
data.unity3d,92,MonoBehaviour,,,56,<read error: ValueError>
data.unity3d,93,MonoBehaviour,,,48,<read error: ValueError>
data.unity3d,94,MonoBehaviour,,,32,
data.unity3d,95,MonoBehaviour,,,80,<read error: ValueError>
data.unity3d,96,MonoBehaviour,,,140,<read error: ValueError>
data.unity3d,97,MonoBehaviour,,,88,<read error: ValueError>
data.unity3d,98,MonoBehaviour,,,32,
data.unity3d,99,MonoBehaviour,,,116,<read error: ValueError>
data.unity3d,100,MonoBehaviour,,,32,
data.unity3d,101,MonoBehaviour,,,32,
data.unity3d,102,MonoBehaviour,,,120,<read error: ValueError>
data.unity3d,103,MonoBehaviour,,,44,<read error: ValueError>
data.unity3d,104,MonoBehaviour,,,32,
data.unity3d,105,MonoBehaviour,,,32,
data.unity3d,1,PreloadData,,,217,
data.unity3d,1,GameObject,MainCamera,,75,
data.unity3d,2,GameObject,TestButton2,,75,
data.unity3d,3,GameObject,Text,,55,
data.unity3d,4,GameObject,BootCanvas,,87,
data.unity3d,5,GameObject,EventSystem,,63,
data.unity3d,6,GameObject,Text,,55,
data.unity3d,7,GameObject,BootButton,,75,
data.unity3d,8,GameObject,Text,,55,
data.unity3d,9,GameObject,TestButton1,,75,
data.unity3d,10,GameObject,SplashScreen,,63,
data.unity3d,11,GameObject,SplashScreenCanvas,,71,
data.unity3d,12,Transform,,,68,
data.unity3d,13,Transform,,,68,
data.unity3d,14,Camera,,,184,
data.unity3d,15,RenderSettings,,,333,
data.unity3d,16,LightmapSettings,,,72,
data.unity3d,17,NavMeshSettings,,,12,
data.unity3d,18,CanvasRenderer,,,13,
data.unity3d,19,CanvasRenderer,,,13,
data.unity3d,20,CanvasRenderer,,,13,
data.unity3d,21,CanvasRenderer,,,13,
data.unity3d,22,CanvasRenderer,,,13,
data.unity3d,23,CanvasRenderer,,,13,
data.unity3d,24,CanvasRenderer,,,13,
data.unity3d,25,Canvas,,,63,
data.unity3d,26,Canvas,,,63,
data.unity3d,27,RectTransform,,,120,
data.unity3d,28,RectTransform,,,108,
data.unity3d,29,RectTransform,,,156,
data.unity3d,30,RectTransform,,,108,
data.unity3d,31,RectTransform,,,120,
data.unity3d,32,RectTransform,,,108,
data.unity3d,33,RectTransform,,,120,
data.unity3d,34,RectTransform,,,108,
data.unity3d,35,RectTransform,,,120,
data.unity3d,36,LightingSettings,Settings.lighting,,48,
data.unity3d,37,MonoBehaviour,,,52,<read error: ValueError>
data.unity3d,38,MonoBehaviour,,,48,<read error: ValueError>
data.unity3d,39,MonoBehaviour,,,84,<read error: ValueError>
data.unity3d,40,MonoBehaviour,,,440,<read error: ValueError>
data.unity3d,41,MonoBehaviour,,,136,<read error: ValueError>
data.unity3d,42,MonoBehaviour,,,156,<read error: ValueError>
data.unity3d,43,MonoBehaviour,,,44,<read error: ValueError>
data.unity3d,44,MonoBehaviour,,,80,<read error: ValueError>
data.unity3d,45,MonoBehaviour,,,32,
data.unity3d,46,MonoBehaviour,,,100,<read error: ValueError>
data.unity3d,47,MonoBehaviour,,,156,<read error: ValueError>
data.unity3d,48,MonoBehaviour,,,424,<read error: ValueError>
data.unity3d,49,MonoBehaviour,,,136,<read error: ValueError>
data.unity3d,50,MonoBehaviour,,,496,<read error: ValueError>
data.unity3d,51,MonoBehaviour,,,444,<read error: ValueError>
data.unity3d,52,MonoBehaviour,,,136,<read error: ValueError>
data.unity3d,53,MonoBehaviour,,,80,<read error: ValueError>
data.unity3d,54,MonoBehaviour,,,136,<read error: ValueError>
data.unity3d,1,Material,FacelineMeshShader,,1100,
data.unity3d,2,Material,SampleShader,,1092,
data.unity3d,3,Material,TextureShader,,868,
data.unity3d,4,Texture2D,Eyebrow17,,152,128x128 fmt=64
data.unity3d,5,Texture2D,Eye44,,148,128x128 fmt=65
data.unity3d,6,Texture2D,Eyebrow02,,152,128x128 fmt=64
data.unity3d,7,Texture2D,Eyebrow18,,152,128x128 fmt=64
data.unity3d,8,Texture2D,Nline12,,148,128x128 fmt=64
data.unity3d,9,Texture2D,Cap114,,148,8x8 fmt=64
data.unity3d,10,Texture2D,Mouth00,,148,128x128 fmt=65
data.unity3d,11,Texture2D,Mouth11,,148,128x128 fmt=65
data.unity3d,12,Texture2D,FaceT_make09,,152,256x512 fmt=65
data.unity3d,13,Texture2D,Eyebrow19,,152,128x128 fmt=64
data.unity3d,14,Texture2D,Mouth20,,148,128x128 fmt=65
data.unity3d,15,Texture2D,Mouth14,,148,128x128 fmt=65
data.unity3d,16,Texture2D,Nline17,,148,128x128 fmt=64
data.unity3d,17,Texture2D,Eye52,,148,128x128 fmt=65
data.unity3d,18,Texture2D,Eye25,,148,128x128 fmt=65
data.unity3d,19,Texture2D,Mouth06,,148,128x128 fmt=65
data.unity3d,20,Texture2D,Glass05,,148,256x256 fmt=65
data.unity3d,21,Texture2D,Mouth09,,148,128x128 fmt=65
data.unity3d,22,Texture2D,Glass07,,148,256x256 fmt=65
data.unity3d,23,Texture2D,Eye24,,148,128x128 fmt=65
data.unity3d,24,Texture2D,Glass14,,148,256x256 fmt=65
data.unity3d,25,Texture2D,Eye08,,148,128x128 fmt=65
data.unity3d,26,Texture2D,Mouth10,,148,128x128 fmt=65
data.unity3d,27,Texture2D,Nline09,,148,128x128 fmt=64
data.unity3d,28,Texture2D,Cap026,,148,8x8 fmt=64
data.unity3d,29,Texture2D,Eye60,,148,128x128 fmt=65
data.unity3d,30,Texture2D,Mouth23,,148,128x128 fmt=65
data.unity3d,31,Texture2D,Eye16,,148,128x128 fmt=65
data.unity3d,32,Texture2D,FaceT_line04,,152,256x512 fmt=64
data.unity3d,33,Texture2D,Mouth17,,148,128x128 fmt=65
data.unity3d,34,Texture2D,Mustache05,,152,128x256 fmt=64
data.unity3d,35,Texture2D,Glass15,,148,256x256 fmt=65
data.unity3d,36,Texture2D,Eye61,,148,128x128 fmt=65
data.unity3d,37,Texture2D,Eyebrow10,,152,128x128 fmt=64
data.unity3d,38,Texture2D,Eye09,,148,128x128 fmt=65
data.unity3d,39,Texture2D,Eye36,,148,128x128 fmt=65
data.unity3d,40,Texture2D,Eyebrow09,,152,128x128 fmt=64
data.unity3d,41,Texture2D,Eye06,,148,128x128 fmt=65
data.unity3d,42,Texture2D,FaceT_make05,,152,256x512 fmt=65
data.unity3d,43,Texture2D,Eye50,,148,128x128 fmt=65
data.unity3d,44,Texture2D,Cap130,,148,8x8 fmt=64
data.unity3d,45,Texture2D,Eye27,,148,128x128 fmt=65
data.unity3d,46,Texture2D,Eye54,,148,128x128 fmt=65
data.unity3d,47,Texture2D,Eye20,,148,128x128 fmt=65
data.unity3d,48,Texture2D,FaceT_make04,,152,256x512 fmt=65
data.unity3d,49,Texture2D,Glass08,,148,256x256 fmt=65
data.unity3d,50,Texture2D,Eyebrow07,,152,128x128 fmt=64
data.unity3d,51,Texture2D,Eyebrow21,,152,128x128 fmt=64
data.unity3d,52,Texture2D,Nline15,,148,128x128 fmt=64
data.unity3d,53,Texture2D,Mole01,,148,128x128 fmt=64
data.unity3d,54,Texture2D,Eye01,,148,128x128 fmt=65
data.unity3d,55,Texture2D,Mouth02,,148,128x128 fmt=65
data.unity3d,56,Texture2D,Cap046,,148,8x8 fmt=64
data.unity3d,57,Texture2D,Mouth01,,148,128x128 fmt=65
data.unity3d,58,Texture2D,Glass10,,148,256x256 fmt=65
data.unity3d,59,Texture2D,Eye17,,148,128x128 fmt=65
data.unity3d,60,Texture2D,FaceT_make03,,152,256x512 fmt=65
data.unity3d,61,Texture2D,FaceT_line09,,152,256x512 fmt=64
data.unity3d,62,Texture2D,Mouth36,,148,128x128 fmt=65
data.unity3d,63,Texture2D,Glass11,,148,256x256 fmt=65
data.unity3d,64,Texture2D,Eye49,,148,128x128 fmt=65
data.unity3d,65,Texture2D,Eye46,,148,128x128 fmt=65
data.unity3d,66,Texture2D,Nline14,,148,128x128 fmt=64
data.unity3d,67,Texture2D,Eyebrow13,,152,128x128 fmt=64
data.unity3d,68,Texture2D,Glass03,,148,256x256 fmt=65
data.unity3d,69,Texture2D,FaceT_make11,,152,256x512 fmt=65
data.unity3d,70,Texture2D,Eye47,,148,128x128 fmt=65
data.unity3d,71,Texture2D,Mouth28,,148,128x128 fmt=65
data.unity3d,72,Texture2D,Mustache02,,152,128x256 fmt=64
data.unity3d,73,Texture2D,FaceT_make06,,152,256x512 fmt=65
data.unity3d,74,Texture2D,Eye58,,148,128x128 fmt=65
data.unity3d,75,Texture2D,Eye48,,148,128x128 fmt=65
data.unity3d,76,Texture2D,Mouth30,,148,128x128 fmt=65
data.unity3d,77,Texture2D,Eye34,,148,128x128 fmt=65
data.unity3d,78,Texture2D,FaceT_make02,,152,256x512 fmt=65
data.unity3d,79,Texture2D,Eye53,,148,128x128 fmt=65
data.unity3d,80,Texture2D,Nline01,,148,128x128 fmt=64
data.unity3d,81,Texture2D,Eye40,,148,128x128 fmt=65
data.unity3d,82,Texture2D,Mouth16,,148,128x128 fmt=65
data.unity3d,83,Texture2D,Nline10,,148,128x128 fmt=64
data.unity3d,84,Texture2D,Mouth22,,148,128x128 fmt=65
data.unity3d,85,Texture2D,FaceT_make08,,152,256x512 fmt=65
data.unity3d,86,Texture2D,FaceT_line06,,152,256x512 fmt=64
data.unity3d,87,Texture2D,Glass02,,148,256x256 fmt=65
data.unity3d,88,Texture2D,FaceT_line05,,152,256x512 fmt=64
data.unity3d,89,Texture2D,Cap077,,148,8x8 fmt=64
data.unity3d,90,Texture2D,FaceT_beard02,,156,256x512 fmt=64
data.unity3d,91,Texture2D,Cap061,,148,8x8 fmt=64
data.unity3d,92,Texture2D,Glass13,,148,256x256 fmt=65
data.unity3d,93,Texture2D,Nline08,,148,128x128 fmt=64
data.unity3d,94,Texture2D,Mouth19,,148,128x128 fmt=65
data.unity3d,95,Texture2D,Nline13,,148,128x128 fmt=64
data.unity3d,96,Texture2D,Eye14,,148,128x128 fmt=65
data.unity3d,97,Texture2D,Nline11,,148,128x128 fmt=64
data.unity3d,98,Texture2D,Eye57,,148,128x128 fmt=65
data.unity3d,99,Texture2D,Eye31,,148,128x128 fmt=65
data.unity3d,100,Texture2D,Mouth18,,148,128x128 fmt=65
data.unity3d,101,Texture2D,Mouth03,,148,128x128 fmt=65
data.unity3d,102,Texture2D,Eyebrow16,,152,128x128 fmt=64
data.unity3d,103,Texture2D,Eye59,,148,128x128 fmt=65
data.unity3d,104,Texture2D,FaceT_line01,,152,256x512 fmt=64
data.unity3d,105,Texture2D,Eyebrow05,,152,128x128 fmt=64
data.unity3d,106,Texture2D,FaceT_make07,,152,256x512 fmt=65
data.unity3d,107,Texture2D,Eye15,,148,128x128 fmt=65
data.unity3d,108,Texture2D,Eye05,,148,128x128 fmt=65
data.unity3d,109,Texture2D,Mustache01,,152,128x256 fmt=64
data.unity3d,110,Texture2D,Nline00,,148,128x128 fmt=64
data.unity3d,111,Texture2D,Mouth07,,148,128x128 fmt=65
data.unity3d,112,Texture2D,Nline03,,148,128x128 fmt=64
data.unity3d,113,Texture2D,Mouth27,,148,128x128 fmt=65
data.unity3d,114,Texture2D,Nline06,,148,128x128 fmt=64
data.unity3d,115,Texture2D,Glass19,,148,256x256 fmt=65
data.unity3d,116,Texture2D,Eye28,,148,128x128 fmt=65
data.unity3d,117,Texture2D,Mouth31,,148,128x128 fmt=65
data.unity3d,118,Texture2D,Mustache03,,152,128x256 fmt=64
data.unity3d,119,Texture2D,Glass04,,148,256x256 fmt=65
data.unity3d,120,Texture2D,Mouth05,,148,128x128 fmt=65
data.unity3d,121,Texture2D,Glass12,,148,256x256 fmt=65
data.unity3d,122,Texture2D,Cap078,,148,8x8 fmt=64
data.unity3d,123,Texture2D,Eye55,,148,128x128 fmt=65
data.unity3d,124,Texture2D,Mouth33,,148,128x128 fmt=65
data.unity3d,125,Texture2D,Nline05,,148,128x128 fmt=64
data.unity3d,126,Texture2D,Cap126,,148,8x8 fmt=64
data.unity3d,127,Texture2D,Mouth24,,148,128x128 fmt=65
data.unity3d,128,Texture2D,Cap084,,148,8x8 fmt=64
data.unity3d,129,Texture2D,Eye22,,148,128x128 fmt=65
data.unity3d,130,Texture2D,Eye26,,148,128x128 fmt=65
data.unity3d,131,Texture2D,Mouth08,,148,128x128 fmt=65
data.unity3d,132,Texture2D,FaceT_line10,,152,256x512 fmt=64
data.unity3d,133,Texture2D,Cap109,,148,8x8 fmt=64
data.unity3d,134,Texture2D,Glass09,,148,256x256 fmt=65
data.unity3d,135,Texture2D,Eyebrow12,,152,128x128 fmt=64
data.unity3d,136,Texture2D,Eyebrow03,,152,128x128 fmt=64
data.unity3d,137,Texture2D,Eye37,,148,128x128 fmt=65
data.unity3d,138,Texture2D,Eyebrow22,,152,128x128 fmt=64
data.unity3d,139,Texture2D,Mouth12,,148,128x128 fmt=65
data.unity3d,140,Texture2D,Eye39,,148,128x128 fmt=65
data.unity3d,141,Texture2D,Eyebrow06,,152,128x128 fmt=64
data.unity3d,142,Texture2D,Eye12,,148,128x128 fmt=65
data.unity3d,143,Texture2D,Mouth32,,148,128x128 fmt=65
data.unity3d,144,Texture2D,Mouth04,,148,128x128 fmt=65
data.unity3d,145,Texture2D,Eye04,,148,128x128 fmt=65
data.unity3d,146,Texture2D,Eye32,,148,128x128 fmt=65
data.unity3d,147,Texture2D,Eye56,,148,128x128 fmt=65
data.unity3d,148,Texture2D,Eye35,,148,128x128 fmt=65
data.unity3d,149,Texture2D,Eye23,,148,128x128 fmt=65
data.unity3d,150,Texture2D,Cap034,,148,128x256 fmt=64
data.unity3d,151,Texture2D,Nline02,,148,128x128 fmt=64
data.unity3d,152,Texture2D,Glass18,,148,256x256 fmt=65
data.unity3d,153,Texture2D,Glass17,,148,256x256 fmt=65
data.unity3d,154,Texture2D,Mustache04,,152,128x256 fmt=64
data.unity3d,155,Texture2D,Eye43,,148,128x128 fmt=65
data.unity3d,156,Texture2D,Eye00,,148,128x128 fmt=65
data.unity3d,157,Texture2D,Mouth21,,148,128x128 fmt=65
data.unity3d,158,Texture2D,FaceT_line03,,152,256x512 fmt=64
data.unity3d,159,Texture2D,FaceT_line07,,152,256x512 fmt=64
data.unity3d,160,Texture2D,Cap097,,148,8x8 fmt=64
data.unity3d,161,Texture2D,Eyebrow00,,152,128x128 fmt=64
data.unity3d,162,Texture2D,Eye11,,148,128x128 fmt=65
data.unity3d,163,Texture2D,Mouth26,,148,128x128 fmt=65
data.unity3d,164,Texture2D,Eye41,,148,128x128 fmt=65
data.unity3d,165,Texture2D,Eye45,,148,128x128 fmt=65
data.unity3d,166,Texture2D,Mouth25,,148,128x128 fmt=65
data.unity3d,167,Texture2D,Cap009,,148,8x8 fmt=64
data.unity3d,168,Texture2D,Eye30,,148,128x128 fmt=65
data.unity3d,169,Texture2D,Eye18,,148,128x128 fmt=65
data.unity3d,170,Texture2D,Mouth34,,148,128x128 fmt=65
data.unity3d,171,Texture2D,Nline07,,148,128x128 fmt=64
data.unity3d,172,Texture2D,Eyebrow01,,152,128x128 fmt=64
data.unity3d,173,Texture2D,Eye07,,148,128x128 fmt=65
data.unity3d,174,Texture2D,Eye03,,148,128x128 fmt=65
data.unity3d,175,Texture2D,Eye21,,148,128x128 fmt=65
data.unity3d,176,Texture2D,Eye02,,148,128x128 fmt=65
data.unity3d,177,Texture2D,Glass06,,148,256x256 fmt=65
data.unity3d,178,Texture2D,Eyebrow20,,152,128x128 fmt=64
data.unity3d,179,Texture2D,Eye38,,148,128x128 fmt=65
data.unity3d,180,Texture2D,Eye13,,148,128x128 fmt=65
data.unity3d,181,Texture2D,FaceT_make01,,152,256x512 fmt=65
data.unity3d,182,Texture2D,Eye29,,148,128x128 fmt=65
data.unity3d,183,Texture2D,FaceT_beard01,,156,256x512 fmt=64
data.unity3d,184,Texture2D,FaceT_line11,,152,256x512 fmt=64
data.unity3d,185,Texture2D,Eye42,,148,128x128 fmt=65
data.unity3d,186,Texture2D,Eye19,,148,128x128 fmt=65
data.unity3d,187,Texture2D,FaceT_line08,,152,256x512 fmt=64
data.unity3d,188,Texture2D,Eyebrow11,,152,128x128 fmt=64
data.unity3d,189,Texture2D,Nline16,,148,128x128 fmt=64
data.unity3d,190,Texture2D,Mouth29,,148,128x128 fmt=65
data.unity3d,191,Texture2D,Eyebrow04,,152,128x128 fmt=64
data.unity3d,192,Texture2D,Eyebrow14,,152,128x128 fmt=64
data.unity3d,193,Texture2D,Glass16,,148,256x256 fmt=65
data.unity3d,194,Texture2D,Cap057,,148,64x16 fmt=64
data.unity3d,195,Texture2D,FaceT_line02,,152,256x512 fmt=64
data.unity3d,196,Texture2D,Mouth13,,148,128x128 fmt=65
data.unity3d,197,Texture2D,Eye33,,148,128x128 fmt=65
data.unity3d,198,Texture2D,Eye51,,148,128x128 fmt=65
data.unity3d,199,Texture2D,FaceT_make10,,152,256x512 fmt=65
data.unity3d,200,Texture2D,Mouth15,,148,128x128 fmt=65
data.unity3d,201,Texture2D,Eyebrow15,,152,128x128 fmt=64
data.unity3d,202,Texture2D,Glass01,,148,256x256 fmt=65
data.unity3d,203,Texture2D,Nline04,,148,128x128 fmt=64
data.unity3d,204,Texture2D,Eye10,,148,128x128 fmt=65
data.unity3d,205,Texture2D,Eyebrow08,,152,128x128 fmt=64
data.unity3d,206,Texture2D,Mouth35,,148,128x128 fmt=65
data.unity3d,207,Shader,Booster/WillOpaque,,37668,
data.unity3d,208,Shader,Booster/Will,,37648,
data.unity3d,209,Shader,Mii/TextureShader,,6484,
data.unity3d,210,Shader,Mii/SampleShader,,5612,
data.unity3d,211,TextAsset,Hair010_c,,3772,3752 bytes
data.unity3d,212,TextAsset,Hair040_n,,7204,7184 bytes
data.unity3d,213,TextAsset,npf,,548,533 bytes
data.unity3d,214,TextAsset,Hair034_c,,1732,1712 bytes
data.unity3d,215,TextAsset,Hair073_n,,8836,8816 bytes
data.unity3d,216,TextAsset,Forehead126_n,,272,248 bytes
data.unity3d,217,TextAsset,Forehead111_n,,272,248 bytes
data.unity3d,218,TextAsset,Forehead079_n,,448,424 bytes
data.unity3d,219,TextAsset,Hair126_n,,12172,12152 bytes
data.unity3d,220,TextAsset,Forehead054_c,,560,536 bytes
data.unity3d,221,TextAsset,Hair000_c,,5200,5180 bytes
data.unity3d,222,TextAsset,Hair059_c,,1996,1976 bytes
data.unity3d,223,TextAsset,Hair126_c,,3052,3032 bytes
data.unity3d,224,TextAsset,Nline00,,200,184 bytes
data.unity3d,225,TextAsset,Forehead015_n,,384,360 bytes
data.unity3d,226,TextAsset,Hair037_n,,7156,7136 bytes
data.unity3d,227,TextAsset,Forehead018_n,,560,536 bytes
data.unity3d,228,TextAsset,Cap109_n,,1572,1556 bytes
data.unity3d,229,TextAsset,Hair129_c,,7492,7472 bytes
data.unity3d,230,TextAsset,Nose09,,1228,1212 bytes
data.unity3d,231,TextAsset,Hair098_c,,5092,5072 bytes
data.unity3d,232,TextAsset,Hair089_n,,9772,9752 bytes
data.unity3d,233,TextAsset,Hair110_c,,8392,8372 bytes
data.unity3d,234,TextAsset,Forehead014_c,,164,140 bytes
data.unity3d,235,TextAsset,Hair003_c,,5752,5732 bytes
data.unity3d,236,TextAsset,Hair100_c,,5932,5912 bytes
data.unity3d,237,TextAsset,Hair003_n,,8776,8756 bytes
data.unity3d,238,TextAsset,dummyProduct,,20,0 bytes
data.unity3d,239,TextAsset,Hair064_n,,7060,7040 bytes
data.unity3d,240,TextAsset,Hair042_c,,11404,11384 bytes
data.unity3d,241,TextAsset,Forehead038_c,,560,536 bytes
data.unity3d,242,TextAsset,Hair001_n,,12796,12776 bytes
data.unity3d,243,TextAsset,Forehead073_n,,240,216 bytes
data.unity3d,244,TextAsset,Hair078_n,,11428,11408 bytes
data.unity3d,245,TextAsset,Hair045_n,,5980,5960 bytes
data.unity3d,246,TextAsset,Forehead059_n,,848,824 bytes
data.unity3d,247,TextAsset,Forehead131_c,,384,360 bytes
data.unity3d,248,TextAsset,Hair054_c,,6124,6104 bytes
data.unity3d,249,TextAsset,Hair063_n,,9208,9188 bytes
data.unity3d,250,TextAsset,Forehead130_n,,776,752 bytes
data.unity3d,251,TextAsset,Hair121_n,,6364,6344 bytes
data.unity3d,252,TextAsset,Forehead072_n,,360,336 bytes
data.unity3d,253,TextAsset,Forehead090_c,,272,248 bytes
data.unity3d,254,TextAsset,Hair062_c,,4084,4064 bytes
data.unity3d,255,TextAsset,Forehead096_n,,296,272 bytes
data.unity3d,256,TextAsset,Forehead125_n,,384,360 bytes
data.unity3d,257,TextAsset,Hair084_c,,6832,6812 bytes
data.unity3d,258,TextAsset,Forehead038_n,,560,536 bytes
data.unity3d,259,TextAsset,Hair125_n,,8644,8624 bytes
data.unity3d,260,TextAsset,Hair124_c,,6580,6560 bytes
data.unity3d,261,TextAsset,Hair080_n,,10012,9992 bytes
data.unity3d,262,TextAsset,Cap130_c,,1856,1840 bytes
data.unity3d,263,TextAsset,Mask00,,4544,4528 bytes
data.unity3d,264,TextAsset,Hair111_c,,8668,8648 bytes
data.unity3d,265,TextAsset,Hair043_n,,6628,6608 bytes
data.unity3d,266,TextAsset,Hair112_c,,5116,5096 bytes
data.unity3d,267,TextAsset,Hair039_c,,2068,2048 bytes
data.unity3d,268,TextAsset,Forehead045_n,,560,536 bytes
data.unity3d,269,TextAsset,Hair075_c,,5524,5504 bytes
data.unity3d,270,TextAsset,Forehead017_c,,208,184 bytes
data.unity3d,271,TextAsset,Hair105_c,,4972,4952 bytes
data.unity3d,272,TextAsset,Forehead130_c,,776,752 bytes
data.unity3d,273,TextAsset,Forehead016_n,,372,348 bytes
data.unity3d,274,TextAsset,Hair087_n,,7756,7736 bytes
data.unity3d,275,TextAsset,Forehead047_n,,560,536 bytes
data.unity3d,276,TextAsset,Forehead024_n,,712,688 bytes
data.unity3d,277,TextAsset,Mask09,,4544,4528 bytes
data.unity3d,278,TextAsset,Hair044_n,,7444,7424 bytes
data.unity3d,279,TextAsset,Hair131_c,,5272,5252 bytes
data.unity3d,280,TextAsset,Forehead058_c,,384,360 bytes
data.unity3d,281,TextAsset,Hair082_c,,6196,6176 bytes
data.unity3d,282,TextAsset,Forehead007_n,,384,360 bytes
data.unity3d,283,TextAsset,Cap078_n,,2240,2224 bytes
data.unity3d,284,TextAsset,Hair021_c,,4876,4856 bytes
data.unity3d,285,TextAsset,Forehead021_n,,384,360 bytes
data.unity3d,286,TextAsset,Nose10,,1184,1168 bytes
data.unity3d,287,TextAsset,Forehead128_n,,252,228 bytes
data.unity3d,288,TextAsset,Forehead074_c,,296,272 bytes
data.unity3d,289,TextAsset,Hair001_c,,2872,2852 bytes
data.unity3d,290,TextAsset,Nose05,,1644,1628 bytes
data.unity3d,291,TextAsset,Hair034_n,,1396,1376 bytes
data.unity3d,292,TextAsset,Forehead124_c,,488,464 bytes
data.unity3d,293,TextAsset,Forehead019_c,,296,272 bytes
data.unity3d,294,TextAsset,Hair122_c,,5404,5384 bytes
data.unity3d,295,TextAsset,Hair071_n,,10768,10748 bytes
data.unity3d,296,TextAsset,Hair006_c,,5164,5144 bytes
data.unity3d,297,TextAsset,Hair078_c,,2932,2912 bytes
data.unity3d,298,TextAsset,Forehead068_n,,780,756 bytes
data.unity3d,299,TextAsset,Hair085_c,,5872,5852 bytes
data.unity3d,300,TextAsset,Hair116_c,,4972,4952 bytes
data.unity3d,301,TextAsset,Hair113_c,,3796,3776 bytes
data.unity3d,302,TextAsset,Forehead049_c,,736,712 bytes
data.unity3d,303,TextAsset,Hair048_c,,2812,2792 bytes
data.unity3d,304,TextAsset,Forehead048_c,,252,228 bytes
data.unity3d,305,TextAsset,Hair079_n,,8836,8816 bytes
data.unity3d,306,TextAsset,Forehead113_n,,560,536 bytes
data.unity3d,307,TextAsset,Hair038_c,,2932,2912 bytes
data.unity3d,308,TextAsset,Hair036_c,,2596,2576 bytes
data.unity3d,309,TextAsset,Hair018_c,,1828,1808 bytes
data.unity3d,310,TextAsset,Hair104_c,,6748,6728 bytes
data.unity3d,311,TextAsset,Forehead010_n,,384,360 bytes
data.unity3d,312,TextAsset,Forehead022_c,,296,272 bytes
data.unity3d,313,TextAsset,Forehead062_c,,284,260 bytes
data.unity3d,314,TextAsset,Hair056_c,,2572,2552 bytes
data.unity3d,315,TextAsset,Forehead006_n,,560,536 bytes
data.unity3d,316,TextAsset,Forehead053_c,,1016,992 bytes
data.unity3d,317,TextAsset,Hair007_n,,9472,9452 bytes
data.unity3d,318,TextAsset,Hair095_c,,5848,5828 bytes
data.unity3d,319,TextAsset,Cap046_n,,3296,3280 bytes
data.unity3d,320,TextAsset,Forehead025_c,,776,752 bytes
data.unity3d,321,TextAsset,Forehead039_n,,636,612 bytes
data.unity3d,322,TextAsset,Hair026_c,,2740,2720 bytes
data.unity3d,323,TextAsset,Faceline01,,5536,5516 bytes
data.unity3d,324,TextAsset,Forehead125_c,,384,360 bytes
data.unity3d,325,TextAsset,Forehead051_c,,560,536 bytes
data.unity3d,326,TextAsset,Hair108_n,,9424,9404 bytes
data.unity3d,327,TextAsset,Nose17,,1296,1280 bytes
data.unity3d,328,TextAsset,Cap009_c,,1856,1840 bytes
data.unity3d,329,TextAsset,Hair032_n,,8548,8528 bytes
data.unity3d,330,TextAsset,Forehead059_c,,648,624 bytes
data.unity3d,331,TextAsset,Hair106_c,,5428,5408 bytes
data.unity3d,332,TextAsset,Cap130_n,,1856,1840 bytes
data.unity3d,333,TextAsset,Hair029_n,,10372,10352 bytes
data.unity3d,334,TextAsset,Hair118_n,,7228,7208 bytes
data.unity3d,335,TextAsset,Hair041_c,,2404,2384 bytes
data.unity3d,336,TextAsset,Hair117_n,,9820,9800 bytes
data.unity3d,337,TextAsset,Hair037_c,,3796,3776 bytes
data.unity3d,338,TextAsset,Nose06,,1184,1168 bytes
data.unity3d,339,TextAsset,Forehead006_c,,560,536 bytes
data.unity3d,340,TextAsset,Hair028_c,,8656,8636 bytes
data.unity3d,341,TextAsset,Forehead032_n,,800,776 bytes
data.unity3d,342,TextAsset,Hair092_c,,5644,5624 bytes
data.unity3d,343,TextAsset,Forehead045_c,,560,536 bytes
data.unity3d,344,TextAsset,Cap026_n,,1572,1556 bytes
data.unity3d,345,TextAsset,Cap061_n,,1560,1544 bytes
data.unity3d,346,TextAsset,Hair130_n,,11164,11144 bytes
data.unity3d,347,TextAsset,Hair112_n,,10036,10016 bytes
data.unity3d,348,TextAsset,Hair041_n,,4420,4400 bytes
data.unity3d,349,TextAsset,Hair002_c,,5128,5108 bytes
data.unity3d,350,TextAsset,Hair047_c,,2068,2048 bytes
data.unity3d,351,TextAsset,Forehead085_c,,252,228 bytes
data.unity3d,352,TextAsset,Hair030_n,,244,224 bytes
data.unity3d,353,TextAsset,Hair040_c,,3316,3296 bytes
data.unity3d,354,TextAsset,Forehead008_n,,512,488 bytes
data.unity3d,355,TextAsset,Forehead074_n,,600,576 bytes
data.unity3d,356,TextAsset,Forehead040_n,,328,304 bytes
data.unity3d,357,TextAsset,Forehead023_c,,1328,1304 bytes
data.unity3d,358,TextAsset,Forehead093_n,,424,400 bytes
data.unity3d,359,TextAsset,Forehead080_n,,2168,2144 bytes
data.unity3d,360,TextAsset,Faceline02,,4664,4644 bytes
data.unity3d,361,TextAsset,Forehead034_c,,560,536 bytes
data.unity3d,362,TextAsset,Forehead101_n,,208,184 bytes
data.unity3d,363,TextAsset,Hair023_n,,6436,6416 bytes
data.unity3d,364,TextAsset,Forehead035_n,,776,752 bytes
data.unity3d,365,TextAsset,Hair019_c,,6592,6572 bytes
data.unity3d,366,TextAsset,Hair002_n,,10912,10892 bytes
data.unity3d,367,TextAsset,Forehead086_c,,868,844 bytes
data.unity3d,368,TextAsset,Forehead065_n,,1192,1168 bytes
data.unity3d,369,TextAsset,Forehead113_c,,560,536 bytes
data.unity3d,370,TextAsset,Forehead056_c,,560,536 bytes
data.unity3d,371,TextAsset,Hair088_n,,6748,6728 bytes
data.unity3d,372,TextAsset,Hair103_n,,10060,10040 bytes
data.unity3d,373,TextAsset,Forehead126_c,,272,248 bytes
data.unity3d,374,TextAsset,Hair055_n,,8968,8948 bytes
data.unity3d,375,TextAsset,Forehead110_n,,272,248 bytes
data.unity3d,376,TextAsset,Hair082_n,,10216,10196 bytes
data.unity3d,377,TextAsset,Hair098_n,,9700,9680 bytes
data.unity3d,378,TextAsset,Hair053_c,,4924,4904 bytes
data.unity3d,379,TextAsset,Cap084_c,,1856,1840 bytes
data.unity3d,380,TextAsset,Forehead009_n,,384,360 bytes
data.unity3d,381,TextAsset,Forehead005_n,,568,544 bytes
data.unity3d,382,TextAsset,Hair118_c,,3628,3608 bytes
data.unity3d,383,TextAsset,Hair125_c,,5500,5480 bytes
data.unity3d,384,TextAsset,Hair091_c,,3196,3176 bytes
data.unity3d,385,TextAsset,Hair007_c,,5260,5240 bytes
data.unity3d,386,TextAsset,Hair072_n,,10828,10808 bytes
data.unity3d,387,TextAsset,Hair096_n,,9760,9740 bytes
data.unity3d,388,TextAsset,Hair022_c,,6436,6416 bytes
data.unity3d,389,TextAsset,Hair057_n,,1804,1784 bytes
data.unity3d,390,TextAsset,Forehead103_n,,512,488 bytes
data.unity3d,391,TextAsset,Forehead055_c,,648,624 bytes
data.unity3d,392,TextAsset,Hair105_n,,9376,9356 bytes
data.unity3d,393,TextAsset,Forehead104_c,,424,400 bytes
data.unity3d,394,TextAsset,Hair022_n,,9784,9764 bytes
data.unity3d,395,TextAsset,Forehead073_c,,720,696 bytes
data.unity3d,396,TextAsset,Hair065_n,,6076,6056 bytes
data.unity3d,397,TextAsset,Hair130_c,,6172,6152 bytes
data.unity3d,398,TextAsset,Forehead057_n,,384,360 bytes
data.unity3d,399,TextAsset,Forehead049_n,,736,712 bytes
data.unity3d,400,TextAsset,Forehead046_n,,240,216 bytes
data.unity3d,401,TextAsset,Forehead015_c,,472,448 bytes
data.unity3d,402,TextAsset,Forehead040_c,,560,536 bytes
data.unity3d,403,TextAsset,Forehead121_c,,208,184 bytes
data.unity3d,404,TextAsset,Forehead036_c,,824,800 bytes
data.unity3d,405,TextAsset,Forehead081_n,,372,348 bytes
data.unity3d,406,TextAsset,Forehead020_n,,752,728 bytes
data.unity3d,407,TextAsset,Forehead019_n,,296,272 bytes
data.unity3d,408,TextAsset,Forehead106_n,,536,512 bytes
data.unity3d,409,TextAsset,Hair111_n,,12220,12200 bytes
data.unity3d,410,TextAsset,Forehead070_n,,644,620 bytes
data.unity3d,411,TextAsset,Nline09,,200,184 bytes
data.unity3d,412,TextAsset,Faceline09,,5280,5260 bytes
data.unity3d,413,TextAsset,Hair093_n,,10252,10232 bytes
data.unity3d,414,TextAsset,Forehead057_c,,560,536 bytes
data.unity3d,415,TextAsset,Nose14,,928,912 bytes
data.unity3d,416,TextAsset,Hair060_c,,5284,5264 bytes
data.unity3d,417,TextAsset,Forehead070_c,,688,664 bytes
data.unity3d,418,TextAsset,Forehead061_c,,560,536 bytes
data.unity3d,419,TextAsset,Forehead026_c,,360,336 bytes
data.unity3d,420,TextAsset,Hair120_c,,5488,5468 bytes
data.unity3d,421,TextAsset,Forehead020_c,,576,552 bytes
data.unity3d,422,TextAsset,Forehead086_n,,868,844 bytes
data.unity3d,423,TextAsset,Hair123_c,,6748,6728 bytes
data.unity3d,424,TextAsset,Faceline07,,5000,4980 bytes
data.unity3d,425,TextAsset,ResourceConfig,,152,127 bytes
data.unity3d,426,TextAsset,Hair044_c,,3460,3440 bytes
data.unity3d,427,TextAsset,Hair114_c,,2332,2312 bytes
data.unity3d,428,TextAsset,Faceline04,,4872,4852 bytes
data.unity3d,429,TextAsset,Hair029_c,,4828,4808 bytes
data.unity3d,430,TextAsset,Hair127_n,,6724,6704 bytes
data.unity3d,431,TextAsset,Hair076_c,,3208,3188 bytes
data.unity3d,432,TextAsset,Nline11,,352,336 bytes
data.unity3d,433,TextAsset,Forehead103_c,,512,488 bytes
data.unity3d,434,TextAsset,Forehead093_c,,424,400 bytes
data.unity3d,435,TextAsset,Hair009_c,,4768,4748 bytes
data.unity3d,436,TextAsset,Hair080_c,,5884,5864 bytes
data.unity3d,437,TextAsset,Hair013_n,,8740,8720 bytes
data.unity3d,438,TextAsset,Hair052_c,,2980,2960 bytes
data.unity3d,439,TextAsset,Hair077_n,,10072,10052 bytes
data.unity3d,440,TextAsset,Nline14,,200,184 bytes
data.unity3d,441,TextAsset,Hair026_n,,11572,11552 bytes
data.unity3d,442,TextAsset,Hair011_n,,9352,9332 bytes
data.unity3d,443,TextAsset,Forehead109_n,,296,272 bytes
data.unity3d,444,TextAsset,Forehead082_n,,384,360 bytes
data.unity3d,445,TextAsset,Hair031_c,,2812,2792 bytes
data.unity3d,446,TextAsset,Hair104_n,,9844,9824 bytes
data.unity3d,447,TextAsset,Forehead067_c,,648,624 bytes
data.unity3d,448,TextAsset,Forehead098_c,,424,400 bytes
data.unity3d,449,TextAsset,Hair129_n,,11332,11312 bytes
data.unity3d,450,TextAsset,Forehead077_n,,480,456 bytes
data.unity3d,451,TextAsset,Forehead078_c,,296,272 bytes
data.unity3d,452,TextAsset,Forehead027_n,,600,576 bytes
data.unity3d,453,TextAsset,Forehead087_n,,468,444 bytes
data.unity3d,454,TextAsset,Hair094_c,,6124,6104 bytes
data.unity3d,455,TextAsset,Hair019_n,,10228,10208 bytes
data.unity3d,456,TextAsset,Hair046_c,,2968,2948 bytes
data.unity3d,457,TextAsset,Forehead108_c,,1016,992 bytes
data.unity3d,458,TextAsset,Hair055_c,,4372,4352 bytes
data.unity3d,459,TextAsset,Mask01,,4544,4528 bytes
data.unity3d,460,TextAsset,Hair103_c,,2140,2120 bytes
data.unity3d,461,TextAsset,Nline13,,200,184 bytes
data.unity3d,462,TextAsset,Forehead099_c,,560,536 bytes
data.unity3d,463,TextAsset,Hair046_n,,11188,11168 bytes
data.unity3d,464,TextAsset,Hair045_c,,1396,1376 bytes
data.unity3d,465,TextAsset,Hair060_n,,8884,8864 bytes
data.unity3d,466,TextAsset,Hair017_n,,11812,11792 bytes
data.unity3d,467,TextAsset,Forehead043_n,,728,704 bytes
data.unity3d,468,TextAsset,Beard03,,3620,3604 bytes
data.unity3d,469,TextAsset,Forehead031_n,,384,360 bytes
data.unity3d,470,TextAsset,Hair068_n,,5128,5108 bytes
data.unity3d,471,TextAsset,Forehead060_n,,296,272 bytes
data.unity3d,472,TextAsset,Faceline08,,4712,4692 bytes
data.unity3d,473,TextAsset,Cap126_n,,2240,2224 bytes
data.unity3d,474,TextAsset,Hair089_c,,5380,5360 bytes
data.unity3d,475,TextAsset,Forehead063_n,,252,228 bytes
data.unity3d,476,TextAsset,Hair015_c,,6412,6392 bytes
data.unity3d,477,TextAsset,Hair063_c,,5020,5000 bytes
data.unity3d,478,TextAsset,Hair066_n,,7816,7796 bytes
data.unity3d,479,TextAsset,Cap009_n,,1856,1840 bytes
data.unity3d,480,TextAsset,Hair131_n,,9772,9752 bytes
data.unity3d,481,TextAsset,Forehead122_c,,600,576 bytes
data.unity3d,482,TextAsset,Hair016_n,,8932,8912 bytes
data.unity3d,483,TextAsset,Hair025_n,,9820,9800 bytes
data.unity3d,484,TextAsset,Hair128_c,,7516,7496 bytes
data.unity3d,485,TextAsset,Hair108_c,,5524,5504 bytes
data.unity3d,486,TextAsset,Beard01,,760,744 bytes
data.unity3d,487,TextAsset,Hair100_n,,10204,10184 bytes
data.unity3d,488,TextAsset,Hair068_c,,3328,3308 bytes
data.unity3d,489,TextAsset,Hair106_n,,9100,9080 bytes
data.unity3d,490,TextAsset,Hair092_n,,10228,10208 bytes
data.unity3d,491,TextAsset,Hair087_c,,4672,4652 bytes
data.unity3d,492,TextAsset,Hair071_c,,6664,6644 bytes
data.unity3d,493,TextAsset,Hair085_n,,9916,9896 bytes
data.unity3d,494,TextAsset,Hair032_c,,5260,5240 bytes
data.unity3d,495,TextAsset,Hair107_n,,8092,8072 bytes
data.unity3d,496,TextAsset,Forehead066_n,,384,360 bytes
data.unity3d,497,TextAsset,Forehead081_c,,416,392 bytes
data.unity3d,498,TextAsset,Forehead083_n,,384,360 bytes
data.unity3d,499,TextAsset,Hair086_n,,7120,7100 bytes
data.unity3d,500,TextAsset,Forehead056_n,,560,536 bytes
data.unity3d,501,TextAsset,Forehead102_n,,208,184 bytes
data.unity3d,502,TextAsset,Forehead131_n,,384,360 bytes
data.unity3d,503,TextAsset,Forehead005_c,,524,500 bytes
data.unity3d,504,TextAsset,Nose08,,1140,1124 bytes
data.unity3d,505,TextAsset,Forehead001_n,,208,184 bytes
data.unity3d,506,TextAsset,Forehead029_c,,352,328 bytes
data.unity3d,507,TextAsset,Forehead089_c,,2168,2144 bytes
data.unity3d,508,TextAsset,Forehead076_n,,820,796 bytes
data.unity3d,509,TextAsset,Forehead108_n,,1016,992 bytes
data.unity3d,510,TextAsset,Hair074_c,,5644,5624 bytes
data.unity3d,511,TextAsset,Hair027_c,,8716,8696 bytes
data.unity3d,512,TextAsset,Hair081_c,,5008,4988 bytes
data.unity3d,513,TextAsset,Forehead029_n,,352,328 bytes
data.unity3d,514,TextAsset,Forehead094_n,,272,248 bytes
data.unity3d,515,TextAsset,Hair107_c,,3076,3056 bytes
data.unity3d,516,TextAsset,Hair028_n,,12016,11996 bytes
data.unity3d,517,TextAsset,Mask11,,5136,5120 bytes
data.unity3d,518,TextAsset,Hair035_c,,3508,3488 bytes
data.unity3d,519,TextAsset,Hair096_c,,5548,5528 bytes
data.unity3d,520,TextAsset,Forehead004_c,,272,248 bytes
data.unity3d,521,TextAsset,Hair079_c,,3700,3680 bytes
data.unity3d,522,TextAsset,Hair115_c,,2704,2684 bytes
data.unity3d,523,TextAsset,Nline03,,200,184 bytes
data.unity3d,524,TextAsset,Hair009_n,,9388,9368 bytes
data.unity3d,525,TextAsset,Hair050_c,,3580,3560 bytes
data.unity3d,526,TextAsset,Hair000_n,,9760,9740 bytes
data.unity3d,527,TextAsset,Hair123_n,,11260,11240 bytes
data.unity3d,528,TextAsset,Forehead008_c,,512,488 bytes
data.unity3d,529,TextAsset,Forehead041_n,,2312,2288 bytes
data.unity3d,530,TextAsset,Hair008_c,,6532,6512 bytes
data.unity3d,531,TextAsset,Forehead047_c,,560,536 bytes
data.unity3d,532,TextAsset,Forehead009_c,,384,360 bytes
data.unity3d,533,TextAsset,Mask05,,4544,4528 bytes
data.unity3d,534,TextAsset,Nline15,,200,184 bytes
data.unity3d,535,TextAsset,Forehead097_c,,760,736 bytes
data.unity3d,536,TextAsset,Forehead036_n,,824,800 bytes
data.unity3d,537,TextAsset,Hair113_n,,8620,8600 bytes
data.unity3d,538,TextAsset,Hair027_n,,12460,12440 bytes
data.unity3d,539,TextAsset,Forehead060_c,,688,664 bytes
data.unity3d,540,TextAsset,Hair099_n,,9028,9008 bytes
data.unity3d,541,TextAsset,Forehead085_n,,252,228 bytes
data.unity3d,542,TextAsset,Forehead083_c,,384,360 bytes
data.unity3d,543,TextAsset,Forehead129_c,,360,336 bytes
data.unity3d,544,TextAsset,Mask03,,4544,4528 bytes
data.unity3d,545,TextAsset,Forehead118_c,,824,800 bytes
data.unity3d,546,TextAsset,Hair064_c,,5968,5948 bytes
data.unity3d,547,TextAsset,Hair119_n,,7852,7832 bytes
data.unity3d,548,TextAsset,Hair017_c,,6700,6680 bytes
data.unity3d,549,TextAsset,Hair075_n,,8452,8432 bytes
data.unity3d,550,TextAsset,Hair121_c,,4432,4412 bytes
data.unity3d,551,TextAsset,Hair013_c,,4612,4592 bytes
data.unity3d,552,TextAsset,Forehead010_c,,384,360 bytes
data.unity3d,553,TextAsset,Hair116_n,,8788,8768 bytes
data.unity3d,554,TextAsset,Hair006_n,,10660,10640 bytes
data.unity3d,555,TextAsset,Forehead063_c,,252,228 bytes
data.unity3d,556,TextAsset,Forehead067_n,,648,624 bytes
data.unity3d,557,TextAsset,Hair117_c,,5692,5672 bytes
data.unity3d,558,TextAsset,Hair023_c,,1324,1304 bytes
data.unity3d,559,TextAsset,Hair070_c,,4168,4148 bytes
data.unity3d,560,TextAsset,Forehead091_n,,272,248 bytes
data.unity3d,561,TextAsset,Hair033_c,,3148,3128 bytes
data.unity3d,562,TextAsset,Hair005_n,,13060,13040 bytes
data.unity3d,563,TextAsset,Cap084_n,,1856,1840 bytes
data.unity3d,564,TextAsset,Nline04,,200,184 bytes
data.unity3d,565,TextAsset,Hair114_n,,10684,10664 bytes
data.unity3d,566,TextAsset,Hair109_n,,11728,11708 bytes
data.unity3d,567,TextAsset,Forehead016_c,,372,348 bytes
data.unity3d,568,TextAsset,Hair057_c,,1732,1712 bytes
data.unity3d,569,TextAsset,Forehead078_n,,296,272 bytes
data.unity3d,570,TextAsset,Hair072_c,,6916,6896 bytes
data.unity3d,571,TextAsset,Faceline11,,4704,4684 bytes
data.unity3d,572,TextAsset,Forehead025_n,,776,752 bytes
data.unity3d,573,TextAsset,Hair053_n,,9364,9344 bytes
data.unity3d,574,TextAsset,Forehead021_c,,472,448 bytes
data.unity3d,575,TextAsset,BillingMode,,52,29 bytes
data.unity3d,576,TextAsset,Nline08,,200,184 bytes
data.unity3d,577,TextAsset,Forehead104_n,,512,488 bytes
data.unity3d,578,TextAsset,Hair061_n,,10732,10712 bytes
data.unity3d,579,TextAsset,Hair088_c,,2188,2168 bytes
data.unity3d,580,TextAsset,Hair077_c,,4228,4208 bytes
data.unity3d,581,TextAsset,Hair083_c,,6316,6296 bytes
data.unity3d,582,TextAsset,Forehead117_c,,560,536 bytes
data.unity3d,583,TextAsset,Faceline00,,4992,4972 bytes
data.unity3d,584,TextAsset,Forehead084_n,,512,488 bytes
data.unity3d,585,TextAsset,Forehead102_c,,164,140 bytes
data.unity3d,586,TextAsset,Forehead105_c,,468,444 bytes
data.unity3d,587,TextAsset,Forehead088_n,,1584,1560 bytes
data.unity3d,588,TextAsset,Hair039_n,,7120,7100 bytes
data.unity3d,589,TextAsset,Forehead028_n,,384,360 bytes
data.unity3d,590,TextAsset,Forehead092_n,,272,248 bytes
data.unity3d,591,TextAsset,Hair110_n,,11920,11900 bytes
data.unity3d,592,TextAsset,Forehead048_n,,296,272 bytes
data.unity3d,593,TextAsset,Forehead044_n,,424,400 bytes
data.unity3d,594,TextAsset,Hair119_c,,4396,4376 bytes
data.unity3d,595,TextAsset,Hair020_n,,10360,10340 bytes
data.unity3d,596,TextAsset,Forehead090_n,,272,248 bytes
data.unity3d,597,TextAsset,Hair059_n,,7300,7280 bytes
data.unity3d,598,TextAsset,Forehead000_c,,644,620 bytes
data.unity3d,599,TextAsset,Hair090_n,,9760,9740 bytes
data.unity3d,600,TextAsset,Forehead101_c,,208,184 bytes
data.unity3d,601,TextAsset,Hair067_c,,2884,2864 bytes
data.unity3d,602,TextAsset,Cap097_c,,1856,1840 bytes
data.unity3d,603,TextAsset,Nose11,,1128,1112 bytes
data.unity3d,604,TextAsset,Hair014_n,,11092,11072 bytes
data.unity3d,605,TextAsset,Hair069_n,,10252,10232 bytes
data.unity3d,606,TextAsset,Forehead114_c,,648,624 bytes
data.unity3d,607,TextAsset,Forehead041_c,,560,536 bytes
data.unity3d,608,TextAsset,Faceline03,,6184,6164 bytes
data.unity3d,609,TextAsset,Mask02,,4544,4528 bytes
data.unity3d,610,TextAsset,Forehead062_n,,284,260 bytes
data.unity3d,611,TextAsset,Forehead051_n,,560,536 bytes
data.unity3d,612,TextAsset,Forehead002_n,,384,360 bytes
data.unity3d,613,TextAsset,Hair070_n,,7552,7532 bytes
data.unity3d,614,TextAsset,Forehead012_n,,316,292 bytes
data.unity3d,615,TextAsset,Hair101_c,,6124,6104 bytes
data.unity3d,616,TextAsset,Hair021_n,,8596,8576 bytes
data.unity3d,617,TextAsset,Forehead080_c,,2168,2144 bytes
data.unity3d,618,TextAsset,Hair058_c,,4588,4568 bytes
data.unity3d,619,TextAsset,Forehead003_c,,712,688 bytes
data.unity3d,620,TextAsset,Cap077_n,,1724,1708 bytes
data.unity3d,621,TextAsset,Forehead050_c,,208,184 bytes
data.unity3d,622,TextAsset,Hair042_n,,13228,13208 bytes
data.unity3d,623,TextAsset,Mask08,,4544,4528 bytes
data.unity3d,624,TextAsset,Forehead064_c,,472,448 bytes
data.unity3d,625,TextAsset,Forehead012_c,,316,292 bytes
data.unity3d,626,TextAsset,Hair024_n,,11212,11192 bytes
data.unity3d,627,TextAsset,Hair049_n,,7276,7256 bytes
data.unity3d,628,TextAsset,Hair004_n,,8524,8504 bytes
data.unity3d,629,TextAsset,Hair031_n,,5116,5096 bytes
data.unity3d,630,TextAsset,Forehead097_n,,760,736 bytes
data.unity3d,631,TextAsset,Forehead058_n,,440,416 bytes
data.unity3d,632,TextAsset,Hair047_n,,7060,7040 bytes
data.unity3d,633,TextAsset,Forehead007_c,,384,360 bytes
data.unity3d,634,TextAsset,Forehead110_c,,272,248 bytes
data.unity3d,635,TextAsset,Forehead099_n,,296,272 bytes
data.unity3d,636,TextAsset,Hair109_c,,2848,2828 bytes
data.unity3d,637,TextAsset,Hair074_n,,9100,9080 bytes
data.unity3d,638,TextAsset,Forehead092_c,,272,248 bytes
data.unity3d,639,TextAsset,Hair018_n,,9412,9392 bytes
data.unity3d,640,TextAsset,Hair024_c,,7384,7364 bytes
data.unity3d,641,TextAsset,Hair090_c,,5392,5372 bytes
data.unity3d,642,TextAsset,Glass00,,288,272 bytes
data.unity3d,643,TextAsset,Forehead071_c,,208,184 bytes
data.unity3d,644,TextAsset,Forehead055_n,,604,580 bytes
data.unity3d,645,TextAsset,Hair073_c,,4924,4904 bytes
data.unity3d,646,TextAsset,Forehead031_c,,384,360 bytes
data.unity3d,647,TextAsset,Nose16,,1476,1460 bytes
data.unity3d,648,TextAsset,Hair049_c,,2236,2216 bytes
data.unity3d,649,TextAsset,Forehead026_n,,360,336 bytes
data.unity3d,650,TextAsset,Forehead000_n,,644,620 bytes
data.unity3d,651,TextAsset,Forehead023_n,,1440,1416 bytes
data.unity3d,652,TextAsset,Forehead111_c,,272,248 bytes
data.unity3d,653,TextAsset,Hair010_n,,7780,7760 bytes
data.unity3d,654,TextAsset,Cap114_n,,3296,3280 bytes
data.unity3d,655,TextAsset,Nose12,,1040,1024 bytes
data.unity3d,656,TextAsset,Nline06,,200,184 bytes
data.unity3d,657,TextAsset,Hair062_n,,7036,7016 bytes
data.unity3d,658,TextAsset,Hair038_n,,6868,6848 bytes
data.unity3d,659,TextAsset,Hair076_n,,5584,5564 bytes
data.unity3d,660,TextAsset,Hair035_n,,8332,8312 bytes
data.unity3d,661,TextAsset,Beard02,,1984,1968 bytes
data.unity3d,662,TextAsset,Forehead061_n,,560,536 bytes
data.unity3d,663,TextAsset,Forehead127_c,,728,704 bytes
data.unity3d,664,TextAsset,Cap034_n,,8720,8704 bytes
data.unity3d,665,TextAsset,Hair004_c,,4828,4808 bytes
data.unity3d,666,TextAsset,Forehead124_n,,272,248 bytes
data.unity3d,667,TextAsset,Hair051_c,,2428,2408 bytes
data.unity3d,668,TextAsset,Forehead001_c,,208,184 bytes
data.unity3d,669,TextAsset,Nose15,,1184,1168 bytes
data.unity3d,670,TextAsset,Forehead054_n,,560,536 bytes
data.unity3d,671,TextAsset,Forehead011_n,,600,576 bytes
data.unity3d,672,TextAsset,Forehead096_c,,252,228 bytes
data.unity3d,673,TextAsset,Nline16,,200,184 bytes
data.unity3d,674,TextAsset,Forehead122_n,,600,576 bytes
data.unity3d,675,TextAsset,Nose04,,1084,1068 bytes
data.unity3d,676,TextAsset,Forehead095_n,,296,272 bytes
data.unity3d,677,TextAsset,Forehead035_c,,776,752 bytes
data.unity3d,678,TextAsset,Forehead052_c,,480,456 bytes
data.unity3d,679,TextAsset,Forehead053_n,,1016,992 bytes
data.unity3d,680,TextAsset,Forehead098_n,,468,444 bytes
data.unity3d,681,TextAsset,Nose13,,1140,1124 bytes
data.unity3d,682,TextAsset,Hair099_c,,4924,4904 bytes
data.unity3d,683,TextAsset,Hair051_n,,7804,7784 bytes
data.unity3d,684,TextAsset,Forehead109_c,,296,272 bytes
data.unity3d,685,TextAsset,Hair048_n,,6676,6656 bytes
data.unity3d,686,TextAsset,Forehead024_c,,712,688 bytes
data.unity3d,687,TextAsset,Forehead075_n,,240,216 bytes
data.unity3d,688,TextAsset,Forehead011_c,,600,576 bytes
data.unity3d,689,TextAsset,Hair102_c,,6484,6464 bytes
data.unity3d,690,TextAsset,Forehead030_c,,2136,2112 bytes
data.unity3d,691,TextAsset,Forehead022_n,,296,272 bytes
data.unity3d,692,TextAsset,Hair097_c,,3280,3260 bytes
data.unity3d,693,TextAsset,Forehead084_c,,512,488 bytes
data.unity3d,694,TextAsset,Forehead043_c,,560,536 bytes
data.unity3d,695,TextAsset,Forehead077_c,,480,456 bytes
data.unity3d,696,TextAsset,Faceline10,,3896,3876 bytes
data.unity3d,697,TextAsset,Forehead030_n,,3528,3504 bytes
data.unity3d,698,TextAsset,Forehead017_n,,208,184 bytes
data.unity3d,699,TextAsset,Forehead128_c,,252,228 bytes
data.unity3d,700,TextAsset,Forehead127_n,,728,704 bytes
data.unity3d,701,TextAsset,Forehead042_c,,384,360 bytes
data.unity3d,702,TextAsset,Hair058_n,,8836,8816 bytes
data.unity3d,703,TextAsset,Hair012_c,,4984,4964 bytes
data.unity3d,704,TextAsset,Forehead123_n,,164,140 bytes
data.unity3d,705,TextAsset,Hair020_c,,5404,5384 bytes
data.unity3d,706,TextAsset,Hair101_n,,9724,9704 bytes
data.unity3d,707,TextAsset,Forehead028_c,,384,360 bytes
data.unity3d,708,TextAsset,Nline01,,200,184 bytes
data.unity3d,709,TextAsset,Nline02,,200,184 bytes
data.unity3d,710,TextAsset,Hair122_n,,9604,9584 bytes
data.unity3d,711,TextAsset,Forehead072_c,,360,336 bytes
data.unity3d,712,TextAsset,Nline17,,504,488 bytes
data.unity3d,713,TextAsset,Forehead082_c,,384,360 bytes
data.unity3d,714,TextAsset,Nose07,,1688,1672 bytes
data.unity3d,715,TextAsset,Mask06,,4544,4528 bytes
data.unity3d,716,TextAsset,Forehead069_c,,624,600 bytes
data.unity3d,717,TextAsset,Hair086_c,,2896,2876 bytes
data.unity3d,718,TextAsset,Forehead129_n,,360,336 bytes
data.unity3d,719,TextAsset,Hair016_c,,4996,4976 bytes
data.unity3d,720,TextAsset,Hair084_n,,10924,10904 bytes
data.unity3d,721,TextAsset,Hair054_n,,9268,9248 bytes
data.unity3d,722,TextAsset,Forehead114_n,,648,624 bytes
data.unity3d,723,TextAsset,Nline05,,200,184 bytes
data.unity3d,724,TextAsset,Forehead075_c,,240,216 bytes
data.unity3d,725,TextAsset,Forehead116_n,,296,272 bytes
data.unity3d,726,TextAsset,Hair052_n,,6700,6680 bytes
data.unity3d,727,TextAsset,Hair069_c,,6472,6452 bytes
data.unity3d,728,TextAsset,Forehead064_n,,240,216 bytes
data.unity3d,729,TextAsset,Hair036_n,,6748,6728 bytes
data.unity3d,730,TextAsset,Hair093_c,,5704,5684 bytes
data.unity3d,731,TextAsset,Forehead003_n,,712,688 bytes
data.unity3d,732,TextAsset,Forehead087_c,,468,444 bytes
data.unity3d,733,TextAsset,Mask10,,5136,5120 bytes
data.unity3d,734,TextAsset,Forehead014_n,,164,140 bytes
data.unity3d,735,TextAsset,Hair043_c,,1804,1784 bytes
data.unity3d,736,TextAsset,Hair015_n,,9532,9512 bytes
data.unity3d,737,TextAsset,Forehead050_n,,208,184 bytes
data.unity3d,738,TextAsset,Forehead094_c,,272,248 bytes
data.unity3d,739,TextAsset,Hair097_n,,7672,7652 bytes
data.unity3d,740,TextAsset,Hair025_c,,5860,5840 bytes
data.unity3d,741,TextAsset,Forehead069_n,,624,600 bytes
data.unity3d,742,TextAsset,Forehead121_n,,208,184 bytes
data.unity3d,743,TextAsset,Mask07,,4544,4528 bytes
data.unity3d,744,TextAsset,Hair095_n,,9724,9704 bytes
data.unity3d,745,TextAsset,Hair011_c,,4840,4820 bytes
data.unity3d,746,TextAsset,Hair061_c,,3844,3824 bytes
data.unity3d,747,TextAsset,Hair008_n,,9556,9536 bytes
data.unity3d,748,TextAsset,Forehead117_n,,648,624 bytes
data.unity3d,749,TextAsset,Forehead039_c,,472,448 bytes
data.unity3d,750,TextAsset,Mask04,,4544,4528 bytes
data.unity3d,751,TextAsset,Hair081_n,,8668,8648 bytes
data.unity3d,752,TextAsset,Forehead018_c,,560,536 bytes
data.unity3d,753,TextAsset,Forehead066_c,,472,448 bytes
data.unity3d,754,TextAsset,Forehead065_c,,800,776 bytes
data.unity3d,755,TextAsset,Hair056_n,,3820,3800 bytes
data.unity3d,756,TextAsset,Cap097_n,,1856,1840 bytes
data.unity3d,757,TextAsset,Hair128_n,,11416,11396 bytes
data.unity3d,758,TextAsset,Hair066_c,,4348,4328 bytes
data.unity3d,759,TextAsset,Forehead089_n,,2168,2144 bytes
data.unity3d,760,TextAsset,Forehead002_c,,384,360 bytes
data.unity3d,761,TextAsset,Forehead044_c,,424,400 bytes
data.unity3d,762,TextAsset,Hair127_c,,1156,1136 bytes
data.unity3d,763,TextAsset,Forehead052_n,,296,272 bytes
data.unity3d,764,TextAsset,Forehead027_c,,512,488 bytes
data.unity3d,765,TextAsset,Nose01,,1184,1168 bytes
data.unity3d,766,TextAsset,Forehead046_c,,328,304 bytes
data.unity3d,767,TextAsset,Forehead116_c,,296,272 bytes
data.unity3d,768,TextAsset,Hair005_c,,6484,6464 bytes
data.unity3d,769,TextAsset,Hair067_n,,7756,7736 bytes
data.unity3d,770,TextAsset,Forehead032_c,,1192,1168 bytes
data.unity3d,771,TextAsset,Hair014_c,,6364,6344 bytes
data.unity3d,772,TextAsset,Hair124_n,,10252,10232 bytes
data.unity3d,773,TextAsset,Cap057_n,,7608,7592 bytes
data.unity3d,774,TextAsset,Forehead004_n,,272,248 bytes
data.unity3d,775,TextAsset,Hair083_n,,7132,7112 bytes
data.unity3d,776,TextAsset,Forehead071_n,,208,184 bytes
data.unity3d,777,TextAsset,Hair115_n,,4216,4196 bytes
data.unity3d,778,TextAsset,Hair033_n,,7324,7304 bytes
data.unity3d,779,TextAsset,Hair091_n,,12484,12464 bytes
data.unity3d,780,TextAsset,Forehead068_c,,780,756 bytes
data.unity3d,781,TextAsset,Forehead118_n,,824,800 bytes
data.unity3d,782,TextAsset,Faceline06,,4992,4972 bytes
data.unity3d,783,TextAsset,Forehead042_n,,384,360 bytes
data.unity3d,784,TextAsset,Nline07,,200,184 bytes
data.unity3d,785,TextAsset,Forehead076_c,,604,580 bytes
data.unity3d,786,TextAsset,Hair065_c,,2212,2192 bytes
data.unity3d,787,TextAsset,Hair050_n,,7276,7256 bytes
data.unity3d,788,TextAsset,Forehead088_c,,800,776 bytes
data.unity3d,789,TextAsset,Hair120_n,,9688,9668 bytes
data.unity3d,790,TextAsset,Nline10,,200,184 bytes
data.unity3d,791,TextAsset,Forehead105_n,,468,444 bytes
data.unity3d,792,TextAsset,Hair102_n,,11308,11288 bytes
data.unity3d,793,TextAsset,Hair094_n,,12292,12272 bytes
data.unity3d,794,TextAsset,Hair012_n,,9052,9032 bytes
data.unity3d,795,TextAsset,Forehead106_c,,668,644 bytes
data.unity3d,796,TextAsset,Faceline05,,5344,5324 bytes
data.unity3d,797,TextAsset,Nline12,,200,184 bytes
data.unity3d,798,TextAsset,Nose03,,1140,1124 bytes
data.unity3d,799,TextAsset,Forehead095_c,,296,272 bytes
data.unity3d,800,MonoBehaviour,,,364,<read error: ValueError>
data.unity3d,801,MonoBehaviour,Android,,40,
data.unity3d,802,MonoBehaviour,Windows,,40,
data.unity3d,803,MonoBehaviour,iOS,,36,
unity default resources,17,Shader,Hidden/InternalErrorShader,,18608,
unity default resources,68,Shader,Hidden/InternalClear,,29416,
unity default resources,69,Shader,Hidden/Internal-Colored,,9140,
unity default resources,70,Shader,Hidden/Internal-Loading,,8684,
unity default resources,300,ComputeShader,Internal-Skinning,,293140,
unity default resources,301,ComputeShader,Internal-BlendShape,,28680,
unity default resources,400,ComputeShader,Internal-VT-TranslationTableReplace,,4948,
unity default resources,401,ComputeShader,Internal-VT-TranslationTableUpsample,,249076,
unity default resources,600,ComputeShader,Internal-CreateFoveatedShadingRateTextureArray,,6496,
unity default resources,601,ComputeShader,Internal-CreateFoveatedShadingRateTextureNoArray,,8740,
unity default resources,10001,Texture2D,Soft,,21968,128x128 fmt=1
unity default resources,10100,Material,Font Material,,148,
unity default resources,10101,Shader,GUI/Text Shader,,9724,
unity default resources,10102,Font,LegacyRuntime,,51102,
unity default resources,10103,Texture2D,Font Texture,,128,0x0 fmt=4
unity default resources,10200,Mesh,pSphere1,,26040,
unity default resources,10202,Mesh,Cube,,1820,
unity default resources,10203,Mesh,pCylinder1,,6844,
unity default resources,10204,Mesh,pPlane1,,7416,
unity default resources,10205,Mesh,polySurface2,,24112,
unity default resources,10206,Mesh,Cylinder,,5816,
unity default resources,10207,Mesh,Sphere,,33856,
unity default resources,10208,Mesh,Capsule,,36200,
unity default resources,10209,Mesh,Plane,,7416,
unity default resources,10210,Mesh,Quad,,608,
unity default resources,10211,Mesh,Icosphere,,1900,
unity default resources,10212,Mesh,icosahedron,,820,
unity default resources,10213,Mesh,pyramid,,564,
unity default resources,10400,Texture2D,UnityWatermark-small,,29832,128x58 fmt=4
unity default resources,10401,Texture2D,EscToExit_back,,21148,74x71 fmt=4
unity default resources,10402,Texture2D,EscToExit_Text,,10812,267x20 fmt=13
unity default resources,10406,Texture2D,UnityWatermark-trial-big,,96396,512x94 fmt=13
unity default resources,10407,Texture2D,UnityWatermark-trial,,2264,76x14 fmt=13
unity default resources,10408,Texture2D,UnityWatermark-beta,,4456,127x17 fmt=13
unity default resources,10409,Texture2D,UnityWatermark-edu,,5168,148x17 fmt=13
unity default resources,10410,Texture2D,UnityWatermark-dev,,4048,115x17 fmt=13
unity default resources,10411,Texture2D,WarningSign,,8320,64x64 fmt=13
unity default resources,10413,Texture2D,UnityWatermark-proto,,2400,87x13 fmt=13
unity default resources,10414,Texture2D,UnityWatermarkPlugin-beta,,2388,66x17 fmt=13
unity default resources,10755,Shader,Hidden/FrameDebuggerRenderTargetDisplay,,14236,
unity default resources,10756,Material,FrameDebuggerRenderTargetDisplay,,136,
unity default resources,11000,MonoBehaviour,,,8488,<read error: ValueError>
unity default resources,11001,Texture2D,box,,408,12x12 fmt=13
unity default resources,11002,Texture2D,button active,,708,12x12 fmt=4
unity default resources,11003,Texture2D,button hover,,416,12x12 fmt=13
unity default resources,11004,Texture2D,button on hover,,420,12x12 fmt=13
unity default resources,11005,Texture2D,button on,,416,12x12 fmt=13
unity default resources,11006,Texture2D,button,,412,12x12 fmt=13
unity default resources,11007,Texture2D,horizontal scrollbar thumb,,432,12x12 fmt=13
unity default resources,11008,Texture2D,horizontal scrollbar,,676,18x15 fmt=13
unity default resources,11009,Texture2D,horizontalslider,,244,8x7 fmt=13
unity default resources,11010,Texture2D,slider thumb active,,328,8x12 fmt=13
unity default resources,11011,Texture2D,slider thumb,,320,8x12 fmt=13
unity default resources,11012,Texture2D,slidert humb hover,,328,8x12 fmt=13
unity default resources,11013,Texture2D,toggle active,,524,14x14 fmt=13
unity default resources,11014,Texture2D,toggle hover,,520,14x14 fmt=13
unity default resources,11015,Texture2D,toggle on hover,,524,14x14 fmt=13
unity default resources,11016,Texture2D,toggle on,,520,14x14 fmt=13
unity default resources,11017,Texture2D,toggle on active,,524,14x14 fmt=13
unity default resources,11018,Texture2D,toggle,,516,14x14 fmt=13
unity default resources,11019,Texture2D,vertical scrollbar thumb,,428,12x12 fmt=13
unity default resources,11020,Texture2D,vertical scrollbar,,676,15x18 fmt=13
unity default resources,11021,Texture2D,verticalslider,,244,7x8 fmt=13
unity default resources,11022,Texture2D,window on,,1048,17x27 fmt=13
unity default resources,11023,Texture2D,window,,1044,17x27 fmt=13
unity default resources,11024,Texture2D,textfield,,416,12x12 fmt=13
unity default resources,11025,Texture2D,textfield on,,416,12x12 fmt=13
unity default resources,11026,Texture2D,textfield hover,,420,12x12 fmt=13
unity default resources,11993,MonoScript,TemplateAsset,,104,
unity default resources,11995,MonoScript,VisualTreeAsset,,104,
unity default resources,11998,MonoScript,StyleSheet,,96,
unity default resources,12001,MonoScript,GUISkin,,76,
unity default resources,13312,MonoScript,Tile,,76,
unity default resources,13313,MonoScript,TileBase,,84,
unity default resources,15000,Texture2D,UnitySplash-HolographicTrackingLoss,,664,32x32 fmt=34
unity default resources,19000,MonoScript,TextSettings,,100,
unity default resources,19001,MonoScript,FontAsset,,100,
unity default resources,19002,MonoScript,SpriteAsset,,100,
unity default resources,19003,MonoScript,TextColorGradient,,116,
unity default resources,19004,MonoScript,TextStyleSheet,,108,
unity default resources,19100,MonoScript,VectorImage,,96,
unity default resources,19101,MonoScript,PanelSettings,,104,
unity default resources,19102,MonoScript,UIDocument,,96,
unity default resources,19103,MonoScript,PanelTextSettings,,112,
unity default resources,19202,MonoScript,ThemeStyleSheet,,104,
